<?xml version="1.0" standalone="yes"?>
<Configuration>
  <SimulatorControl xmlns="SimulatorControl">
    <OurHostAddress>LocalHost</OurHostAddress>
    <ApplicationName>MtsSit</ApplicationName>
    <Area>MTSSIT</Area>
    <localRgwArea>MTSSIT</localRgwArea>
    <receiverRgwArea>MTSSIT</receiverRgwArea>
    <compareRgwArea>MTSSIT</compareRgwArea>
    <remoteRgwArea>MTSSIT</remoteRgwArea>
    <RgwRepository>MTSSIT</RgwRepository>
    <SimVersion>5.0</SimVersion>
    <MTSHostName>MtsSit</MTSHostName>
    <Debug>N</Debug>
    <RootDir>d:\Simulator\MTSSIT\</RootDir>
    <RemoteArea />
    <RemoteMTSHostName>LocalHost</RemoteMTSHostName>
    <ChpAba>0160</ChpAba>
    <FedAba>053101121</FedAba>
    <SwfTid />
    <SwfVersion>V1</SwfVersion>
  </SimulatorControl>
  <Banks xmlns="Banks">
     <Bank>102</Bank>
  </Banks>
  <Banks xmlns="Banks">
     <Bank>202</Bank>
  </Banks>
  <Banks xmlns="Banks">
     <Bank>302</Bank>
  </Banks>
  <Banks xmlns="Banks">
    <Bank>*</Bank>
  </Banks>
  <EntrySources xmlns="EntrySources">
     <Source>LTR</Source>
  </EntrySources>
  <EntrySources xmlns="EntrySources">
     <Source>PHN</Source>
  </EntrySources>
  <Lines xmlns="Lines">
      <Bank>102</Bank>
          <LineLog>ACT1_RCV</LineLog>
          <Source>IS2</Source>
          <opFileName>is2</opFileName>
          <DefaultLine />
          <Type>IS2</Type>
          <MsgPerTrn>10</MsgPerTrn>
          <Desc>ACT1 Send</Desc>
          <SndRcv>S</SndRcv>
          <Port>0</Port>
          <IntPort>0</IntPort>
          <outputMQName>IMTS1DEV.QUEUE.RCV</outputMQName>
          <outputMQName1 />
          <inputMQName />
          <MQMGRName>MTSSIT02</MQMGRName>
          <Mode>MQ</Mode>
          <SwfTid />
          <P1 />
          <AckRuleTableName />
          <ReleaseAckQue />
          <TimeDelay>0</TimeDelay>
  </Lines>
  <Lines xmlns="Lines">
      <Bank>102</Bank>
          <LineLog>ACT1_SND</LineLog>
          <Source>IS2</Source>
          <opFileName />
          <DefaultLine />
          <Type>IS2</Type>
          <MsgPerTrn>10</MsgPerTrn>
          <Desc>ACT1 Receive</Desc>
          <SndRcv>R</SndRcv>
          <Port>0</Port>
          <IntPort>0</IntPort>
          <outputMQName />
          <outputMQName1 />
          <inputMQName>MTS_TIBCO_OFAC</inputMQName>
          <MQMGRName>MTSSIT02</MQMGRName>
          <Mode>MQ</Mode>
          <SwfTid />
          <P1 />
          <AckRuleTableName />
          <ReleaseAckQue />
          <TimeDelay>0</TimeDelay>
  </Lines>
  <Lines xmlns="Lines">
      <Bank>102</Bank>
          <LineLog>ECM_IN</LineLog>
          <Source>ISI</Source>
          <opFileName>isi</opFileName>
          <DefaultLine />
          <Type>ISI</Type>
          <MsgPerTrn>10</MsgPerTrn>
          <Desc>ECM Send</Desc>
          <SndRcv>S</SndRcv>
          <Port>0</Port>
          <IntPort>0</IntPort>
          <outputMQName>FTM_ECM_RCV</outputMQName>
          <outputMQName1 />
          <inputMQName />
          <MQMGRName>MTSSIT01</MQMGRName>
          <Mode>MQ</Mode>
          <SwfTid />
          <P1 />
          <AckRuleTableName />
          <ReleaseAckQue />
          <TimeDelay>0</TimeDelay>
  </Lines>
  <Lines xmlns="Lines">
      <Bank>102</Bank>
          <LineLog>ECMS_OUT</LineLog>
          <Source>ISI</Source>
          <opFileName />
          <DefaultLine />
          <Type>ISI</Type>
          <MsgPerTrn>10</MsgPerTrn>
          <Desc>ECMS Receive</Desc>
          <SndRcv>R</SndRcv>
          <Port>0</Port>
          <IntPort>0</IntPort>
          <outputMQName />
          <outputMQName1 />
          <inputMQName />
          <MQMGRName />
          <Mode>IP</Mode>
          <SwfTid />
          <P1 />
          <AckRuleTableName />
          <ReleaseAckQue />
          <TimeDelay>0</TimeDelay>
  </Lines>
  <Lines xmlns="Lines">
      <Bank>102</Bank>
          <LineLog>SBOS_IN</LineLog>
          <Source>ISI</Source>
          <opFileName>isi</opFileName>
          <DefaultLine />
          <Type>ISI</Type>
          <MsgPerTrn>10</MsgPerTrn>
          <Desc>SBOS Send</Desc>
          <SndRcv>S</SndRcv>
          <Port>0</Port>
          <IntPort>0</IntPort>
          <outputMQName>SBO_RCV</outputMQName>
          <outputMQName1 />
          <inputMQName />
          <MQMGRName>MTSSIT02</MQMGRName>
          <Mode>MQ</Mode>
          <SwfTid />
          <P1 />
          <AckRuleTableName />
          <ReleaseAckQue />
          <TimeDelay>0</TimeDelay>
  </Lines>
  <Lines xmlns="Lines">
      <Bank>102</Bank>
          <LineLog>SBOS_OUT</LineLog>
          <Source>ISI</Source>
          <opFileName />
          <DefaultLine />
          <Type>ISI</Type>
          <MsgPerTrn>10</MsgPerTrn>
          <Desc>SBOS Receive</Desc>
          <SndRcv>R</SndRcv>
          <Port>0</Port>
          <IntPort>0</IntPort>
          <outputMQName />
          <outputMQName1 />
          <inputMQName>SBO_ACK_REMOTE</inputMQName>
          <MQMGRName>MTSSIT02</MQMGRName>
          <Mode>MQ</Mode>
          <SwfTid />
          <P1 />
          <AckRuleTableName />
          <ReleaseAckQue />
          <TimeDelay>0</TimeDelay>
  </Lines>
  <Lines xmlns="Lines">
      <Bank>102</Bank>
          <LineLog>COBS_OUT</LineLog>
          <Source>ISI</Source>
          <opFileName />
          <DefaultLine />
          <Type>ISI</Type>
          <MsgPerTrn>10</MsgPerTrn>
          <Desc>COBS Receive</Desc>
          <SndRcv>R</SndRcv>
          <Port>0</Port>
          <IntPort>0</IntPort>
          <outputMQName />
          <outputMQName1 />
          <inputMQName>ISI.RCV.COB_IN.ACK.OUT</inputMQName>
          <MQMGRName>MTSSIT02</MQMGRName>
          <Mode>MQ</Mode>
          <SwfTid />
          <P1 />
          <AckRuleTableName />
          <ReleaseAckQue />
          <TimeDelay>0</TimeDelay>
  </Lines>
  <Lines xmlns="Lines">
      <Bank>102</Bank>
          <LineLog>WEB_OUT</LineLog>
          <Source>ISI</Source>
          <opFileName />
          <DefaultLine />
          <Type>ISI</Type>
          <MsgPerTrn>10</MsgPerTrn>
          <Desc>WEB Receive</Desc>
          <SndRcv>R</SndRcv>
          <Port>0</Port>
          <IntPort>0</IntPort>
          <outputMQName />
          <outputMQName1 />
          <inputMQName />
          <MQMGRName />
          <Mode>IP</Mode>
          <SwfTid />
          <P1 />
          <AckRuleTableName />
          <ReleaseAckQue />
          <TimeDelay>0</TimeDelay>
  </Lines>
  <Lines xmlns="Lines">
      <Bank>102</Bank>
          <LineLog>BWI_IN</LineLog>
          <Source>ISI</Source>
          <opFileName>isi</opFileName>
          <DefaultLine />
          <Type>ISI</Type>
          <MsgPerTrn>10</MsgPerTrn>
          <Desc>BWI Send</Desc>
          <SndRcv>S</SndRcv>
          <Port>0</Port>
          <IntPort>0</IntPort>
          <outputMQName>BWT_RCV</outputMQName>
          <outputMQName1 />
          <inputMQName />
          <MQMGRName>MTSSIT02</MQMGRName>
          <Mode>MQ</Mode>
          <SwfTid />
          <P1 />
          <AckRuleTableName />
          <ReleaseAckQue />
          <TimeDelay>0</TimeDelay>
  </Lines>
  <Lines xmlns="Lines">
      <Bank>102</Bank>
          <LineLog>BWI_OUT</LineLog>
          <Source>ISI</Source>
          <opFileName />
          <DefaultLine />
          <Type>ISI</Type>
          <MsgPerTrn>10</MsgPerTrn>
          <Desc>BWI Receive</Desc>
          <SndRcv>R</SndRcv>
          <Port>0</Port>
          <IntPort>0</IntPort>
          <outputMQName />
          <outputMQName1 />
          <inputMQName>ISI_RCV_BWT_IN_ACK_OUT</inputMQName>
          <MQMGRName>MTSSIT02</MQMGRName>
          <Mode>MQ</Mode>
          <SwfTid />
          <P1 />
          <AckRuleTableName />
          <ReleaseAckQue />
          <TimeDelay>0</TimeDelay>
  </Lines>
  <Lines xmlns="Lines">
      <Bank>102</Bank>
          <LineLog>LOB_IN</LineLog>
          <Source>ISI</Source>
          <opFileName>isi</opFileName>
          <DefaultLine />
          <Type>ISI</Type>
          <MsgPerTrn>10</MsgPerTrn>
          <Desc>LOB Send</Desc>
          <SndRcv>S</SndRcv>
          <Port>0</Port>
          <IntPort>0</IntPort>
          <outputMQName>LOT_RCV</outputMQName>
          <outputMQName1 />
          <inputMQName />
          <MQMGRName>MTSSIT02</MQMGRName>
          <Mode>MQ</Mode>
          <SwfTid />
          <P1 />
          <AckRuleTableName />
          <ReleaseAckQue />
          <TimeDelay>0</TimeDelay>
  </Lines>
  <Lines xmlns="Lines">
      <Bank>102</Bank>
          <LineLog>LOB_OUT</LineLog>
          <Source>ISI</Source>
          <opFileName />
          <DefaultLine />
          <Type>ISI</Type>
          <MsgPerTrn>10</MsgPerTrn>
          <Desc>LOB Receive</Desc>
          <SndRcv>R</SndRcv>
          <Port>0</Port>
          <IntPort>0</IntPort>
          <outputMQName />
          <outputMQName1 />
          <inputMQName>ISI_RCV_LOT_IN_ACK_OUT</inputMQName>
          <MQMGRName>MTSSIT02</MQMGRName>
          <Mode>MQ</Mode>
          <SwfTid />
          <P1 />
          <AckRuleTableName />
          <ReleaseAckQue />
          <TimeDelay>0</TimeDelay>
  </Lines>
  <Lines xmlns="Lines">
      <Bank>102</Bank>
          <LineLog>FEX_IN</LineLog>
          <Source>ISI</Source>
          <opFileName>isi</opFileName>
          <DefaultLine />
          <Type>ISI</Type>
          <MsgPerTrn>10</MsgPerTrn>
          <Desc>FEX Send</Desc>
          <SndRcv>S</SndRcv>
          <Port>0</Port>
          <IntPort>0</IntPort>
          <outputMQName>FTM_FEX_RCV</outputMQName>
          <outputMQName1 />
          <inputMQName />
          <MQMGRName>MTSSIT01</MQMGRName>
          <Mode>MQ</Mode>
          <SwfTid />
          <P1 />
          <AckRuleTableName />
          <ReleaseAckQue />
          <TimeDelay>0</TimeDelay>
  </Lines>
  <Lines xmlns="Lines">
      <Bank>102</Bank>
          <LineLog>IMX_IN</LineLog>
          <Source>ISI</Source>
          <opFileName>isi</opFileName>
          <DefaultLine />
          <Type>ISI</Type>
          <MsgPerTrn>10</MsgPerTrn>
          <Desc>IMX Send</Desc>
          <SndRcv>S</SndRcv>
          <Port>0</Port>
          <IntPort>0</IntPort>
          <outputMQName>FTM_IMX_RCV</outputMQName>
          <outputMQName1 />
          <inputMQName />
          <MQMGRName>MTSSIT01</MQMGRName>
          <Mode>MQ</Mode>
          <SwfTid />
          <P1 />
          <AckRuleTableName />
          <ReleaseAckQue />
          <TimeDelay>0</TimeDelay>
  </Lines>
  <Lines xmlns="Lines">
      <Bank>102</Bank>
          <LineLog>IMX_OUT</LineLog>
          <Source>ISI</Source>
          <opFileName />
          <DefaultLine />
          <Type>ISI</Type>
          <MsgPerTrn>10</MsgPerTrn>
          <Desc>IMX Receive</Desc>
          <SndRcv>R</SndRcv>
          <Port>0</Port>
          <IntPort>0</IntPort>
          <outputMQName />
          <outputMQName1 />
          <inputMQName>IMX_FTM_SWIFT</inputMQName>
          <MQMGRName>MTSSIT01</MQMGRName>
          <Mode>MQ</Mode>
          <SwfTid />
          <P1 />
          <AckRuleTableName />
          <ReleaseAckQue />
          <TimeDelay>0</TimeDelay>
  </Lines>
  <Lines xmlns="Lines">
      <Bank>102</Bank>
          <LineLog>950_IN</LineLog>
          <Source>ISI</Source>
          <opFileName>isi</opFileName>
          <DefaultLine />
          <Type>ISI</Type>
          <MsgPerTrn>10</MsgPerTrn>
          <Desc>950 Send</Desc>
          <SndRcv>S</SndRcv>
          <Port>0</Port>
          <IntPort>0</IntPort>
          <outputMQName>FTM_950_RCV</outputMQName>
          <outputMQName1 />
          <inputMQName />
          <MQMGRName>MTSSIT01</MQMGRName>
          <Mode>MQ</Mode>
          <SwfTid />
          <P1 />
          <AckRuleTableName />
          <ReleaseAckQue />
          <TimeDelay>0</TimeDelay>
  </Lines>
  <Lines xmlns="Lines">
      <Bank>102</Bank>
          <LineLog>EDI_IN</LineLog>
          <Source>ISI</Source>
          <opFileName>isi</opFileName>
          <DefaultLine />
          <Type>ISI</Type>
          <MsgPerTrn>10</MsgPerTrn>
          <Desc>EDI Send</Desc>
          <SndRcv>S</SndRcv>
          <Port>0</Port>
          <IntPort>0</IntPort>
          <outputMQName>FTM_EDI_RCV</outputMQName>
          <outputMQName1 />
          <inputMQName />
          <MQMGRName>MTSSIT01</MQMGRName>
          <Mode>MQ</Mode>
          <SwfTid />
          <P1 />
          <AckRuleTableName />
          <ReleaseAckQue />
          <TimeDelay>0</TimeDelay>
  </Lines>
  <Lines xmlns="Lines">
      <Bank>102</Bank>
          <LineLog>EDI_OUT</LineLog>
          <Source>ISI</Source>
          <opFileName />
          <DefaultLine />
          <Type>ISI</Type>
          <MsgPerTrn>10</MsgPerTrn>
          <Desc>EDI Receive</Desc>
          <SndRcv>R</SndRcv>
          <Port>0</Port>
          <IntPort>0</IntPort>
          <outputMQName />
          <outputMQName1 />
          <inputMQName>EDI_FTM_OUT</inputMQName>
          <MQMGRName>MTSSIT01</MQMGRName>
          <Mode>MQ</Mode>
          <SwfTid />
          <P1 />
          <AckRuleTableName />
          <ReleaseAckQue />
          <TimeDelay>0</TimeDelay>
  </Lines>
  <Lines xmlns="Lines">
      <Bank>102</Bank>
          <LineLog>FEDLINE_1</LineLog>
          <Source>FED</Source>
          <opFileName />
          <DefaultLine />
          <Type>FED</Type>
          <MsgPerTrn>1</MsgPerTrn>
          <Desc>Fed Line # 1</Desc>
          <SndRcv>B</SndRcv>
          <Port>0</Port>
          <IntPort>0</IntPort>
          <outputMQName>FNCN.TODI.053101121.A2.R</outputMQName>
          <outputMQName1>FNCA.TODI.053101121.A2.R</outputMQName1>
          <inputMQName>FNCR.FROMDI.053101121.A2</inputMQName>
          <MQMGRName>TEST3_DI_QMGR</MQMGRName>
          <Mode>MQ</Mode>
          <SwfTid>E3QP014C</SwfTid>
          <P1 />
          <AckRuleTableName />
          <ReleaseAckQue />
          <TimeDelay>0</TimeDelay>
  </Lines>
  <Lines xmlns="Lines">
      <Bank>202</Bank>
          <LineLog>FEDLINE_2</LineLog>
          <Source>FED</Source>
          <opFileName />
          <DefaultLine />
          <Type>FED</Type>
          <MsgPerTrn>1</MsgPerTrn>
          <Desc>Fed Line # 2</Desc>
          <SndRcv>B</SndRcv>
          <Port>0</Port>
          <IntPort>0</IntPort>
          <outputMQName>FNCN.TODI.053201607.A2.R</outputMQName>
          <outputMQName1>FNCA.TODI.053201607.A2.R</outputMQName1>
          <inputMQName>FNCR.FROMDI.053201607.A2</inputMQName>
          <MQMGRName>TEST3_DI_QMGR</MQMGRName>
          <Mode>MQ</Mode>
          <SwfTid>E3QP015C</SwfTid>
          <P1 />
          <AckRuleTableName />
          <ReleaseAckQue />
          <TimeDelay>0</TimeDelay>
  </Lines>
  <Lines xmlns="Lines">
      <Bank>302</Bank>
          <LineLog>FEDLINE_3</LineLog>
          <Source>FED</Source>
          <opFileName />
          <DefaultLine />
          <Type>FED</Type>
          <MsgPerTrn>1</MsgPerTrn>
          <Desc>Fed Line # 3</Desc>
          <SndRcv>B</SndRcv>
          <Port>0</Port>
          <IntPort>0</IntPort>
          <outputMQName>FNCN.TODI.051404260.A2.R</outputMQName>
          <outputMQName1>FNCA.TODI.051404260.A2.R</outputMQName1>
          <inputMQName>FNCR.FROMDI.051404260.A2</inputMQName>
          <MQMGRName>TEST3_DI_QMGR</MQMGRName>
          <Mode>MQ</Mode>
          <SwfTid>E3QP016C</SwfTid>
          <P1 />
          <AckRuleTableName />
          <ReleaseAckQue />
          <TimeDelay>0</TimeDelay>
  </Lines>
  <Lines xmlns="Lines">
      <Bank>102</Bank>
          <LineLog>CHIPS_01_IP1</LineLog>
          <Source>CHP</Source>
          <opFileName />
          <DefaultLine />
          <Type>CHP</Type>
          <MsgPerTrn>1</MsgPerTrn>
          <Desc>Chips Line # 01</Desc>
          <SndRcv>B</SndRcv>
          <Port>0</Port>
          <IntPort>0</IntPort>
          <outputMQName>MQBTCHP3</outputMQName>
          <outputMQName1 />
          <inputMQName>0160.OUT.02.00</inputMQName>
          <MQMGRName>MQBTCHP3</MQMGRName>
          <Mode>MQ</Mode>
          <SwfTid />
          <P1 />
          <AckRuleTableName />
          <ReleaseAckQue />
          <TimeDelay>0</TimeDelay>
  </Lines>

</Configuration>