<?xml version="1.0" encoding="UTF-8"?><?xml-stylesheet type='text/xsl' href='_UpgradeReport_Files/UpgradeReport.xslt'?><UpgradeLog>
<Properties><Property Name="Solution" Value="Simulator">
</Property><Property Name="Solution File" Value="C:\Inetpub\wwwroot\Simulator\Simulator.sln">
</Property><Property Name="Date" Value="Wednesday, July 06, 2011">
</Property><Property Name="Time" Value="22:11 PM">
</Property></Properties><Event ErrorLevel="0" Project="" Source="Simulator.sln" Description="Solution converted successfully">
</Event><Event ErrorLevel="3" Project="" Source="Simulator.sln" Description="Converted">
</Event></UpgradeLog>