<?xml version="1.0" standalone="yes"?>
<RGWTables>
 <MESSAGE xmlns="MESSAGE">
   <fname>TRN_DATE</fname>
   <type>DATE YYYYMMDD</type>
 </MESSAGE>
 <MESSAGE xmlns="MESSAGE">
   <fname>TRN_NUMBER</fname>
   <type>DECIMAL EXTERNAL(8)</type>
 </MESSAGE>
 <MESSAGE xmlns="MESSAGE">
   <fname>BANK</fname>
   <type>CHAR(3)</type>
 </MESSAGE>
 <MESSAGE xmlns="MESSAGE">
   <fname>LOC</fname>
   <type>CHAR(6)</type>
 </MESSAGE>
 <MESSAGE xmlns="MESSAGE">
   <fname>PAY_TIME</fname>
   <type>CHAR(11)</type>
 </MESSAGE>
 <MESSAGE xmlns="MESSAGE">
   <fname>TRAN_TYPE</fname>
   <type>CHAR(3)</type>
 </MESSAGE>
 <MESSAGE xmlns="MESSAGE">
   <fname>REPETITIVE_ID</fname>
   <type>CHAR(48)</type>
 </MESSAGE>
 <MESSAGE xmlns="MESSAGE">
   <fname>SOURCE_CD</fname>
   <type>CHAR(3)</type>
 </MESSAGE>
 <MESSAGE xmlns="MESSAGE">
   <fname>INSTR_ADV_TYPE</fname>
   <type>CHAR(3)</type>
 </MESSAGE>
 <MESSAGE xmlns="MESSAGE">
   <fname>BASE_AMOUNT</fname>
   <type>DECIMAL EXTERNAL(22)</type>
 </MESSAGE>
 <MESSAGE xmlns="MESSAGE">
   <fname>TYPE_CD</fname>
   <type>CHAR(2)</type>
 </MESSAGE>
 <MESSAGE xmlns="MESSAGE">
   <fname>SUBTYPE</fname>
   <type>CHAR(2)</type>
 </MESSAGE>
 <MESSAGE xmlns="MESSAGE">
   <fname>IN_TYPE_CD</fname>
   <type>CHAR(2)</type>
 </MESSAGE>
 <MESSAGE xmlns="MESSAGE">
   <fname>IN_SUBTYPE</fname>
   <type>CHAR(2)</type>
 </MESSAGE>
 <MESSAGE xmlns="MESSAGE">
   <fname>DBT_CHRG</fname>
   <type>CHAR(1)</type>
 </MESSAGE>
 <MESSAGE xmlns="MESSAGE">
   <fname>CDT_CHRG</fname>
   <type>CHAR(1)</type>
 </MESSAGE>
 <MESSAGE xmlns="MESSAGE">
   <fname>COMMISSION</fname>
   <type>CHAR(1)</type>
 </MESSAGE>
 <MESSAGE xmlns="MESSAGE">
   <fname>CBL_CHARGE</fname>
   <type>CHAR(1)</type>
 </MESSAGE>
 <MESSAGE xmlns="MESSAGE">
   <fname>WIRE_TYPE</fname>
   <type>CHAR(3)</type>
 </MESSAGE>
 <MESSAGE xmlns="MESSAGE">
   <fname>STRAIGHT_THRU</fname>
   <type>CHAR(1)</type>
 </MESSAGE>
 <MESSAGE xmlns="MESSAGE">
   <fname>NETWORK_SND_IDTYPE</fname>
   <type>CHAR(1)</type>
 </MESSAGE>
 <MESSAGE xmlns="MESSAGE">
   <fname>NETWORK_SND_ACC</fname>
   <type>CHAR(30)</type>
 </MESSAGE>
 <MESSAGE xmlns="MESSAGE">
   <fname>STS_ACC</fname>
   <type>CHAR(1)</type>
 </MESSAGE>
 <MESSAGE xmlns="MESSAGE">
   <fname>STS_CAN</fname>
   <type>CHAR(1)</type>
 </MESSAGE>
 <MESSAGE xmlns="MESSAGE">
   <fname>STS_RISK</fname>
   <type>CHAR(1)</type>
 </MESSAGE>
 <MESSAGE xmlns="MESSAGE">
   <fname>STS_AUTO</fname>
   <type>CHAR(1)</type>
 </MESSAGE>
 <MESSAGE xmlns="MESSAGE">
   <fname>STS_OVER</fname>
   <type>CHAR(1)</type>
 </MESSAGE>
 <MESSAGE xmlns="MESSAGE">
   <fname>STS_CSTMT</fname>
   <type>CHAR(1)</type>
 </MESSAGE>
 <MESSAGE xmlns="MESSAGE">
   <fname>STS_DSTMT</fname>
   <type>CHAR(1)</type>
 </MESSAGE>
 <MESSAGE xmlns="MESSAGE">
   <fname>CALL_LIM</fname>
   <type>CHAR(1)</type>
 </MESSAGE>
 <MESSAGE xmlns="MESSAGE">
   <fname>CALL_RPT</fname>
   <type>CHAR(1)</type>
 </MESSAGE>
 <MESSAGE xmlns="MESSAGE">
   <fname>CALL_NON_RPT</fname>
   <type>CHAR(1)</type>
 </MESSAGE>
 <MESSAGE xmlns="MESSAGE">
   <fname>CALLBACK</fname>
   <type>CHAR(1)</type>
 </MESSAGE>
 <MESSAGE xmlns="MESSAGE">
   <fname>FAIL_TST</fname>
   <type>CHAR(1)</type>
 </MESSAGE>
 <MESSAGE xmlns="MESSAGE">
   <fname>RPTV_LIM</fname>
   <type>CHAR(1)</type>
 </MESSAGE>
 <MESSAGE xmlns="MESSAGE">
   <fname>RPTV_CHNG</fname>
   <type>CHAR(1)</type>
 </MESSAGE>
 <MESSAGE xmlns="MESSAGE">
   <fname>CALL_NOF</fname>
   <type>CHAR(1)</type>
 </MESSAGE>
 <MESSAGE xmlns="MESSAGE">
   <fname>MON_INTERCEPT</fname>
   <type>CHAR(1)</type>
 </MESSAGE>
 <MESSAGE xmlns="MESSAGE">
   <fname>RCV_TIME</fname>
   <type>CHAR(11)</type>
 </MESSAGE>
 <MESSAGE xmlns="MESSAGE">
   <fname>DLV_TIME</fname>
   <type>CHAR(11)</type>
 </MESSAGE>
 <MESSAGE xmlns="MESSAGE">
   <fname>CALLER</fname>
   <type>CHAR(35)</type>
 </MESSAGE>
 <MESSAGE xmlns="MESSAGE">
   <fname>DOC_NUM</fname>
   <type>CHAR(7)</type>
 </MESSAGE>
 <MESSAGE xmlns="MESSAGE">
   <fname>ITEM_NUM</fname>
   <type>CHAR(2)</type>
 </MESSAGE>
 <MESSAGE xmlns="MESSAGE">
   <fname>CAN_MEMO</fname>
   <type>CHAR(80)</type>
 </MESSAGE>
 <MESSAGE xmlns="MESSAGE">
   <fname>CAN_PERSON</fname>
   <type>CHAR(10)</type>
 </MESSAGE>
 <MESSAGE xmlns="MESSAGE">
   <fname>MEMO</fname>
   <type>CHAR(80)</type>
 </MESSAGE>
 <MESSAGE xmlns="MESSAGE">
   <fname>PERSON</fname>
   <type>CHAR(10)</type>
 </MESSAGE>
 <MESSAGE xmlns="MESSAGE">
   <fname>CAL</fname>
   <type>CHAR(4)</type>
 </MESSAGE>
 <MESSAGE xmlns="MESSAGE">
   <fname>EXCH_RATE_FLG</fname>
   <type>CHAR(1)</type>
 </MESSAGE>
 <MESSAGE xmlns="MESSAGE">
   <fname>FX_TOLERANCE</fname>
   <type>CHAR(1)</type>
 </MESSAGE>
 <MESSAGE xmlns="MESSAGE">
   <fname>EXCH_RATE</fname>
   <type>DECIMAL EXTERNAL(30)</type>
 </MESSAGE>
 <MESSAGE xmlns="MESSAGE">
   <fname>AMOUNT</fname>
   <type>DECIMAL EXTERNAL(22)</type>
 </MESSAGE>
 <MESSAGE xmlns="MESSAGE">
   <fname>CURRENCY_CODE</fname>
   <type>CHAR(3)</type>
 </MESSAGE>
 <MESSAGE xmlns="MESSAGE">
   <fname>TRADER_CTRL</fname>
   <type>CHAR(10)</type>
 </MESSAGE>
 <MESSAGE xmlns="MESSAGE">
   <fname>FUNDS_TYPE</fname>
   <type>CHAR(1)</type>
 </MESSAGE>
 <MESSAGE xmlns="MESSAGE">
   <fname>FED_IMAD</fname>
   <type>CHAR(30)</type>
 </MESSAGE>
 <MESSAGE xmlns="MESSAGE">
   <fname>FED_OMAD</fname>
   <type>CHAR(30)</type>
 </MESSAGE>
 <MESSAGE xmlns="MESSAGE">
   <fname>FED_ISN</fname>
   <type>CHAR(6)</type>
 </MESSAGE>
 <MESSAGE xmlns="MESSAGE">
   <fname>FED_OSN</fname>
   <type>CHAR(6)</type>
 </MESSAGE>
 <MESSAGE xmlns="MESSAGE">
   <fname>SWF_ISN</fname>
   <type>CHAR(6)</type>
 </MESSAGE>
 <MESSAGE xmlns="MESSAGE">
   <fname>SWF_OSN</fname>
   <type>CHAR(6)</type>
 </MESSAGE>
 <MESSAGE xmlns="MESSAGE">
   <fname>CHP_ISN</fname>
   <type>CHAR(6)</type>
 </MESSAGE>
 <MESSAGE xmlns="MESSAGE">
   <fname>CHP_OSN</fname>
   <type>CHAR(6)</type>
 </MESSAGE>
 <MESSAGE xmlns="MESSAGE">
   <fname>CHP_SSN_1</fname>
   <type>CHAR(1)</type>
 </MESSAGE>
 <MESSAGE xmlns="MESSAGE">
   <fname>CHP_SSN_6</fname>
   <type>CHAR(6)</type>
 </MESSAGE>
 <MESSAGE xmlns="MESSAGE">
   <fname>SWF_IN_MIR</fname>
   <type>CHAR(28)</type>
 </MESSAGE>
 <MESSAGE xmlns="MESSAGE">
   <fname>SWF_OUT_MIR</fname>
   <type>CHAR(28)</type>
 </MESSAGE>
 <MESSAGE xmlns="MESSAGE">
   <fname>ENTRY_PERSON</fname>
   <type>CHAR(10)</type>
 </MESSAGE>
 <MESSAGE xmlns="MESSAGE">
   <fname>VERIFY_PERSON</fname>
   <type>CHAR(10)</type>
 </MESSAGE>
 <MESSAGE xmlns="MESSAGE">
   <fname>REPAIR_PERSON</fname>
   <type>CHAR(10)</type>
 </MESSAGE>
 <MESSAGE xmlns="MESSAGE">
   <fname>EXCEPT_PERSON</fname>
   <type>CHAR(10)</type>
 </MESSAGE>
 <MESSAGE xmlns="MESSAGE">
   <fname>TOT_AMT</fname>
   <type>DECIMAL EXTERNAL(22)</type>
 </MESSAGE>
 <MESSAGE xmlns="MESSAGE">
   <fname>CUSIP</fname>
   <type>CHAR(9)</type>
 </MESSAGE>
 <MESSAGE xmlns="MESSAGE">
   <fname>CUSIP_DESC</fname>
   <type>CHAR(20)</type>
 </MESSAGE>
 <MESSAGE xmlns="MESSAGE">
   <fname>CHECK_SEQ</fname>
   <type>CHAR(10)</type>
 </MESSAGE>
 <MESSAGE xmlns="MESSAGE">
   <fname>NO_PHNADV_FLG</fname>
   <type>CHAR(1)</type>
 </MESSAGE>
 <MESSAGE xmlns="MESSAGE">
   <fname>EXC_MEMO</fname>
   <type>CHAR(80)</type>
 </MESSAGE>
 <MESSAGE xmlns="MESSAGE">
   <fname>PAY_STATE</fname>
   <type>CHAR(1)</type>
 </MESSAGE>
 <MESSAGE xmlns="MESSAGE">
   <fname>NOTIFY</fname>
   <type>CHAR(1)</type>
 </MESSAGE>
 <MESSAGE xmlns="MESSAGE">
   <fname>STOP_INTERCEPT</fname>
   <type>CHAR(1)</type>
 </MESSAGE>
 <MESSAGE xmlns="MESSAGE">
   <fname>RELEASE_TIME_HH</fname>
   <type>CHAR(2)</type>
 </MESSAGE>
 <MESSAGE xmlns="MESSAGE">
   <fname>RELEASE_TIME_MM</fname>
   <type>CHAR(2)</type>
 </MESSAGE>
 <MESSAGE xmlns="MESSAGE">
   <fname>PRE_FOUND</fname>
   <type>CHAR(1)</type>
 </MESSAGE>
 <MESSAGE xmlns="MESSAGE">
   <fname>FX_FOUND</fname>
   <type>CHAR(1)</type>
 </MESSAGE>
 <MESSAGE xmlns="MESSAGE">
   <fname>COR_DONE</fname>
   <type>CHAR(1)</type>
 </MESSAGE>
 <MESSAGE xmlns="MESSAGE">
   <fname>RTE_DONE</fname>
   <type>CHAR(1)</type>
 </MESSAGE>
 <MESSAGE xmlns="MESSAGE">
   <fname>PIN_LAST_NAME</fname>
   <type>CHAR(15)</type>
 </MESSAGE>
 <MESSAGE xmlns="MESSAGE">
   <fname>PIN_FIRST_NAME</fname>
   <type>CHAR(15)</type>
 </MESSAGE>
 <MESSAGE xmlns="MESSAGE">
   <fname>OVER_DRAFT_AMT</fname>
   <type>DECIMAL EXTERNAL(22)</type>
 </MESSAGE>
 <MESSAGE xmlns="MESSAGE">
   <fname>DBT_CON_BANK_ID</fname>
   <type>CHAR(3)</type>
 </MESSAGE>
 <MESSAGE xmlns="MESSAGE">
   <fname>DBT_CON_ID_TYPE</fname>
   <type>CHAR(1)</type>
 </MESSAGE>
 <MESSAGE xmlns="MESSAGE">
   <fname>DBT_CON_ACCOUNT</fname>
   <type>CHAR(30)</type>
 </MESSAGE>
 <MESSAGE xmlns="MESSAGE">
   <fname>CDT_CON_BANK_ID</fname>
   <type>CHAR(3)</type>
 </MESSAGE>
 <MESSAGE xmlns="MESSAGE">
   <fname>CDT_CON_ID_TYPE</fname>
   <type>CHAR(1)</type>
 </MESSAGE>
 <MESSAGE xmlns="MESSAGE">
   <fname>CDT_CON_ACCOUNT</fname>
   <type>CHAR(30)</type>
 </MESSAGE>
 <MESSAGE xmlns="MESSAGE">
   <fname>DBT_SYS_OF_REC</fname>
   <type>CHAR(3)</type>
 </MESSAGE>
 <MESSAGE xmlns="MESSAGE">
   <fname>CDT_SYS_OF_REC</fname>
   <type>CHAR(3)</type>
 </MESSAGE>
 <MESSAGE xmlns="MESSAGE">
   <fname>DBT_PARENT_CODE</fname>
   <type>CHAR(10)</type>
 </MESSAGE>
 <MESSAGE xmlns="MESSAGE">
   <fname>CDT_PARENT_CODE</fname>
   <type>CHAR(10)</type>
 </MESSAGE>
 <MESSAGE xmlns="MESSAGE">
   <fname>INST_TIME</fname>
   <type>CHAR(11)</type>
 </MESSAGE>
 <MESSAGE xmlns="MESSAGE">
   <fname>RECEIPT_TIME</fname>
   <type>CHAR(11)</type>
 </MESSAGE>
 <MESSAGE xmlns="MESSAGE">
   <fname>FRONTEND_REF</fname>
   <type>CHAR(16)</type>
 </MESSAGE>
 <MESSAGE xmlns="MESSAGE">
   <fname>STS_CADV</fname>
   <type>CHAR(1)</type>
 </MESSAGE>
 <MESSAGE xmlns="MESSAGE">
   <fname>STS_DADV</fname>
   <type>CHAR(1)</type>
 </MESSAGE>
 <MESSAGE xmlns="MESSAGE">
   <fname>AVAIL_BAL</fname>
   <type>DECIMAL EXTERNAL(22)</type>
 </MESSAGE>
 <MESSAGE xmlns="MESSAGE">
   <fname>LEDGER_BAL</fname>
   <type>DECIMAL EXTERNAL(22)</type>
 </MESSAGE>
 <MESSAGE xmlns="MESSAGE">
   <fname>TRADE_STATE</fname>
   <type>CHAR(15)</type>
 </MESSAGE>
 <MESSAGE xmlns="MESSAGE">
   <fname>NEW_TRADE_STATE</fname>
   <type>CHAR(15)</type>
 </MESSAGE>
 <MESSAGE xmlns="MESSAGE">
   <fname>TRADE_OPERATION</fname>
   <type>CHAR(4)</type>
 </MESSAGE>
 <MESSAGE xmlns="MESSAGE">
   <fname>OPERATION_SCOPE</fname>
   <type>CHAR(4)</type>
 </MESSAGE>
 <MESSAGE xmlns="MESSAGE">
   <fname>BENE_CUSTOMER</fname>
   <type>CHAR(35)</type>
 </MESSAGE>
 <MESSAGE xmlns="MESSAGE">
   <fname>BENE_INST1</fname>
   <type>CHAR(35)</type>
 </MESSAGE>
 <MESSAGE xmlns="MESSAGE">
   <fname>BENE_INST2</fname>
   <type>CHAR(35)</type>
 </MESSAGE>
 <MESSAGE xmlns="MESSAGE">
   <fname>BENE_INST3</fname>
   <type>CHAR(35)</type>
 </MESSAGE>
 <MESSAGE xmlns="MESSAGE">
   <fname>BENE_INST4</fname>
   <type>CHAR(35)</type>
 </MESSAGE>
 <MESSAGE xmlns="MESSAGE">
   <fname>PARTY_B</fname>
   <type>CHAR(35)</type>
 </MESSAGE>
 <MESSAGE xmlns="MESSAGE">
   <fname>TERM_COND1</fname>
   <type>CHAR(35)</type>
 </MESSAGE>
 <MESSAGE xmlns="MESSAGE">
   <fname>TERM_COND2</fname>
   <type>CHAR(35)</type>
 </MESSAGE>
 <MESSAGE xmlns="MESSAGE">
   <fname>TERM_COND3</fname>
   <type>CHAR(35)</type>
 </MESSAGE>
 <MESSAGE xmlns="MESSAGE">
   <fname>TERM_COND4</fname>
   <type>CHAR(35)</type>
 </MESSAGE>
 <MESSAGE xmlns="MESSAGE">
   <fname>TERM_COND5</fname>
   <type>CHAR(35)</type>
 </MESSAGE>
 <MESSAGE xmlns="MESSAGE">
   <fname>TERM_COND6</fname>
   <type>CHAR(35)</type>
 </MESSAGE>
 <MESSAGE xmlns="MESSAGE">
   <fname>CONTACT_INFO1</fname>
   <type>CHAR(35)</type>
 </MESSAGE>
 <MESSAGE xmlns="MESSAGE">
   <fname>CONTACT_INFO2</fname>
   <type>CHAR(35)</type>
 </MESSAGE>
 <MESSAGE xmlns="MESSAGE">
   <fname>CONTACT_INFO3</fname>
   <type>CHAR(35)</type>
 </MESSAGE>
 <MESSAGE xmlns="MESSAGE">
   <fname>CONTACT_INFO4</fname>
   <type>CHAR(35)</type>
 </MESSAGE>
 <MESSAGE xmlns="MESSAGE">
   <fname>DEAL_METHOD</fname>
   <type>CHAR(35)</type>
 </MESSAGE>
 <MESSAGE xmlns="MESSAGE">
   <fname>DEAL_BRANCH_PTYA</fname>
   <type>CHAR(35)</type>
 </MESSAGE>
 <MESSAGE xmlns="MESSAGE">
   <fname>DEAL_BRANCH_PTYB</fname>
   <type>CHAR(35)</type>
 </MESSAGE>
 <MESSAGE xmlns="MESSAGE">
   <fname>BROKER_ID</fname>
   <type>CHAR(35)</type>
 </MESSAGE>
 <MESSAGE xmlns="MESSAGE">
   <fname>BROKER_COMISN</fname>
   <type>DECIMAL EXTERNAL(22)</type>
 </MESSAGE>
 <MESSAGE xmlns="MESSAGE">
   <fname>COUNTERPARTY_REF</fname>
   <type>CHAR(16)</type>
 </MESSAGE>
 <MESSAGE xmlns="MESSAGE">
   <fname>BROKER_REF</fname>
   <type>CHAR(16)</type>
 </MESSAGE>
 <MESSAGE xmlns="MESSAGE">
   <fname>TRADE_PARTY_SUSP_FLG</fname>
   <type>CHAR(1)</type>
 </MESSAGE>
 <MESSAGE xmlns="MESSAGE">
   <fname>OTHER_PARTY_SUSP_FLG</fname>
   <type>CHAR(1)</type>
 </MESSAGE>
 <MESSAGE xmlns="MESSAGE">
   <fname>TRADE_TYPE</fname>
   <type>CHAR(8)</type>
 </MESSAGE>
 <MESSAGE xmlns="MESSAGE">
   <fname>TRADE_SUBTYPE</fname>
   <type>CHAR(6)</type>
 </MESSAGE>
 <MESSAGE xmlns="MESSAGE">
   <fname>TRADE_BUY_SELL_FLG</fname>
   <type>CHAR(1)</type>
 </MESSAGE>
 <MESSAGE xmlns="MESSAGE">
   <fname>TRADE_UPDATE_PENDING_FLG</fname>
   <type>CHAR(1)</type>
 </MESSAGE>
 <MESSAGE xmlns="MESSAGE">
   <fname>ORIG_EXCH_RATE</fname>
   <type>DECIMAL EXTERNAL(30)</type>
 </MESSAGE>
 <MESSAGE xmlns="MESSAGE">
   <fname>RECEIVE_CHAR_COUNT</fname>
   <type>CHAR(11)</type>
 </MESSAGE>
 <MESSAGE xmlns="MESSAGE">
   <fname>INCOMING_FORMAT</fname>
   <type>CHAR(4)</type>
 </MESSAGE>
 <MESSAGE xmlns="MESSAGE">
   <fname>INCOMING_REF</fname>
   <type>CHAR(80)</type>
 </MESSAGE>
 <MESSAGE xmlns="MESSAGE">
   <fname>FUNDS_CATEGORY</fname>
   <type>CHAR(10)</type>
 </MESSAGE>
 <MESSAGE xmlns="MESSAGE">
   <fname>SEGMENT_INDEX</fname>
   <type>INTEGER EXTERNAL(11)</type>
 </MESSAGE>
 <MESSAGE xmlns="MESSAGE">
   <fname>SPLIT_CTR</fname>
   <type>CHAR(11)</type>
 </MESSAGE>
 <MESSAGE xmlns="MESSAGE">
   <fname>RPR_LEVEL</fname>
   <type>CHAR(2)</type>
 </MESSAGE>
 <MESSAGE xmlns="MESSAGE">
   <fname>POST_TIME</fname>
   <type>CHAR(11)</type>
 </MESSAGE>
 <MESSAGE xmlns="MESSAGE">
   <fname>FEDFUND_TYPE</fname>
   <type>CHAR(2)</type>
 </MESSAGE>
 <MESSAGE xmlns="MESSAGE">
   <fname>FED_DAYS</fname>
   <type>CHAR(11)</type>
 </MESSAGE>
 <MESSAGE xmlns="MESSAGE">
   <fname>INTEREST_RATE</fname>
   <type>DECIMAL EXTERNAL(7)</type>
 </MESSAGE>
 <MESSAGE xmlns="MESSAGE">
   <fname>ANT_TOL_AMT</fname>
   <type>DECIMAL EXTERNAL(22)</type>
 </MESSAGE>
 <MESSAGE xmlns="MESSAGE">
   <fname>CAL_OVR</fname>
   <type>CHAR(1)</type>
 </MESSAGE>
 <MESSAGE xmlns="MESSAGE">
   <fname>PIN_REF_ID</fname>
   <type>CHAR(11)</type>
 </MESSAGE>
 <MESSAGE xmlns="MESSAGE">
   <fname>VFC_PIN_REF_ID</fname>
   <type>CHAR(11)</type>
 </MESSAGE>
 <MESSAGE xmlns="MESSAGE">
   <fname>PHN_NOF_ID</fname>
   <type>CHAR(24)</type>
 </MESSAGE>
 <MESSAGE xmlns="MESSAGE">
   <fname>TESTKEY_IN</fname>
   <type>CHAR(16)</type>
 </MESSAGE>
 <MESSAGE xmlns="MESSAGE">
   <fname>TEST_TEXT</fname>
   <type>CHAR(24)</type>
 </MESSAGE>
 <MESSAGE xmlns="MESSAGE">
   <fname>RISKINESS_IND</fname>
   <type>CHAR(2)</type>
 </MESSAGE>
 <MESSAGE xmlns="MESSAGE">
   <fname>COMM_MODE</fname>
   <type>CHAR(1)</type>
 </MESSAGE>
 <MESSAGE xmlns="MESSAGE">
   <fname>CBL_MODE</fname>
   <type>CHAR(1)</type>
 </MESSAGE>
 <MESSAGE xmlns="MESSAGE">
   <fname>ADM_LOCK_TEXT_FLG</fname>
   <type>CHAR(1)</type>
 </MESSAGE>
 <MESSAGE xmlns="MESSAGE">
   <fname>BNK_TX_FLG</fname>
   <type>CHAR(1)</type>
 </MESSAGE>
 <MESSAGE xmlns="MESSAGE">
   <fname>MULT_DBT_FLG</fname>
   <type>CHAR(1)</type>
 </MESSAGE>
 <MESSAGE xmlns="MESSAGE">
   <fname>MULT_CDT_FLG</fname>
   <type>CHAR(1)</type>
 </MESSAGE>
 <MESSAGE xmlns="MESSAGE">
   <fname>AMT_VFY_FLG</fname>
   <type>CHAR(1)</type>
 </MESSAGE>
 <MESSAGE xmlns="MESSAGE">
   <fname>CUR_VFY_FLG</fname>
   <type>CHAR(1)</type>
 </MESSAGE>
 <MESSAGE xmlns="MESSAGE">
   <fname>EXCH_VFY_FLG</fname>
   <type>CHAR(1)</type>
 </MESSAGE>
 <MESSAGE xmlns="MESSAGE">
   <fname>SERIAL_VFY_FLG</fname>
   <type>CHAR(1)</type>
 </MESSAGE>
 <MESSAGE xmlns="MESSAGE">
   <fname>PDM_FLG</fname>
   <type>CHAR(1)</type>
 </MESSAGE>
 <MESSAGE xmlns="MESSAGE">
   <fname>ADV_OVR_FLG</fname>
   <type>CHAR(1)</type>
 </MESSAGE>
 <MESSAGE xmlns="MESSAGE">
   <fname>TEST_REQ_FLG</fname>
   <type>CHAR(1)</type>
 </MESSAGE>
 <MESSAGE xmlns="MESSAGE">
   <fname>SITE_OPTION1_FLG</fname>
   <type>CHAR(1)</type>
 </MESSAGE>
 <MESSAGE xmlns="MESSAGE">
   <fname>ACCT_VFC_FLG</fname>
   <type>CHAR(1)</type>
 </MESSAGE>
 <MESSAGE xmlns="MESSAGE">
   <fname>CDT_ADV_FLG</fname>
   <type>CHAR(1)</type>
 </MESSAGE>
 <MESSAGE xmlns="MESSAGE">
   <fname>MULTI_CUR_FLG</fname>
   <type>CHAR(1)</type>
 </MESSAGE>
 <MESSAGE xmlns="MESSAGE">
   <fname>PRIORITY_FLG</fname>
   <type>CHAR(1)</type>
 </MESSAGE>
 <MESSAGE xmlns="MESSAGE">
   <fname>DELIVERY_FLG</fname>
   <type>CHAR(1)</type>
 </MESSAGE>
 <MESSAGE xmlns="MESSAGE">
   <fname>RTP_INTERCEPT_FLG</fname>
   <type>CHAR(1)</type>
 </MESSAGE>
 <MESSAGE xmlns="MESSAGE">
   <fname>DELAY_FLG</fname>
   <type>CHAR(1)</type>
 </MESSAGE>
 <MESSAGE xmlns="MESSAGE">
   <fname>MATCHED_ANT_FLG</fname>
   <type>CHAR(1)</type>
 </MESSAGE>
 <MESSAGE xmlns="MESSAGE">
   <fname>REPAIR_CHNG_FLG</fname>
   <type>CHAR(1)</type>
 </MESSAGE>
 <MESSAGE xmlns="MESSAGE">
   <fname>CHIPS_RECVRY_FLG</fname>
   <type>CHAR(1)</type>
 </MESSAGE>
 <MESSAGE xmlns="MESSAGE">
   <fname>NON_ACCTING_FLG</fname>
   <type>CHAR(1)</type>
 </MESSAGE>
 <MESSAGE xmlns="MESSAGE">
   <fname>SWF_STMT_FLG</fname>
   <type>CHAR(1)</type>
 </MESSAGE>
 <MESSAGE xmlns="MESSAGE">
   <fname>CHARGE_STATE_FLG</fname>
   <type>CHAR(1)</type>
 </MESSAGE>
 <MESSAGE xmlns="MESSAGE">
   <fname>VFY_COUNT_FLG</fname>
   <type>CHAR(1)</type>
 </MESSAGE>
 <MESSAGE xmlns="MESSAGE">
   <fname>MPA_DBT_AUTH_FLG</fname>
   <type>CHAR(1)</type>
 </MESSAGE>
 <MESSAGE xmlns="MESSAGE">
   <fname>MPA_DBT_POST_FLG</fname>
   <type>CHAR(1)</type>
 </MESSAGE>
 <MESSAGE xmlns="MESSAGE">
   <fname>MPA_CDT_AUTH_FLG</fname>
   <type>CHAR(1)</type>
 </MESSAGE>
 <MESSAGE xmlns="MESSAGE">
   <fname>MPA_CDT_POST_FLG</fname>
   <type>CHAR(1)</type>
 </MESSAGE>
 <MESSAGE xmlns="MESSAGE">
   <fname>TEST_STATE_FLG</fname>
   <type>CHAR(1)</type>
 </MESSAGE>
 <MESSAGE xmlns="MESSAGE">
   <fname>VFC_COUNT_FLG</fname>
   <type>CHAR(1)</type>
 </MESSAGE>
 <MESSAGE xmlns="MESSAGE">
   <fname>FUNDED_MSG_FLG</fname>
   <type>CHAR(1)</type>
 </MESSAGE>
 <MESSAGE xmlns="MESSAGE">
   <fname>PMT_CHRG_FLG</fname>
   <type>CHAR(1)</type>
 </MESSAGE>
 <MESSAGE xmlns="MESSAGE">
   <fname>INT_REROUTE_FLG</fname>
   <type>CHAR(1)</type>
 </MESSAGE>
 <MESSAGE xmlns="MESSAGE">
   <fname>CUR_HOLD_FLG</fname>
   <type>CHAR(1)</type>
 </MESSAGE>
 <MESSAGE xmlns="MESSAGE">
   <fname>OVR_OUT_LIM_FLG</fname>
   <type>CHAR(1)</type>
 </MESSAGE>
 <MESSAGE xmlns="MESSAGE">
   <fname>FORCE_POST_FLG</fname>
   <type>CHAR(1)</type>
 </MESSAGE>
 <MESSAGE xmlns="MESSAGE">
   <fname>RPTD_SWF_STMT_FLG</fname>
   <type>CHAR(1)</type>
 </MESSAGE>
 <MESSAGE xmlns="MESSAGE">
   <fname>CHECK_FOUND</fname>
   <type>CHAR(1)</type>
 </MESSAGE>
 <MESSAGE xmlns="MESSAGE">
   <fname>MATCH_DBT_ID</fname>
   <type>CHAR(1)</type>
 </MESSAGE>
 <MESSAGE xmlns="MESSAGE">
   <fname>MATCH_CDT_ID</fname>
   <type>CHAR(1)</type>
 </MESSAGE>
 <MESSAGE xmlns="MESSAGE">
   <fname>MATCH_BNP_ID</fname>
   <type>CHAR(1)</type>
 </MESSAGE>
 <MESSAGE xmlns="MESSAGE">
   <fname>MATCH_SRN</fname>
   <type>CHAR(1)</type>
 </MESSAGE>
 <MESSAGE xmlns="MESSAGE">
   <fname>MATCH_SIDE</fname>
   <type>CHAR(1)</type>
 </MESSAGE>
 <MESSAGE xmlns="MESSAGE">
   <fname>UMBRELLA_FLG</fname>
   <type>CHAR(1)</type>
 </MESSAGE>
 <MESSAGE xmlns="MESSAGE">
   <fname>BANK_OPERATION_CODE</fname>
   <type>CHAR(4)</type>
 </MESSAGE>
 <MESSAGE xmlns="MESSAGE">
   <fname>CHG_ACC</fname>
   <type>CHAR(1)</type>
 </MESSAGE>
 <MESSAGE xmlns="MESSAGE">
   <fname>CHG_BIC</fname>
   <type>CHAR(1)</type>
 </MESSAGE>
 <MESSAGE xmlns="MESSAGE">
   <fname>CHG_DBT</fname>
   <type>CHAR(1)</type>
 </MESSAGE>
 <MESSAGE xmlns="MESSAGE">
   <fname>CHG_SBK</fname>
   <type>CHAR(1)</type>
 </MESSAGE>
 <MESSAGE xmlns="MESSAGE">
   <fname>CHG_OBK</fname>
   <type>CHAR(1)</type>
 </MESSAGE>
 <MESSAGE xmlns="MESSAGE">
   <fname>CHG_ORP</fname>
   <type>CHAR(1)</type>
 </MESSAGE>
 <MESSAGE xmlns="MESSAGE">
   <fname>CHG_INS</fname>
   <type>CHAR(1)</type>
 </MESSAGE>
 <MESSAGE xmlns="MESSAGE">
   <fname>CHG_CDT</fname>
   <type>CHAR(1)</type>
 </MESSAGE>
 <MESSAGE xmlns="MESSAGE">
   <fname>CHG_IB1</fname>
   <type>CHAR(1)</type>
 </MESSAGE>
 <MESSAGE xmlns="MESSAGE">
   <fname>CHG_IBK</fname>
   <type>CHAR(1)</type>
 </MESSAGE>
 <MESSAGE xmlns="MESSAGE">
   <fname>CHG_BBK</fname>
   <type>CHAR(1)</type>
 </MESSAGE>
 <MESSAGE xmlns="MESSAGE">
   <fname>CHG_BNP</fname>
   <type>CHAR(1)</type>
 </MESSAGE>
 <MESSAGE xmlns="MESSAGE">
   <fname>CHG_BBI</fname>
   <type>CHAR(1)</type>
 </MESSAGE>
 <MESSAGE xmlns="MESSAGE">
   <fname>CHG_OBI</fname>
   <type>CHAR(1)</type>
 </MESSAGE>
 <MESSAGE xmlns="MESSAGE">
   <fname>CHG_DTE</fname>
   <type>CHAR(1)</type>
 </MESSAGE>
 <MESSAGE xmlns="MESSAGE">
   <fname>CHG_AMT</fname>
   <type>CHAR(1)</type>
 </MESSAGE>
 <MESSAGE xmlns="MESSAGE">
   <fname>CHG_CNF</fname>
   <type>CHAR(1)</type>
 </MESSAGE>
 <MESSAGE xmlns="MESSAGE">
   <fname>CHG_REG</fname>
   <type>CHAR(1)</type>
 </MESSAGE>
 <MESSAGE xmlns="MESSAGE">
   <fname>CHG_CRG</fname>
   <type>CHAR(1)</type>
 </MESSAGE>
 <MESSAGE xmlns="MESSAGE">
   <fname>CHG_ADV</fname>
   <type>CHAR(1)</type>
 </MESSAGE>
 <MESSAGE xmlns="MESSAGE">
   <fname>CHG_PRD</fname>
   <type>CHAR(1)</type>
 </MESSAGE>
 <MESSAGE xmlns="MESSAGE">
   <fname>PMT_CHAR_CODE</fname>
   <type>CHAR(10)</type>
 </MESSAGE>
 <MESSAGE xmlns="MESSAGE">
   <fname>CUTOFF_OVERRIDE</fname>
   <type>CHAR(1)</type>
 </MESSAGE>
 <MESSAGE xmlns="MESSAGE">
   <fname>EXCHANGE_RATE_STAT</fname>
   <type>CHAR(1)</type>
 </MESSAGE>
 <MESSAGE xmlns="MESSAGE">
   <fname>FOREX_BYPASS_FLAG</fname>
   <type>CHAR(1)</type>
 </MESSAGE>
 <MESSAGE xmlns="MESSAGE">
   <fname>GLOBAL_DEBIT</fname>
   <type>CHAR(1)</type>
 </MESSAGE>
 <MESSAGE xmlns="MESSAGE">
   <fname>BOPR_PTY_SIDE_IND</fname>
   <type>CHAR(1)</type>
 </MESSAGE>
 <MESSAGE xmlns="MESSAGE">
   <fname>FORCE_FLAG</fname>
   <type>CHAR(1)</type>
 </MESSAGE>
 <MESSAGE xmlns="MESSAGE">
   <fname>DEFINITIVE_FLAG</fname>
   <type>CHAR(1)</type>
 </MESSAGE>
 <MESSAGE xmlns="MESSAGE">
   <fname>CANCELLED_FLAG</fname>
   <type>CHAR(1)</type>
 </MESSAGE>
 <MESSAGE xmlns="MESSAGE">
   <fname>FIN_CPY_SRC_FLG</fname>
   <type>CHAR(1)</type>
 </MESSAGE>
 <MESSAGE xmlns="MESSAGE">
   <fname>SUPPR_PMT_CONF</fname>
   <type>CHAR(1)</type>
 </MESSAGE>
 <MESSAGE xmlns="MESSAGE">
   <fname>ENTERED_SIDE</fname>
   <type>CHAR(1)</type>
 </MESSAGE>
 <MESSAGE xmlns="MESSAGE">
   <fname>DUE_DATE_CHG</fname>
   <type>CHAR(20)</type>
 </MESSAGE>
 <MESSAGE xmlns="MESSAGE">
   <fname>DUE_DATE_ADJ</fname>
   <type>CHAR(20)</type>
 </MESSAGE>
 <MESSAGE xmlns="MESSAGE">
   <fname>DUE_DATE_SP</fname>
   <type>CHAR(20)</type>
 </MESSAGE>
 <MESSAGE xmlns="MESSAGE">
   <fname>PRIME_SEND_DATE_CHG</fname>
   <type>CHAR(20)</type>
 </MESSAGE>
 <MESSAGE xmlns="MESSAGE">
   <fname>PRIME_SEND_DATE_ADJ</fname>
   <type>CHAR(20)</type>
 </MESSAGE>
 <MESSAGE xmlns="MESSAGE">
   <fname>PRIME_SEND_DATE_SP</fname>
   <type>CHAR(20)</type>
 </MESSAGE>
 <MESSAGE xmlns="MESSAGE">
   <fname>SECOND_SEND_DATE_CHG</fname>
   <type>CHAR(20)</type>
 </MESSAGE>
 <MESSAGE xmlns="MESSAGE">
   <fname>SECOND_SEND_DATE_ADJ</fname>
   <type>CHAR(20)</type>
 </MESSAGE>
 <MESSAGE xmlns="MESSAGE">
   <fname>SECOND_SEND_DATE_SP</fname>
   <type>CHAR(20)</type>
 </MESSAGE>
 <MESSAGE xmlns="MESSAGE">
   <fname>REG_ID_TYPE</fname>
   <type>CHAR(1)</type>
 </MESSAGE>
 <MESSAGE xmlns="MESSAGE">
   <fname>REG_ID</fname>
   <type>CHAR(34)</type>
 </MESSAGE>
 <MESSAGE xmlns="MESSAGE">
   <fname>BOPR_TEXT1</fname>
   <type>CHAR(35)</type>
 </MESSAGE>
 <MESSAGE xmlns="MESSAGE">
   <fname>BOPR_TEXT2</fname>
   <type>CHAR(35)</type>
 </MESSAGE>
 <MESSAGE xmlns="MESSAGE">
   <fname>BOPR_TEXT3</fname>
   <type>CHAR(35)</type>
 </MESSAGE>
 <MESSAGE xmlns="MESSAGE">
   <fname>AUTH_REF</fname>
   <type>CHAR(20)</type>
 </MESSAGE>
 <MESSAGE xmlns="MESSAGE">
   <fname>MSG_STATE</fname>
   <type>CHAR(23)</type>
 </MESSAGE>
 <MESSAGE xmlns="MESSAGE">
   <fname>RELATED_TRN_DATE</fname>
   <type>CHAR(8)</type>
 </MESSAGE>
 <MESSAGE xmlns="MESSAGE">
   <fname>RELATED_TRN_NUM</fname>
   <type>CHAR(8)</type>
 </MESSAGE>
 <MESSAGE xmlns="MESSAGE">
   <fname>CDT_POST_TIME</fname>
   <type>CHAR(11)</type>
 </MESSAGE>
 <MESSAGE xmlns="MESSAGE">
   <fname>OPERTNL_RLS_TIME</fname>
   <type>CHAR(11)</type>
 </MESSAGE>
 <MESSAGE xmlns="MESSAGE">
   <fname>RAMET_FLG</fname>
   <type>CHAR(1)</type>
 </MESSAGE>
 <MESSAGE xmlns="MESSAGE">
   <fname>NON_RET_VALVE_FLG</fname>
   <type>CHAR(1)</type>
 </MESSAGE>
 <MESSAGE xmlns="MESSAGE">
   <fname>CUTOFF_DONE</fname>
   <type>CHAR(1)</type>
 </MESSAGE>
 <MESSAGE xmlns="MESSAGE">
   <fname>FOREX_FLAG</fname>
   <type>CHAR(1)</type>
 </MESSAGE>
 <MESSAGE xmlns="MESSAGE">
   <fname>FEE_FLAG</fname>
   <type>CHAR(1)</type>
 </MESSAGE>
 <MESSAGE xmlns="MESSAGE">
   <fname>EUR_BENE_CHRG_ALLOW</fname>
   <type>CHAR(1)</type>
 </MESSAGE>
 <MESSAGE xmlns="MESSAGE">
   <fname>HIGH_MSG_STATE</fname>
   <type>CHAR(20)</type>
 </MESSAGE>
 <MESSAGE xmlns="MESSAGE">
   <fname>DBT_CHRG_ORG</fname>
   <type>CHAR(10)</type>
 </MESSAGE>
 <MESSAGE xmlns="MESSAGE">
   <fname>CDT_CHRG_ORG</fname>
   <type>CHAR(10)</type>
 </MESSAGE>
 <MESSAGE xmlns="MESSAGE">
   <fname>COMM_CHRG_ORG</fname>
   <type>CHAR(10)</type>
 </MESSAGE>
 <MESSAGE xmlns="MESSAGE">
   <fname>CBL_CHRG_ORG</fname>
   <type>CHAR(10)</type>
 </MESSAGE>
 <MESSAGE xmlns="MESSAGE">
   <fname>FTR_PROC_RULE_STATE</fname>
   <type>CHAR(9)</type>
 </MESSAGE>
 <MESSAGE xmlns="MESSAGE">
   <fname>POSTAL_CODE_OVR_FLG</fname>
   <type>CHAR(1)</type>
 </MESSAGE>
 <MESSAGE xmlns="MESSAGE">
   <fname>RPR_FLG</fname>
   <type>CHAR(1)</type>
 </MESSAGE>
 <MESSAGE xmlns="MESSAGE">
   <fname>EXC_FLG</fname>
   <type>CHAR(1)</type>
 </MESSAGE>
 <MESSAGE xmlns="MESSAGE">
   <fname>IMPOSED_AMOUNT</fname>
   <type>CHAR(1)</type>
 </MESSAGE>
 <MESSAGE xmlns="MESSAGE">
   <fname>GLOBAL_CREDIT</fname>
   <type>CHAR(1)</type>
 </MESSAGE>
 <MESSAGE xmlns="MESSAGE">
   <fname>PAYMNT_FUNDING_IND</fname>
   <type>CHAR(1)</type>
 </MESSAGE>
 <MESSAGE xmlns="MESSAGE">
   <fname>PAYMNT_ASYNCH_FLG</fname>
   <type>CHAR(1)</type>
 </MESSAGE>
 <MESSAGE xmlns="MESSAGE">
   <fname>PAYMNT_RESP_TIME</fname>
   <type>CHAR(14)</type>
 </MESSAGE>
 <MESSAGE xmlns="MESSAGE">
   <fname>MON_PER_INTERCEPT_FLG</fname>
   <type>CHAR(1)</type>
 </MESSAGE>
 <MESSAGE xmlns="MESSAGE">
   <fname>MON_PER_LOG_FLG</fname>
   <type>CHAR(1)</type>
 </MESSAGE>
 <MESSAGE xmlns="MESSAGE">
   <fname>SMPL_WRHS_INDICATOR</fname>
   <type>CHAR(1)</type>
 </MESSAGE>
 <MESSAGE xmlns="MESSAGE">
   <fname>ENT_REF_SYS_VEC</fname>
   <type>CHAR(10)</type>
 </MESSAGE>
 <MESSAGE xmlns="MESSAGE">
   <fname>WRHS_REF_SYS_VEC</fname>
   <type>CHAR(10)</type>
 </MESSAGE>
 <MESSAGE xmlns="MESSAGE">
   <fname>REF_CALL_VECTOR</fname>
   <type>CHAR(3)</type>
 </MESSAGE>
 <MESSAGE xmlns="MESSAGE">
   <fname>SMPL_PYMT_FORMAT</fname>
   <type>CHAR(10)</type>
 </MESSAGE>
 <MESSAGE xmlns="MESSAGE">
   <fname>CONTAINER_REJ_REASON</fname>
   <type>CHAR(4)</type>
 </MESSAGE>
 <MESSAGE xmlns="MESSAGE">
   <fname>UNIQUE_REF</fname>
   <type>CHAR(16)</type>
 </MESSAGE>
 <MESSAGE xmlns="MESSAGE">
   <fname>SRGW_EXPORT_SERIAL</fname>
   <type>CHAR(40)</type>
 </MESSAGE>
 <MESSAGE xmlns="MESSAGE">
   <fname>MSGTYPE</fname>
   <type>CHAR(20)</type>
 </MESSAGE>
 <MESSAGE xmlns="MESSAGE">
   <fname>CHILDQ_CREATE_FLG</fname>
   <type>CHAR(1)</type>
 </MESSAGE>
 <MESSAGE xmlns="MESSAGE">
   <fname>FASTER_SENT_IND</fname>
   <type>CHAR(1)</type>
 </MESSAGE>
 <MESSAGE xmlns="MESSAGE">
   <fname>CTR_BTR_FLG</fname>
   <type>CHAR(1)</type>
 </MESSAGE>
 <MESSAGE xmlns="MESSAGE">
   <fname>DIRECTION_FLG</fname>
   <type>CHAR(1)</type>
 </MESSAGE>
 <MESSAGE xmlns="MESSAGE">
   <fname>BLACKLIST_FLG</fname>
   <type>CHAR(1)</type>
 </MESSAGE>
 <MESSAGE xmlns="MESSAGE">
   <fname>MPA_PDM_FLG</fname>
   <type>CHAR(1)</type>
 </MESSAGE>
 <MESSAGE xmlns="MESSAGE">
   <fname>CHG_IB2</fname>
   <type>CHAR(1)</type>
 </MESSAGE>
 <MESSAGE xmlns="MESSAGE">
   <fname>CHG_IB3</fname>
   <type>CHAR(1)</type>
 </MESSAGE>
 <MESSAGE xmlns="MESSAGE">
   <fname>PARTY_3_PIN_REF_ID</fname>
   <type>CHAR(11)</type>
 </MESSAGE>
 <MESSAGE xmlns="MESSAGE">
   <fname>PARTY_3_PIN_CALLER</fname>
   <type>CHAR(35)</type>
 </MESSAGE>
 <MESSAGE xmlns="MESSAGE">
   <fname>PROCESSING_WEIGHT</fname>
   <type>CHAR(1)</type>
 </MESSAGE>
 <MESSAGE xmlns="MESSAGE">
   <fname>IMPOSED_CHANNEL</fname>
   <type>CHAR(1)</type>
 </MESSAGE>
 <MESSAGE xmlns="MESSAGE">
   <fname>GENNED_AUTO_RETURN</fname>
   <type>CHAR(1)</type>
 </MESSAGE>
 <MESSAGE xmlns="MESSAGE">
   <fname>ACH_SRC_TYPE</fname>
   <type>CHAR(1)</type>
 </MESSAGE>
 <MESSAGE xmlns="MESSAGE">
   <fname>BISI_LINK_SRC</fname>
   <type>CHAR(3)</type>
 </MESSAGE>
 <MESSAGE xmlns="MESSAGE">
   <fname>RMSG_ORIG_TRN_DATE</fname>
   <type>CHAR(8)</type>
 </MESSAGE>
 <MESSAGE xmlns="MESSAGE">
   <fname>RMSG_ORIG_TRN_REF</fname>
   <type>CHAR(8)</type>
 </MESSAGE>
 <MESSAGE xmlns="MESSAGE">
   <fname>RMSG_ORIG_REF</fname>
   <type>CHAR(35)</type>
 </MESSAGE>
 <MESSAGE xmlns="MESSAGE">
   <fname>RMSG_ORIG_CSTMREF</fname>
   <type>CHAR(35)</type>
 </MESSAGE>
 <MESSAGE xmlns="MESSAGE">
   <fname>RMSG_TRN_DATE</fname>
   <type>CHAR(8)</type>
 </MESSAGE>
 <MESSAGE xmlns="MESSAGE">
   <fname>RMSG_TRN_REF</fname>
   <type>CHAR(8)</type>
 </MESSAGE>
 <MESSAGE xmlns="MESSAGE">
   <fname>RMSG_REF</fname>
   <type>CHAR(35)</type>
 </MESSAGE>
 <MESSAGE xmlns="MESSAGE">
   <fname>RMSG_CSTMREF</fname>
   <type>CHAR(35)</type>
 </MESSAGE>
 <MESSAGE xmlns="MESSAGE">
   <fname>PREV_STOP_INTERCEPT</fname>
   <type>CHAR(1)</type>
 </MESSAGE>
 <MESSAGE xmlns="MESSAGE">
   <fname>TIMEOUT_FLAG</fname>
   <type>CHAR(1)</type>
 </MESSAGE>
 <MESSAGE xmlns="MESSAGE">
   <fname>ORIG_EXCH_RATE_FLG</fname>
   <type>CHAR(1)</type>
 </MESSAGE>
 <MESSAGE xmlns="MESSAGE">
   <fname>CALC_RATE_USED_FLG</fname>
   <type>CHAR(1)</type>
 </MESSAGE>
 <MESSAGE xmlns="MESSAGE">
   <fname>PSD_OVERRIDDEN_FLG</fname>
   <type>CHAR(1)</type>
 </MESSAGE>
 <MESSAGE xmlns="MESSAGE">
   <fname>ORIG_BNP_CHG_FLG</fname>
   <type>CHAR(1)</type>
 </MESSAGE>
 <MESSAGE xmlns="MESSAGE">
   <fname>RECALLPENDING</fname>
   <type>CHAR(1)</type>
 </MESSAGE>
 <MESSAGE xmlns="MESSAGE">
   <fname>RECALLRELATEDTRNREFDATE</fname>
   <type>CHAR(8)</type>
 </MESSAGE>
 <MESSAGE xmlns="MESSAGE">
   <fname>RECALLRELATEDTRNREFNUM</fname>
   <type>CHAR(8)</type>
 </MESSAGE>
 <MESSAGE xmlns="MESSAGE">
   <fname>SWIFT_STANDARDS_IND</fname>
   <type>CHAR(20)</type>
 </MESSAGE>
 <MESSAGE xmlns="MESSAGE">
   <fname>DFA_TRANSACTION_FLG</fname>
   <type>CHAR(1)</type>
 </MESSAGE>
 <MESSAGE xmlns="MESSAGE">
   <fname>PAYMENT_PURPOSE_FLG</fname>
   <type>CHAR(1)</type>
 </MESSAGE>
 <MESSAGE xmlns="MESSAGE">
   <fname>APPHDR_FORMAT</fname>
   <type>CHAR(3)</type>
 </MESSAGE>
 <MESSAGE xmlns="MESSAGE">
   <fname>MQACCOUNTINGTOKEN</fname>
   <type>CHAR(32)</type>
 </MESSAGE>
 <MESSAGE xmlns="MESSAGE">
   <fname>MQAPPLIDENTITYDATA</fname>
   <type>CHAR(32)</type>
 </MESSAGE>
 <MESSAGE xmlns="MESSAGE">
   <fname>MQAPPLORIGINDATA</fname>
   <type>CHAR(32)</type>
 </MESSAGE>
 <MESSAGE xmlns="MESSAGE">
   <fname>MQBACKOUTCOUNT</fname>
   <type>INTEGER EXTERNAL</type>
 </MESSAGE>
 <MESSAGE xmlns="MESSAGE">
   <fname>MQCORRELID</fname>
   <type>CHAR (24)</type>
 </MESSAGE>
 <MESSAGE xmlns="MESSAGE">
   <fname>MQMSGID</fname>
   <type>CHAR (24)</type>
 </MESSAGE>
 <MESSAGE xmlns="MESSAGE">
   <fname>MQMSGTYPE</fname>
   <type>INTEGER EXTERNAL</type>
 </MESSAGE>
 <MESSAGE xmlns="MESSAGE">
   <fname>MQPRIORITY</fname>
   <type>INTEGER EXTERNAL</type>
 </MESSAGE>
 <MESSAGE xmlns="MESSAGE">
   <fname>MQREPLYTOQ</fname>
   <type>CHAR (48)</type>
 </MESSAGE>
 <MESSAGE xmlns="MESSAGE">
   <fname>MQREPLYTOQMGR</fname>
   <type>CHAR (48)</type>
 </MESSAGE>
 <MESSAGE xmlns="MESSAGE">
   <fname>MQREPORT</fname>
   <type>INTEGER EXTERNAL</type>
 </MESSAGE>
 <MESSAGE xmlns="MESSAGE">
   <fname>SWIFTNET_SERVICE_CODE</fname>
   <type>CHAR (80)</type>
 </MESSAGE>
 <MESSAGE xmlns="MESSAGE">
   <fname>TRANSPORT_FORMAT</fname>
   <type>CHAR (3)</type>
 </MESSAGE>
 <MESSAGE xmlns="MESSAGE">
   <fname>UNIFI_TYPE_CODE</fname>
   <type>CHAR (80)</type>
 </MESSAGE>
 <MESSAGE_ACCTG xmlns="MESSAGE_ACCTG">
   <fname>TRN_DATE</fname>
   <type>DATE YYYYMMDD</type>
 </MESSAGE_ACCTG>
 <MESSAGE_ACCTG xmlns="MESSAGE_ACCTG">
   <fname>TRN_NUMBER</fname>
   <type>DECIMAL EXTERNAL(8)</type>
 </MESSAGE_ACCTG>
 <MESSAGE_ACCTG xmlns="MESSAGE_ACCTG">
   <fname>ACCTG_IDTYPE</fname>
   <type>CHAR(1)</type>
 </MESSAGE_ACCTG>
 <MESSAGE_ACCTG xmlns="MESSAGE_ACCTG">
   <fname>ACCTG_ACCOUNT</fname>
   <type>CHAR(30)</type>
 </MESSAGE_ACCTG>
 <MESSAGE_ACCTG xmlns="MESSAGE_ACCTG">
   <fname>AMOUNT</fname>
   <type>DECIMAL EXTERNAL(22)</type>
 </MESSAGE_ACCTG>
 <MESSAGE_ACCTG xmlns="MESSAGE_ACCTG">
   <fname>STS_DBT_CDT</fname>
   <type>CHAR(1)</type>
 </MESSAGE_ACCTG>
 <MESSAGE_ACCTG xmlns="MESSAGE_ACCTG">
   <fname>STS_CROSS_BANK</fname>
   <type>CHAR(1)</type>
 </MESSAGE_ACCTG>
 <MESSAGE_ACCTG xmlns="MESSAGE_ACCTG">
   <fname>STS_PRIMARY</fname>
   <type>CHAR(1)</type>
 </MESSAGE_ACCTG>
 <MESSAGE_ACCTG xmlns="MESSAGE_ACCTG">
   <fname>BANK</fname>
   <type>CHAR(3)</type>
 </MESSAGE_ACCTG>
 <MESSAGE_ACCTG xmlns="MESSAGE_ACCTG">
   <fname>LOC</fname>
   <type>CHAR(6)</type>
 </MESSAGE_ACCTG>
 <MESSAGE_ACCTG xmlns="MESSAGE_ACCTG">
   <fname>TRAN_TYPE</fname>
   <type>CHAR(3)</type>
 </MESSAGE_ACCTG>
 <MESSAGE_ACCTG xmlns="MESSAGE_ACCTG">
   <fname>REPETITIVE_ID</fname>
   <type>CHAR(48)</type>
 </MESSAGE_ACCTG>
 <MESSAGE_ACCTG xmlns="MESSAGE_ACCTG">
   <fname>SOURCE_CD</fname>
   <type>CHAR(3)</type>
 </MESSAGE_ACCTG>
 <MESSAGE_ACCTG xmlns="MESSAGE_ACCTG">
   <fname>INSTR_ADV_TYPE</fname>
   <type>CHAR(3)</type>
 </MESSAGE_ACCTG>
 <MESSAGE_ACCTG xmlns="MESSAGE_ACCTG">
   <fname>TYPE_CD</fname>
   <type>CHAR(2)</type>
 </MESSAGE_ACCTG>
 <MESSAGE_ACCTG xmlns="MESSAGE_ACCTG">
   <fname>SUBTYPE</fname>
   <type>CHAR(2)</type>
 </MESSAGE_ACCTG>
 <MESSAGE_ACCTG xmlns="MESSAGE_ACCTG">
   <fname>IN_TYPE_CD</fname>
   <type>CHAR(2)</type>
 </MESSAGE_ACCTG>
 <MESSAGE_ACCTG xmlns="MESSAGE_ACCTG">
   <fname>IN_SUBTYPE</fname>
   <type>CHAR(2)</type>
 </MESSAGE_ACCTG>
 <MESSAGE_ACCTG xmlns="MESSAGE_ACCTG">
   <fname>DBT_CHRG</fname>
   <type>CHAR(1)</type>
 </MESSAGE_ACCTG>
 <MESSAGE_ACCTG xmlns="MESSAGE_ACCTG">
   <fname>CDT_CHRG</fname>
   <type>CHAR(1)</type>
 </MESSAGE_ACCTG>
 <MESSAGE_ACCTG xmlns="MESSAGE_ACCTG">
   <fname>COMMISSION</fname>
   <type>CHAR(1)</type>
 </MESSAGE_ACCTG>
 <MESSAGE_ACCTG xmlns="MESSAGE_ACCTG">
   <fname>CBL_CHARGE</fname>
   <type>CHAR(1)</type>
 </MESSAGE_ACCTG>
 <MESSAGE_ACCTG xmlns="MESSAGE_ACCTG">
   <fname>WIRE_TYPE</fname>
   <type>CHAR(3)</type>
 </MESSAGE_ACCTG>
 <MESSAGE_ACCTG xmlns="MESSAGE_ACCTG">
   <fname>IDTYPE</fname>
   <type>CHAR(1)</type>
 </MESSAGE_ACCTG>
 <MESSAGE_ACCTG xmlns="MESSAGE_ACCTG">
   <fname>ID</fname>
   <type>CHAR(64)</type>
 </MESSAGE_ACCTG>
 <MESSAGE_ACCTG xmlns="MESSAGE_ACCTG">
   <fname>NAME1</fname>
   <type>CHAR(35)</type>
 </MESSAGE_ACCTG>
 <MESSAGE_ACCTG xmlns="MESSAGE_ACCTG">
   <fname>NOF_FLAG</fname>
   <type>CHAR(1)</type>
 </MESSAGE_ACCTG>
 <MESSAGE_ACCTG xmlns="MESSAGE_ACCTG">
   <fname>TRAN_NAME_C1</fname>
   <type>CHAR(8)</type>
 </MESSAGE_ACCTG>
 <MESSAGE_ACCTG xmlns="MESSAGE_ACCTG">
   <fname>TRAN_NAME_C2</fname>
   <type>CHAR(8)</type>
 </MESSAGE_ACCTG>
 <MESSAGE_ACCTG xmlns="MESSAGE_ACCTG">
   <fname>TRAN_NAME_C3</fname>
   <type>CHAR(8)</type>
 </MESSAGE_ACCTG>
 <MESSAGE_ACCTG xmlns="MESSAGE_ACCTG">
   <fname>TRAN_NAME_C4</fname>
   <type>CHAR(8)</type>
 </MESSAGE_ACCTG>
 <MESSAGE_ACCTG xmlns="MESSAGE_ACCTG">
   <fname>TRAN_NAME_C5</fname>
   <type>CHAR(8)</type>
 </MESSAGE_ACCTG>
 <MESSAGE_ACCTG xmlns="MESSAGE_ACCTG">
   <fname>TRAN_NAME_C6</fname>
   <type>CHAR(8)</type>
 </MESSAGE_ACCTG>
 <MESSAGE_ACCTG xmlns="MESSAGE_ACCTG">
   <fname>TRAN_NAME_C7</fname>
   <type>CHAR(8)</type>
 </MESSAGE_ACCTG>
 <MESSAGE_ACCTG xmlns="MESSAGE_ACCTG">
   <fname>TRAN_NAME_C8</fname>
   <type>CHAR(8)</type>
 </MESSAGE_ACCTG>
 <MESSAGE_ACCTG xmlns="MESSAGE_ACCTG">
   <fname>TRAN_NAME_C9</fname>
   <type>CHAR(8)</type>
 </MESSAGE_ACCTG>
 <MESSAGE_ACCTG xmlns="MESSAGE_ACCTG">
   <fname>TRAN_NAME_C10</fname>
   <type>CHAR(8)</type>
 </MESSAGE_ACCTG>
 <MESSAGE_ACCTG xmlns="MESSAGE_ACCTG">
   <fname>DEPT</fname>
   <type>CHAR(20)</type>
 </MESSAGE_ACCTG>
 <MESSAGE_ACCTG xmlns="MESSAGE_ACCTG">
   <fname>SERIAL</fname>
   <type>CHAR(10)</type>
 </MESSAGE_ACCTG>
 <MESSAGE_ACCTG xmlns="MESSAGE_ACCTG">
   <fname>ACC_CLASS</fname>
   <type>CHAR(6)</type>
 </MESSAGE_ACCTG>
 <MESSAGE_ACCTG xmlns="MESSAGE_ACCTG">
   <fname>ADR_COUNTRY</fname>
   <type>CHAR(2)</type>
 </MESSAGE_ACCTG>
 <MESSAGE_ACCTG xmlns="MESSAGE_ACCTG">
   <fname>ADR_TYPE</fname>
   <type>CHAR(1)</type>
 </MESSAGE_ACCTG>
 <MESSAGE_ACCTG xmlns="MESSAGE_ACCTG">
   <fname>ADR_SUBTYP</fname>
   <type>CHAR(3)</type>
 </MESSAGE_ACCTG>
 <MESSAGE_ACCTG xmlns="MESSAGE_ACCTG">
   <fname>SEC_ACCTG_FLG</fname>
   <type>CHAR(16)</type>
 </MESSAGE_ACCTG>
 <MESSAGE_ACCTG xmlns="MESSAGE_ACCTG">
   <fname>SEC_ACCTG_AMT</fname>
   <type>DECIMAL EXTERNAL(22)</type>
 </MESSAGE_ACCTG>
 <MESSAGE_ACCTG xmlns="MESSAGE_ACCTG">
   <fname>OFFSET_IDTYPE</fname>
   <type>CHAR(1)</type>
 </MESSAGE_ACCTG>
 <MESSAGE_ACCTG xmlns="MESSAGE_ACCTG">
   <fname>OFFSET_ID</fname>
   <type>CHAR(64)</type>
 </MESSAGE_ACCTG>
 <MESSAGE_ACCTG xmlns="MESSAGE_ACCTG">
   <fname>OFFSET_NAME1</fname>
   <type>CHAR(35)</type>
 </MESSAGE_ACCTG>
 <MESSAGE_ACCTG xmlns="MESSAGE_ACCTG">
   <fname>FUNDS_TYPE</fname>
   <type>CHAR(1)</type>
 </MESSAGE_ACCTG>
 <MESSAGE_ACCTG xmlns="MESSAGE_ACCTG">
   <fname>SBK_REF_NUM</fname>
   <type>CHAR(20)</type>
 </MESSAGE_ACCTG>
 <MESSAGE_ACCTG xmlns="MESSAGE_ACCTG">
   <fname>OBK_REF_NUM</fname>
   <type>CHAR(20)</type>
 </MESSAGE_ACCTG>
 <MESSAGE_ACCTG xmlns="MESSAGE_ACCTG">
   <fname>ORP_REF_NUM</fname>
   <type>CHAR(20)</type>
 </MESSAGE_ACCTG>
 <MESSAGE_ACCTG xmlns="MESSAGE_ACCTG">
   <fname>ASC_AMOUNT</fname>
   <type>CHAR(18)</type>
 </MESSAGE_ACCTG>
 <MESSAGE_ACCTG xmlns="MESSAGE_ACCTG">
   <fname>ASC_SEC_AMT</fname>
   <type>CHAR(18)</type>
 </MESSAGE_ACCTG>
 <MESSAGE_ACCTG xmlns="MESSAGE_ACCTG">
   <fname>REC_TYPE</fname>
   <type>CHAR(1)</type>
 </MESSAGE_ACCTG>
 <MESSAGE_ACCTG xmlns="MESSAGE_ACCTG">
   <fname>LAST_ADDR</fname>
   <type>CHAR(35)</type>
 </MESSAGE_ACCTG>
 <MESSAGE_ACCTG xmlns="MESSAGE_ACCTG">
   <fname>DBT_AUTH_FLAG</fname>
   <type>CHAR(1)</type>
 </MESSAGE_ACCTG>
 <MESSAGE_ACCTG xmlns="MESSAGE_ACCTG">
   <fname>CDT_RECON_REF</fname>
   <type>CHAR(12)</type>
 </MESSAGE_ACCTG>
 <MESSAGE_ACCTG xmlns="MESSAGE_ACCTG">
   <fname>DBT_RECON_REF</fname>
   <type>CHAR(12)</type>
 </MESSAGE_ACCTG>
 <MESSAGE_ACCTG xmlns="MESSAGE_ACCTG">
   <fname>CUR_CODE</fname>
   <type>CHAR(3)</type>
 </MESSAGE_ACCTG>
 <MESSAGE_CR xmlns="MESSAGE_CR">
   <fname>CDT_IDTYPE</fname>
   <type>CHAR(1)</type>
 </MESSAGE_CR>
 <MESSAGE_CR xmlns="MESSAGE_CR">
   <fname>CDT_ID</fname>
   <type>CHAR(64)</type>
 </MESSAGE_CR>
 <MESSAGE_CR xmlns="MESSAGE_CR">
   <fname>CDT_NAME1</fname>
   <type>CHAR(35)</type>
 </MESSAGE_CR>
 <MESSAGE_CR xmlns="MESSAGE_CR">
   <fname>CDT_NAME2</fname>
   <type>CHAR(35)</type>
 </MESSAGE_CR>
 <MESSAGE_CR xmlns="MESSAGE_CR">
   <fname>CDT_NAME3</fname>
   <type>CHAR(35)</type>
 </MESSAGE_CR>
 <MESSAGE_CR xmlns="MESSAGE_CR">
   <fname>CDT_NAME4</fname>
   <type>CHAR(35)</type>
 </MESSAGE_CR>
 <MESSAGE_CR xmlns="MESSAGE_CR">
   <fname>CDT_NOF_FLAG</fname>
   <type>CHAR(1)</type>
 </MESSAGE_CR>
 <MESSAGE_CR xmlns="MESSAGE_CR">
   <fname>CDT_TRAN_NAME_C1</fname>
   <type>CHAR(8)</type>
 </MESSAGE_CR>
 <MESSAGE_CR xmlns="MESSAGE_CR">
   <fname>CDT_TRAN_NAME_C2</fname>
   <type>CHAR(8)</type>
 </MESSAGE_CR>
 <MESSAGE_CR xmlns="MESSAGE_CR">
   <fname>CDT_TRAN_NAME_C3</fname>
   <type>CHAR(8)</type>
 </MESSAGE_CR>
 <MESSAGE_CR xmlns="MESSAGE_CR">
   <fname>CDT_TRAN_NAME_C4</fname>
   <type>CHAR(8)</type>
 </MESSAGE_CR>
 <MESSAGE_CR xmlns="MESSAGE_CR">
   <fname>CDT_TRAN_NAME_C5</fname>
   <type>CHAR(8)</type>
 </MESSAGE_CR>
 <MESSAGE_CR xmlns="MESSAGE_CR">
   <fname>CDT_TRAN_NAME_C6</fname>
   <type>CHAR(8)</type>
 </MESSAGE_CR>
 <MESSAGE_CR xmlns="MESSAGE_CR">
   <fname>CDT_TRAN_NAME_C7</fname>
   <type>CHAR(8)</type>
 </MESSAGE_CR>
 <MESSAGE_CR xmlns="MESSAGE_CR">
   <fname>CDT_TRAN_NAME_C8</fname>
   <type>CHAR(8)</type>
 </MESSAGE_CR>
 <MESSAGE_CR xmlns="MESSAGE_CR">
   <fname>CDT_TRAN_NAME_C9</fname>
   <type>CHAR(8)</type>
 </MESSAGE_CR>
 <MESSAGE_CR xmlns="MESSAGE_CR">
   <fname>CDT_TRAN_NAME_C10</fname>
   <type>CHAR(8)</type>
 </MESSAGE_CR>
 <MESSAGE_CR xmlns="MESSAGE_CR">
   <fname>CDT_DEPT</fname>
   <type>CHAR(20)</type>
 </MESSAGE_CR>
 <MESSAGE_CR xmlns="MESSAGE_CR">
   <fname>CDT_SERIAL</fname>
   <type>CHAR(10)</type>
 </MESSAGE_CR>
 <MESSAGE_CR xmlns="MESSAGE_CR">
   <fname>CDT_ACCTG_IDTYPE</fname>
   <type>CHAR(1)</type>
 </MESSAGE_CR>
 <MESSAGE_CR xmlns="MESSAGE_CR">
   <fname>CDT_ACCTG_SLASH</fname>
   <type>CHAR(1)</type>
 </MESSAGE_CR>
 <MESSAGE_CR xmlns="MESSAGE_CR">
   <fname>CDT_ACCTG_ACCOUNT</fname>
   <type>CHAR(30)</type>
 </MESSAGE_CR>
 <MESSAGE_CR xmlns="MESSAGE_CR">
   <fname>CDT_DISTRICT</fname>
   <type>CHAR(2)</type>
 </MESSAGE_CR>
 <MESSAGE_CR xmlns="MESSAGE_CR">
   <fname>CDT_OFFICE</fname>
   <type>CHAR(10)</type>
 </MESSAGE_CR>
 <MESSAGE_CR xmlns="MESSAGE_CR">
   <fname>CDT_ACC_CLASS</fname>
   <type>CHAR(6)</type>
 </MESSAGE_CR>
 <MESSAGE_CR xmlns="MESSAGE_CR">
   <fname>CDT_ADR_COUNTRY</fname>
   <type>CHAR(2)</type>
 </MESSAGE_CR>
 <MESSAGE_CR xmlns="MESSAGE_CR">
   <fname>CDT_ADR_TYPE</fname>
   <type>CHAR(1)</type>
 </MESSAGE_CR>
 <MESSAGE_CR xmlns="MESSAGE_CR">
   <fname>CDT_ADR_SUBTYP</fname>
   <type>CHAR(3)</type>
 </MESSAGE_CR>
 <MESSAGE_CR xmlns="MESSAGE_CR">
   <fname>CDT_SEC_ACCTG_FLG</fname>
   <type>INTEGER EXTERNAL(11)</type>
 </MESSAGE_CR>
 <MESSAGE_CR xmlns="MESSAGE_CR">
   <fname>CDT_SEC_ACCTG_AMT</fname>
   <type>DECIMAL EXTERNAL(20)</type>
 </MESSAGE_CR>
 <MESSAGE_CR xmlns="MESSAGE_CR">
   <fname>CDT_TER_ACCTG_FLG</fname>
   <type>INTEGER EXTERNAL(11)</type>
 </MESSAGE_CR>
 <MESSAGE_CR xmlns="MESSAGE_CR">
   <fname>CDT_TER_ACCTG_AMT</fname>
   <type>DECIMAL EXTERNAL(20)</type>
 </MESSAGE_CR>
 <MESSAGE_CR xmlns="MESSAGE_CR">
   <fname>CDT_HOLD_FLG</fname>
   <type>CHAR(1)</type>
 </MESSAGE_CR>
 <MESSAGE_CR xmlns="MESSAGE_CR">
   <fname>CDT_AMOUNT</fname>
   <type>DECIMAL EXTERNAL(20)</type>
 </MESSAGE_CR>
 <MESSAGE_CR xmlns="MESSAGE_CR">
   <fname>CDT_CURRENCY</fname>
   <type>CHAR(3)</type>
 </MESSAGE_CR>
 <MESSAGE_CR xmlns="MESSAGE_CR">
   <fname>CDT_SHNAM</fname>
   <type>CHAR(20)</type>
 </MESSAGE_CR>
 <MESSAGE_CR xmlns="MESSAGE_CR">
   <fname>CDT_RT_CODE</fname>
   <type>CHAR(6)</type>
 </MESSAGE_CR>
 <MESSAGE_CR xmlns="MESSAGE_CR">
   <fname>CDT_ADV_INST1</fname>
   <type>CHAR(35)</type>
 </MESSAGE_CR>
 <MESSAGE_CR xmlns="MESSAGE_CR">
   <fname>CDT_ADV_INST2</fname>
   <type>CHAR(35)</type>
 </MESSAGE_CR>
 <MESSAGE_CR xmlns="MESSAGE_CR">
   <fname>CDT_ADV_INST3</fname>
   <type>CHAR(35)</type>
 </MESSAGE_CR>
 <MESSAGE_CR xmlns="MESSAGE_CR">
   <fname>CDT_SEC_SUB_ACCT</fname>
   <type>CHAR(61)</type>
 </MESSAGE_CR>
 <MESSAGE_CR xmlns="MESSAGE_CR">
   <fname>CDT_ACC_PROD_CODE</fname>
   <type>CHAR(20)</type>
 </MESSAGE_CR>
 <MESSAGE_CR xmlns="MESSAGE_CR">
   <fname>CDT_DELIVERY_FLG</fname>
   <type>CHAR(1)</type>
 </MESSAGE_CR>
 <MESSAGE_CR xmlns="MESSAGE_CR">
   <fname>CDT_ACC_PARENT</fname>
   <type>CHAR(10)</type>
 </MESSAGE_CR>
 <MESSAGE_CR xmlns="MESSAGE_CR">
   <fname>CDT_RECON_REF</fname>
   <type>CHAR(12)</type>
 </MESSAGE_CR>
 <MESSAGE_CR xmlns="MESSAGE_CR">
   <fname>CDT_CUSTOMER_ID</fname>
   <type>CHAR(20)</type>
 </MESSAGE_CR>
 <MESSAGE_CR xmlns="MESSAGE_CR">
   <fname>BBK_IDTYPE</fname>
   <type>CHAR(1)</type>
 </MESSAGE_CR>
 <MESSAGE_CR xmlns="MESSAGE_CR">
   <fname>BBK_ID</fname>
   <type>CHAR(64)</type>
 </MESSAGE_CR>
 <MESSAGE_CR xmlns="MESSAGE_CR">
   <fname>BBK_NAME1</fname>
   <type>CHAR(35)</type>
 </MESSAGE_CR>
 <MESSAGE_CR xmlns="MESSAGE_CR">
   <fname>BBK_NAME2</fname>
   <type>CHAR(35)</type>
 </MESSAGE_CR>
 <MESSAGE_CR xmlns="MESSAGE_CR">
   <fname>BBK_NAME3</fname>
   <type>CHAR(35)</type>
 </MESSAGE_CR>
 <MESSAGE_CR xmlns="MESSAGE_CR">
   <fname>BBK_NAME4</fname>
   <type>CHAR(35)</type>
 </MESSAGE_CR>
 <MESSAGE_CR xmlns="MESSAGE_CR">
   <fname>BBK_ADV_INST1</fname>
   <type>CHAR(35)</type>
 </MESSAGE_CR>
 <MESSAGE_CR xmlns="MESSAGE_CR">
   <fname>BBK_ADV_INST2</fname>
   <type>CHAR(35)</type>
 </MESSAGE_CR>
 <MESSAGE_CR xmlns="MESSAGE_CR">
   <fname>BBK_ADV_INST3</fname>
   <type>CHAR(35)</type>
 </MESSAGE_CR>
 <MESSAGE_CR xmlns="MESSAGE_CR">
   <fname>BBK_SECWIR</fname>
   <type>CHAR(1)</type>
 </MESSAGE_CR>
 <MESSAGE_CR xmlns="MESSAGE_CR">
   <fname>BNP_IDTYPE</fname>
   <type>CHAR(1)</type>
 </MESSAGE_CR>
 <MESSAGE_CR xmlns="MESSAGE_CR">
   <fname>BNP_ID</fname>
   <type>CHAR(64)</type>
 </MESSAGE_CR>
 <MESSAGE_CR xmlns="MESSAGE_CR">
   <fname>BNP_NAME1</fname>
   <type>CHAR(35)</type>
 </MESSAGE_CR>
 <MESSAGE_CR xmlns="MESSAGE_CR">
   <fname>BNP_NAME2</fname>
   <type>CHAR(35)</type>
 </MESSAGE_CR>
 <MESSAGE_CR xmlns="MESSAGE_CR">
   <fname>BNP_NAME3</fname>
   <type>CHAR(35)</type>
 </MESSAGE_CR>
 <MESSAGE_CR xmlns="MESSAGE_CR">
   <fname>BNP_NAME4</fname>
   <type>CHAR(35)</type>
 </MESSAGE_CR>
 <MESSAGE_CR xmlns="MESSAGE_CR">
   <fname>BNP_ADV_INST1</fname>
   <type>CHAR(35)</type>
 </MESSAGE_CR>
 <MESSAGE_CR xmlns="MESSAGE_CR">
   <fname>BNP_ADV_INST2</fname>
   <type>CHAR(35)</type>
 </MESSAGE_CR>
 <MESSAGE_CR xmlns="MESSAGE_CR">
   <fname>BNP_ADV_INST3</fname>
   <type>CHAR(35)</type>
 </MESSAGE_CR>
 <MESSAGE_CR xmlns="MESSAGE_CR">
   <fname>BNP_BNK_FLG</fname>
   <type>CHAR(1)</type>
 </MESSAGE_CR>
 <MESSAGE_CR xmlns="MESSAGE_CR">
   <fname>BNP_CHARGE_FLG</fname>
   <type>CHAR(1)</type>
 </MESSAGE_CR>
 <MESSAGE_CR xmlns="MESSAGE_CR">
   <fname>IBK_IDTYPE</fname>
   <type>CHAR(1)</type>
 </MESSAGE_CR>
 <MESSAGE_CR xmlns="MESSAGE_CR">
   <fname>IBK_ID</fname>
   <type>CHAR(64)</type>
 </MESSAGE_CR>
 <MESSAGE_CR xmlns="MESSAGE_CR">
   <fname>IBK_NAME1</fname>
   <type>CHAR(35)</type>
 </MESSAGE_CR>
 <MESSAGE_CR xmlns="MESSAGE_CR">
   <fname>IBK_NAME2</fname>
   <type>CHAR(35)</type>
 </MESSAGE_CR>
 <MESSAGE_CR xmlns="MESSAGE_CR">
   <fname>IBK_NAME3</fname>
   <type>CHAR(35)</type>
 </MESSAGE_CR>
 <MESSAGE_CR xmlns="MESSAGE_CR">
   <fname>IBK_NAME4</fname>
   <type>CHAR(35)</type>
 </MESSAGE_CR>
 <MESSAGE_CR xmlns="MESSAGE_CR">
   <fname>IBK_ADV_INST1</fname>
   <type>CHAR(35)</type>
 </MESSAGE_CR>
 <MESSAGE_CR xmlns="MESSAGE_CR">
   <fname>IBK_ADV_INST2</fname>
   <type>CHAR(35)</type>
 </MESSAGE_CR>
 <MESSAGE_CR xmlns="MESSAGE_CR">
   <fname>IBK_ADV_INST3</fname>
   <type>CHAR(35)</type>
 </MESSAGE_CR>
 <MESSAGE_CR xmlns="MESSAGE_CR">
   <fname>IBK_SECWIR</fname>
   <type>CHAR(1)</type>
 </MESSAGE_CR>
 <MESSAGE_CR xmlns="MESSAGE_CR">
   <fname>IB1_IDTYPE</fname>
   <type>CHAR(1)</type>
 </MESSAGE_CR>
 <MESSAGE_CR xmlns="MESSAGE_CR">
   <fname>IB1_IB1_ID</fname>
   <type>CHAR(64)</type>
 </MESSAGE_CR>
 <MESSAGE_CR xmlns="MESSAGE_CR">
   <fname>IB1_NAME1</fname>
   <type>CHAR(35)</type>
 </MESSAGE_CR>
 <MESSAGE_CR xmlns="MESSAGE_CR">
   <fname>IB1_NAME2</fname>
   <type>CHAR(35)</type>
 </MESSAGE_CR>
 <MESSAGE_CR xmlns="MESSAGE_CR">
   <fname>IB1_NAME3</fname>
   <type>CHAR(35)</type>
 </MESSAGE_CR>
 <MESSAGE_CR xmlns="MESSAGE_CR">
   <fname>IB1_NAME4</fname>
   <type>CHAR(35)</type>
 </MESSAGE_CR>
 <MESSAGE_CR xmlns="MESSAGE_CR">
   <fname>IB1_ADV_INST1</fname>
   <type>CHAR(35)</type>
 </MESSAGE_CR>
 <MESSAGE_CR xmlns="MESSAGE_CR">
   <fname>IB1_ADV_INST2</fname>
   <type>CHAR(35)</type>
 </MESSAGE_CR>
 <MESSAGE_CR xmlns="MESSAGE_CR">
   <fname>IB1_ADV_INST3</fname>
   <type>CHAR(35)</type>
 </MESSAGE_CR>
 <MESSAGE_CR xmlns="MESSAGE_CR">
   <fname>ORP_BEN_INF1</fname>
   <type>CHAR(35)</type>
 </MESSAGE_CR>
 <MESSAGE_CR xmlns="MESSAGE_CR">
   <fname>ORP_BEN_INF2</fname>
   <type>CHAR(35)</type>
 </MESSAGE_CR>
 <MESSAGE_CR xmlns="MESSAGE_CR">
   <fname>ORP_BEN_INF3</fname>
   <type>CHAR(35)</type>
 </MESSAGE_CR>
 <MESSAGE_CR xmlns="MESSAGE_CR">
   <fname>ORP_BEN_INF4</fname>
   <type>CHAR(35)</type>
 </MESSAGE_CR>
 <MESSAGE_CR xmlns="MESSAGE_CR">
   <fname>IB1_CHIPS_UPTO</fname>
   <type>INTEGER EXTERNAL(11)</type>
 </MESSAGE_CR>
 <MESSAGE_CR xmlns="MESSAGE_CR">
   <fname>IB1_CHIPS_QUAL</fname>
   <type>INTEGER EXTERNAL(11)</type>
 </MESSAGE_CR>
 <MESSAGE_CR xmlns="MESSAGE_CR">
   <fname>IBK_CHIPS_UPTO</fname>
   <type>INTEGER EXTERNAL(11)</type>
 </MESSAGE_CR>
 <MESSAGE_CR xmlns="MESSAGE_CR">
   <fname>IBK_CHIPS_QUAL</fname>
   <type>INTEGER EXTERNAL(11)</type>
 </MESSAGE_CR>
 <MESSAGE_CR xmlns="MESSAGE_CR">
   <fname>BBK_CHIPS_UPTO</fname>
   <type>INTEGER EXTERNAL(11)</type>
 </MESSAGE_CR>
 <MESSAGE_CR xmlns="MESSAGE_CR">
   <fname>BBK_CHIPS_QUAL</fname>
   <type>INTEGER EXTERNAL(11)</type>
 </MESSAGE_CR>
 <MESSAGE_CR xmlns="MESSAGE_CR">
   <fname>BNP_CHIPS_UPTO</fname>
   <type>INTEGER EXTERNAL(11)</type>
 </MESSAGE_CR>
 <MESSAGE_CR xmlns="MESSAGE_CR">
   <fname>BNP_CHIPS_QUAL</fname>
   <type>INTEGER EXTERNAL(11)</type>
 </MESSAGE_CR>
 <MESSAGE_CR xmlns="MESSAGE_CR">
   <fname>CDT_CURRENCY_SUSP_FLG</fname>
   <type>CHAR(1)</type>
 </MESSAGE_CR>
 <MESSAGE_CR xmlns="MESSAGE_CR">
   <fname>CDT_LIM_FLG</fname>
   <type>CHAR(1)</type>
 </MESSAGE_CR>
 <MESSAGE_CR xmlns="MESSAGE_CR">
   <fname>CDT_EXCH_RATE</fname>
   <type>DECIMAL EXTERNAL(30)</type>
 </MESSAGE_CR>
 <MESSAGE_CR xmlns="MESSAGE_CR">
   <fname>CDT_ADR_BNK_ID</fname>
   <type>CHAR(3)</type>
 </MESSAGE_CR>
 <MESSAGE_CR xmlns="MESSAGE_CR">
   <fname>CDT_REL_ID</fname>
   <type>CHAR(11)</type>
 </MESSAGE_CR>
 <MESSAGE_CR xmlns="MESSAGE_CR">
   <fname>CDT_ACC_COUNTRY</fname>
   <type>CHAR(2)</type>
 </MESSAGE_CR>
 <MESSAGE_CR xmlns="MESSAGE_CR">
   <fname>CDT_ADR_CLASS</fname>
   <type>CHAR(6)</type>
 </MESSAGE_CR>
 <MESSAGE_CR xmlns="MESSAGE_CR">
   <fname>CDT_ADR_CITY</fname>
   <type>CHAR(15)</type>
 </MESSAGE_CR>
 <MESSAGE_CR xmlns="MESSAGE_CR">
   <fname>CDT_ADV_TYP</fname>
   <type>CHAR(3)</type>
 </MESSAGE_CR>
 <MESSAGE_CR xmlns="MESSAGE_CR">
   <fname>CDT_ADR_ADV_TYPE</fname>
   <type>CHAR(3)</type>
 </MESSAGE_CR>
 <MESSAGE_CR xmlns="MESSAGE_CR">
   <fname>CDT_LOCATION</fname>
   <type>CHAR(6)</type>
 </MESSAGE_CR>
 <MESSAGE_CR xmlns="MESSAGE_CR">
   <fname>CDT_RT_STATE</fname>
   <type>CHAR(1)</type>
 </MESSAGE_CR>
 <MESSAGE_CR xmlns="MESSAGE_CR">
   <fname>CDT_WIR_IDTYPE</fname>
   <type>CHAR(1)</type>
 </MESSAGE_CR>
 <MESSAGE_CR xmlns="MESSAGE_CR">
   <fname>CDT_WIR_ID</fname>
   <type>CHAR(64)</type>
 </MESSAGE_CR>
 <MESSAGE_CR xmlns="MESSAGE_CR">
   <fname>PYMNT_ADV_TYPE</fname>
   <type>CHAR(3)</type>
 </MESSAGE_CR>
 <MESSAGE_CR xmlns="MESSAGE_CR">
   <fname>PYMNT_PHN_TIME</fname>
   <type>CHAR(4)</type>
 </MESSAGE_CR>
 <MESSAGE_CR xmlns="MESSAGE_CR">
   <fname>PYMNT_Q</fname>
   <type>CHAR(65)</type>
 </MESSAGE_CR>
 <MESSAGE_CR xmlns="MESSAGE_CR">
   <fname>CDT_PAY_FLG</fname>
   <type>CHAR(1)</type>
 </MESSAGE_CR>
 <MESSAGE_CR xmlns="MESSAGE_CR">
   <fname>CDT_SECWIR_FLG</fname>
   <type>CHAR(1)</type>
 </MESSAGE_CR>
 <MESSAGE_CR xmlns="MESSAGE_CR">
   <fname>CDT_ALT_SWIFT_FLG</fname>
   <type>CHAR(1)</type>
 </MESSAGE_CR>
 <MESSAGE_CR xmlns="MESSAGE_CR">
   <fname>CDT_ID_CHG_FLG</fname>
   <type>CHAR(1)</type>
 </MESSAGE_CR>
 <MESSAGE_CR xmlns="MESSAGE_CR">
   <fname>CDT_NOF_LOOKED_UP</fname>
   <type>CHAR(1)</type>
 </MESSAGE_CR>
 <MESSAGE_CR xmlns="MESSAGE_CR">
   <fname>IB1_ADR_BNK_ID</fname>
   <type>CHAR(3)</type>
 </MESSAGE_CR>
 <MESSAGE_CR xmlns="MESSAGE_CR">
   <fname>IB1_REL_ID</fname>
   <type>CHAR(11)</type>
 </MESSAGE_CR>
 <MESSAGE_CR xmlns="MESSAGE_CR">
   <fname>IB1_SECWIR</fname>
   <type>CHAR(1)</type>
 </MESSAGE_CR>
 <MESSAGE_CR xmlns="MESSAGE_CR">
   <fname>IBK_ADR_BNK_ID</fname>
   <type>CHAR(3)</type>
 </MESSAGE_CR>
 <MESSAGE_CR xmlns="MESSAGE_CR">
   <fname>IBK_REL_ID</fname>
   <type>CHAR(11)</type>
 </MESSAGE_CR>
 <MESSAGE_CR xmlns="MESSAGE_CR">
   <fname>BBK_ADR_BNK_ID</fname>
   <type>CHAR(3)</type>
 </MESSAGE_CR>
 <MESSAGE_CR xmlns="MESSAGE_CR">
   <fname>BBK_REL_ID</fname>
   <type>CHAR(11)</type>
 </MESSAGE_CR>
 <MESSAGE_CR xmlns="MESSAGE_CR">
   <fname>CDT_PAYSYS_FMT</fname>
   <type>CHAR(1)</type>
 </MESSAGE_CR>
 <MESSAGE_CR xmlns="MESSAGE_CR">
   <fname>CDT_STATE</fname>
   <type>CHAR(3)</type>
 </MESSAGE_CR>
 <MESSAGE_CR xmlns="MESSAGE_CR">
   <fname>CDT_POSTAL_CODE</fname>
   <type>CHAR(15)</type>
 </MESSAGE_CR>
 <MESSAGE_CR xmlns="MESSAGE_CR">
   <fname>CDT_RES_COUNTRY</fname>
   <type>CHAR(2)</type>
 </MESSAGE_CR>
 <MESSAGE_CR xmlns="MESSAGE_CR">
   <fname>CDT_REF_NUM</fname>
   <type>CHAR(16)</type>
 </MESSAGE_CR>
 <MESSAGE_CR xmlns="MESSAGE_CR">
   <fname>IBK_STATE</fname>
   <type>CHAR(3)</type>
 </MESSAGE_CR>
 <MESSAGE_CR xmlns="MESSAGE_CR">
   <fname>IBK_POSTAL_CODE</fname>
   <type>CHAR(15)</type>
 </MESSAGE_CR>
 <MESSAGE_CR xmlns="MESSAGE_CR">
   <fname>IBK_RES_COUNTRY</fname>
   <type>CHAR(2)</type>
 </MESSAGE_CR>
 <MESSAGE_CR xmlns="MESSAGE_CR">
   <fname>IBK_REF_NUM</fname>
   <type>CHAR(16)</type>
 </MESSAGE_CR>
 <MESSAGE_CR xmlns="MESSAGE_CR">
   <fname>IB1_STATE</fname>
   <type>CHAR(3)</type>
 </MESSAGE_CR>
 <MESSAGE_CR xmlns="MESSAGE_CR">
   <fname>IB1_POSTAL_CODE</fname>
   <type>CHAR(15)</type>
 </MESSAGE_CR>
 <MESSAGE_CR xmlns="MESSAGE_CR">
   <fname>IB1_RES_COUNTRY</fname>
   <type>CHAR(2)</type>
 </MESSAGE_CR>
 <MESSAGE_CR xmlns="MESSAGE_CR">
   <fname>IB1_REF_NUM</fname>
   <type>CHAR(16)</type>
 </MESSAGE_CR>
 <MESSAGE_CR xmlns="MESSAGE_CR">
   <fname>BBK_STATE</fname>
   <type>CHAR(3)</type>
 </MESSAGE_CR>
 <MESSAGE_CR xmlns="MESSAGE_CR">
   <fname>BBK_POSTAL_CODE</fname>
   <type>CHAR(15)</type>
 </MESSAGE_CR>
 <MESSAGE_CR xmlns="MESSAGE_CR">
   <fname>BBK_RES_COUNTRY</fname>
   <type>CHAR(2)</type>
 </MESSAGE_CR>
 <MESSAGE_CR xmlns="MESSAGE_CR">
   <fname>BBK_REF_NUM</fname>
   <type>CHAR(16)</type>
 </MESSAGE_CR>
 <MESSAGE_CR xmlns="MESSAGE_CR">
   <fname>BNP_STATE</fname>
   <type>CHAR(3)</type>
 </MESSAGE_CR>
 <MESSAGE_CR xmlns="MESSAGE_CR">
   <fname>BNP_POSTAL_CODE</fname>
   <type>CHAR(15)</type>
 </MESSAGE_CR>
 <MESSAGE_CR xmlns="MESSAGE_CR">
   <fname>BNP_RES_COUNTRY</fname>
   <type>CHAR(2)</type>
 </MESSAGE_CR>
 <MESSAGE_CR xmlns="MESSAGE_CR">
   <fname>BNP_REF_NUM</fname>
   <type>CHAR(16)</type>
 </MESSAGE_CR>
 <MESSAGE_CR xmlns="MESSAGE_CR">
   <fname>BNP_MAILING_COUNTRY</fname>
   <type>CHAR(2)</type>
 </MESSAGE_CR>
 <MESSAGE_CR xmlns="MESSAGE_CR">
   <fname>REGULATORY_REPORT1</fname>
   <type>CHAR(35)</type>
 </MESSAGE_CR>
 <MESSAGE_CR xmlns="MESSAGE_CR">
   <fname>REGULATORY_REPORT2</fname>
   <type>CHAR(35)</type>
 </MESSAGE_CR>
 <MESSAGE_CR xmlns="MESSAGE_CR">
   <fname>REGULATORY_REPORT3</fname>
   <type>CHAR(35)</type>
 </MESSAGE_CR>
 <MESSAGE_CR xmlns="MESSAGE_CR">
   <fname>CDT_AUTH_REF</fname>
   <type>CHAR(34)</type>
 </MESSAGE_CR>
 <MESSAGE_CR xmlns="MESSAGE_CR">
   <fname>CDT_VALUE_DATE_CHG</fname>
   <type>CHAR(20)</type>
 </MESSAGE_CR>
 <MESSAGE_CR xmlns="MESSAGE_CR">
   <fname>CDT_VALUE_DATE_ADJ</fname>
   <type>CHAR(20)</type>
 </MESSAGE_CR>
 <MESSAGE_CR xmlns="MESSAGE_CR">
   <fname>CDT_VALUE_DATE_SP</fname>
   <type>CHAR(20)</type>
 </MESSAGE_CR>
 <MESSAGE_CR xmlns="MESSAGE_CR">
   <fname>CDT_BOOK_DATE_CHG</fname>
   <type>CHAR(20)</type>
 </MESSAGE_CR>
 <MESSAGE_CR xmlns="MESSAGE_CR">
   <fname>CDT_BOOK_DATE_ADJ</fname>
   <type>CHAR(20)</type>
 </MESSAGE_CR>
 <MESSAGE_CR xmlns="MESSAGE_CR">
   <fname>CDT_BOOK_DATE_SP</fname>
   <type>CHAR(20)</type>
 </MESSAGE_CR>
 <MESSAGE_CR xmlns="MESSAGE_CR">
   <fname>BNP_ADR_BNK_ID</fname>
   <type>CHAR(3)</type>
 </MESSAGE_CR>
 <MESSAGE_CR xmlns="MESSAGE_CR">
   <fname>BNP_REL_ID</fname>
   <type>CHAR(11)</type>
 </MESSAGE_CR>
 <MESSAGE_CR xmlns="MESSAGE_CR">
   <fname>CDT_CAMEFROM</fname>
   <type>CHAR(20)</type>
 </MESSAGE_CR>
 <MESSAGE_CR xmlns="MESSAGE_CR">
   <fname>IB1_CAMEFROM</fname>
   <type>CHAR(20)</type>
 </MESSAGE_CR>
 <MESSAGE_CR xmlns="MESSAGE_CR">
   <fname>IBK_CAMEFROM</fname>
   <type>CHAR(20)</type>
 </MESSAGE_CR>
 <MESSAGE_CR xmlns="MESSAGE_CR">
   <fname>BBK_CAMEFROM</fname>
   <type>CHAR(20)</type>
 </MESSAGE_CR>
 <MESSAGE_CR xmlns="MESSAGE_CR">
   <fname>BNP_CAMEFROM</fname>
   <type>CHAR(20)</type>
 </MESSAGE_CR>
 <MESSAGE_CR xmlns="MESSAGE_CR">
   <fname>CREDITSIDE_RESIDENCY</fname>
   <type>CHAR(2)</type>
 </MESSAGE_CR>
 <MESSAGE_CR xmlns="MESSAGE_CR">
   <fname>CDT_PROFILE_IDBANK</fname>
   <type>CHAR(3)</type>
 </MESSAGE_CR>
 <MESSAGE_CR xmlns="MESSAGE_CR">
   <fname>CDT_PROFILE_IDTYPE</fname>
   <type>CHAR(1)</type>
 </MESSAGE_CR>
 <MESSAGE_CR xmlns="MESSAGE_CR">
   <fname>CDT_PROFILE_IDACC</fname>
   <type>CHAR(30)</type>
 </MESSAGE_CR>
 <MESSAGE_CR xmlns="MESSAGE_CR">
   <fname>CDT_PROFILE_IDADR</fname>
   <type>CHAR(5)</type>
 </MESSAGE_CR>
 <MESSAGE_CR xmlns="MESSAGE_CR">
   <fname>CDT_PROFILE_IDPAD</fname>
   <type>CHAR(1)</type>
 </MESSAGE_CR>
 <MESSAGE_CR xmlns="MESSAGE_CR">
   <fname>CDT_BEI_FLAG</fname>
   <type>CHAR(1)</type>
 </MESSAGE_CR>
 <MESSAGE_CR xmlns="MESSAGE_CR">
   <fname>IBK_BEI_FLAG</fname>
   <type>CHAR(1)</type>
 </MESSAGE_CR>
 <MESSAGE_CR xmlns="MESSAGE_CR">
   <fname>IB1_BEI_FLAG</fname>
   <type>CHAR(1)</type>
 </MESSAGE_CR>
 <MESSAGE_CR xmlns="MESSAGE_CR">
   <fname>BBK_BEI_FLAG</fname>
   <type>CHAR(1)</type>
 </MESSAGE_CR>
 <MESSAGE_CR xmlns="MESSAGE_CR">
   <fname>BNP_BEI_FLAG</fname>
   <type>CHAR(1)</type>
 </MESSAGE_CR>
 <MESSAGE_CR xmlns="MESSAGE_CR">
   <fname>CDT_BILAT_IDBANK</fname>
   <type>CHAR(3)</type>
 </MESSAGE_CR>
 <MESSAGE_CR xmlns="MESSAGE_CR">
   <fname>CDT_BILAT_IDTYPE</fname>
   <type>CHAR(1)</type>
 </MESSAGE_CR>
 <MESSAGE_CR xmlns="MESSAGE_CR">
   <fname>CDT_BILAT_IDKEY</fname>
   <type>CHAR(30)</type>
 </MESSAGE_CR>
 <MESSAGE_CR xmlns="MESSAGE_CR">
   <fname>CDT_SEC_IDBANK</fname>
   <type>CHAR(3)</type>
 </MESSAGE_CR>
 <MESSAGE_CR xmlns="MESSAGE_CR">
   <fname>CDT_SEC_IDTYPE</fname>
   <type>CHAR(1)</type>
 </MESSAGE_CR>
 <MESSAGE_CR xmlns="MESSAGE_CR">
   <fname>CDT_SEC_IDKEY</fname>
   <type>CHAR(30)</type>
 </MESSAGE_CR>
 <MESSAGE_CR xmlns="MESSAGE_CR">
   <fname>CDT_SEC_ACCTG_CUR</fname>
   <type>CHAR(3)</type>
 </MESSAGE_CR>
 <MESSAGE_CR xmlns="MESSAGE_CR">
   <fname>CDT_TER_IDBANK</fname>
   <type>CHAR(3)</type>
 </MESSAGE_CR>
 <MESSAGE_CR xmlns="MESSAGE_CR">
   <fname>CDT_TER_IDTYPE</fname>
   <type>CHAR(1)</type>
 </MESSAGE_CR>
 <MESSAGE_CR xmlns="MESSAGE_CR">
   <fname>CDT_TER_IDKEY</fname>
   <type>CHAR(30)</type>
 </MESSAGE_CR>
 <MESSAGE_CR xmlns="MESSAGE_CR">
   <fname>CDT_TER_ACCTG_CUR</fname>
   <type>CHAR(3)</type>
 </MESSAGE_CR>
 <MESSAGE_CR xmlns="MESSAGE_CR">
   <fname>CDT_SPARE_ACC</fname>
   <type>CHAR(30)</type>
 </MESSAGE_CR>
 <MESSAGE_CR xmlns="MESSAGE_CR">
   <fname>CDT_SPARE_ADR</fname>
   <type>CHAR(5)</type>
 </MESSAGE_CR>
 <MESSAGE_CR xmlns="MESSAGE_CR">
   <fname>CDT_SPARE_PAD</fname>
   <type>CHAR(1)</type>
 </MESSAGE_CR>
 <MESSAGE_CR xmlns="MESSAGE_CR">
   <fname>CDT_PROC_RULE_STATE</fname>
   <type>CHAR(9)</type>
 </MESSAGE_CR>
 <MESSAGE_CR xmlns="MESSAGE_CR">
   <fname>CDT_SPC_INST1</fname>
   <type>CHAR(35)</type>
 </MESSAGE_CR>
 <MESSAGE_CR xmlns="MESSAGE_CR">
   <fname>CDT_SPC_INST2</fname>
   <type>CHAR(35)</type>
 </MESSAGE_CR>
 <MESSAGE_CR xmlns="MESSAGE_CR">
   <fname>CDT_SPC_INST3</fname>
   <type>CHAR(35)</type>
 </MESSAGE_CR>
 <MESSAGE_CR xmlns="MESSAGE_CR">
   <fname>CDT_COMM_CBL_FLG</fname>
   <type>CHAR(1)</type>
 </MESSAGE_CR>
 <MESSAGE_CR xmlns="MESSAGE_CR">
   <fname>IB2_ADR_BNK_ID</fname>
   <type>CHAR(3)</type>
 </MESSAGE_CR>
 <MESSAGE_CR xmlns="MESSAGE_CR">
   <fname>IB2_REL_ID</fname>
   <type>CHAR(11)</type>
 </MESSAGE_CR>
 <MESSAGE_CR xmlns="MESSAGE_CR">
   <fname>IB2_SECWIR</fname>
   <type>CHAR(1)</type>
 </MESSAGE_CR>
 <MESSAGE_CR xmlns="MESSAGE_CR">
   <fname>IB2_IDTYPE</fname>
   <type>CHAR(1)</type>
 </MESSAGE_CR>
 <MESSAGE_CR xmlns="MESSAGE_CR">
   <fname>IB2_IB2_ID</fname>
   <type>CHAR(64)</type>
 </MESSAGE_CR>
 <MESSAGE_CR xmlns="MESSAGE_CR">
   <fname>IB2_NAME1</fname>
   <type>CHAR(35)</type>
 </MESSAGE_CR>
 <MESSAGE_CR xmlns="MESSAGE_CR">
   <fname>IB2_NAME2</fname>
   <type>CHAR(35)</type>
 </MESSAGE_CR>
 <MESSAGE_CR xmlns="MESSAGE_CR">
   <fname>IB2_NAME3</fname>
   <type>CHAR(35)</type>
 </MESSAGE_CR>
 <MESSAGE_CR xmlns="MESSAGE_CR">
   <fname>IB2_NAME4</fname>
   <type>CHAR(35)</type>
 </MESSAGE_CR>
 <MESSAGE_CR xmlns="MESSAGE_CR">
   <fname>IB2_ADV_INST1</fname>
   <type>CHAR(35)</type>
 </MESSAGE_CR>
 <MESSAGE_CR xmlns="MESSAGE_CR">
   <fname>IB2_ADV_INST2</fname>
   <type>CHAR(35)</type>
 </MESSAGE_CR>
 <MESSAGE_CR xmlns="MESSAGE_CR">
   <fname>IB2_ADV_INST3</fname>
   <type>CHAR(35)</type>
 </MESSAGE_CR>
 <MESSAGE_CR xmlns="MESSAGE_CR">
   <fname>IB2_CHIPS_UPTO</fname>
   <type>INTEGER EXTERNAL(11)</type>
 </MESSAGE_CR>
 <MESSAGE_CR xmlns="MESSAGE_CR">
   <fname>IB2_CHIPS_QUAL</fname>
   <type>INTEGER EXTERNAL(11)</type>
 </MESSAGE_CR>
 <MESSAGE_CR xmlns="MESSAGE_CR">
   <fname>IB2_STATE</fname>
   <type>CHAR(3)</type>
 </MESSAGE_CR>
 <MESSAGE_CR xmlns="MESSAGE_CR">
   <fname>IB2_POSTAL_CODE</fname>
   <type>CHAR(15)</type>
 </MESSAGE_CR>
 <MESSAGE_CR xmlns="MESSAGE_CR">
   <fname>IB2_RES_COUNTRY</fname>
   <type>CHAR(2)</type>
 </MESSAGE_CR>
 <MESSAGE_CR xmlns="MESSAGE_CR">
   <fname>IB2_REF_NUM</fname>
   <type>CHAR(16)</type>
 </MESSAGE_CR>
 <MESSAGE_CR xmlns="MESSAGE_CR">
   <fname>IB2_CAMEFROM</fname>
   <type>CHAR(20)</type>
 </MESSAGE_CR>
 <MESSAGE_CR xmlns="MESSAGE_CR">
   <fname>IB2_BEI_FLAG</fname>
   <type>CHAR(1)</type>
 </MESSAGE_CR>
 <MESSAGE_CR xmlns="MESSAGE_CR">
   <fname>IB3_ADR_BNK_ID</fname>
   <type>CHAR(3)</type>
 </MESSAGE_CR>
 <MESSAGE_CR xmlns="MESSAGE_CR">
   <fname>IB3_REL_ID</fname>
   <type>CHAR(11)</type>
 </MESSAGE_CR>
 <MESSAGE_CR xmlns="MESSAGE_CR">
   <fname>IB3_SECWIR</fname>
   <type>CHAR(1)</type>
 </MESSAGE_CR>
 <MESSAGE_CR xmlns="MESSAGE_CR">
   <fname>IB3_IDTYPE</fname>
   <type>CHAR(1)</type>
 </MESSAGE_CR>
 <MESSAGE_CR xmlns="MESSAGE_CR">
   <fname>IB3_IB3_ID</fname>
   <type>CHAR(64)</type>
 </MESSAGE_CR>
 <MESSAGE_CR xmlns="MESSAGE_CR">
   <fname>IB3_NAME1</fname>
   <type>CHAR(35)</type>
 </MESSAGE_CR>
 <MESSAGE_CR xmlns="MESSAGE_CR">
   <fname>IB3_NAME2</fname>
   <type>CHAR(35)</type>
 </MESSAGE_CR>
 <MESSAGE_CR xmlns="MESSAGE_CR">
   <fname>IB3_NAME3</fname>
   <type>CHAR(35)</type>
 </MESSAGE_CR>
 <MESSAGE_CR xmlns="MESSAGE_CR">
   <fname>IB3_NAME4</fname>
   <type>CHAR(35)</type>
 </MESSAGE_CR>
 <MESSAGE_CR xmlns="MESSAGE_CR">
   <fname>IB3_ADV_INST1</fname>
   <type>CHAR(35)</type>
 </MESSAGE_CR>
 <MESSAGE_CR xmlns="MESSAGE_CR">
   <fname>IB3_ADV_INST2</fname>
   <type>CHAR(35)</type>
 </MESSAGE_CR>
 <MESSAGE_CR xmlns="MESSAGE_CR">
   <fname>IB3_ADV_INST3</fname>
   <type>CHAR(35)</type>
 </MESSAGE_CR>
 <MESSAGE_CR xmlns="MESSAGE_CR">
   <fname>IB3_CHIPS_UPTO</fname>
   <type>INTEGER EXTERNAL(11)</type>
 </MESSAGE_CR>
 <MESSAGE_CR xmlns="MESSAGE_CR">
   <fname>IB3_CHIPS_QUAL</fname>
   <type>INTEGER EXTERNAL(11)</type>
 </MESSAGE_CR>
 <MESSAGE_CR xmlns="MESSAGE_CR">
   <fname>IB3_STATE</fname>
   <type>CHAR(3)</type>
 </MESSAGE_CR>
 <MESSAGE_CR xmlns="MESSAGE_CR">
   <fname>IB3_POSTAL_CODE</fname>
   <type>CHAR(15)</type>
 </MESSAGE_CR>
 <MESSAGE_CR xmlns="MESSAGE_CR">
   <fname>IB3_RES_COUNTRY</fname>
   <type>CHAR(2)</type>
 </MESSAGE_CR>
 <MESSAGE_CR xmlns="MESSAGE_CR">
   <fname>IB3_REF_NUM</fname>
   <type>CHAR(16)</type>
 </MESSAGE_CR>
 <MESSAGE_CR xmlns="MESSAGE_CR">
   <fname>IB3_CAMEFROM</fname>
   <type>CHAR(20)</type>
 </MESSAGE_CR>
 <MESSAGE_CR xmlns="MESSAGE_CR">
   <fname>IB3_BEI_FLAG</fname>
   <type>CHAR(1)</type>
 </MESSAGE_CR>
 <MESSAGE_CR xmlns="MESSAGE_CR">
   <fname>BNP_ADV_ID_ONFILE</fname>
   <type>CHAR(1)</type>
 </MESSAGE_CR>
 <MESSAGE_CR xmlns="MESSAGE_CR">
   <fname>BNP_ADV_ID_CDTHOLD</fname>
   <type>CHAR(1)</type>
 </MESSAGE_CR>
 <MESSAGE_CR xmlns="MESSAGE_CR">
   <fname>IB2_ADR_PTR_OK</fname>
   <type>CHAR(1)</type>
 </MESSAGE_CR>
 <MESSAGE_CR xmlns="MESSAGE_CR">
   <fname>IB3_ADR_PTR_OK</fname>
   <type>CHAR(1)</type>
 </MESSAGE_CR>
 <MESSAGE_CR xmlns="MESSAGE_CR">
   <fname>PSD_VALUE_DATE_CD</fname>
   <type>CHAR(1)</type>
 </MESSAGE_CR>
 <MESSAGE_CR xmlns="MESSAGE_CR">
   <fname>PSD_EXEC_TIME_CD</fname>
   <type>CHAR(1)</type>
 </MESSAGE_CR>
 <MESSAGE_CR xmlns="MESSAGE_CR">
   <fname>PSD_TARIF_CD</fname>
   <type>CHAR(1)</type>
 </MESSAGE_CR>
 <MESSAGE_CR xmlns="MESSAGE_CR">
   <fname>AUTRV_CHGD_CDT_ADR</fname>
   <type>CHAR(1)</type>
 </MESSAGE_CR>
 <MESSAGE_DR xmlns="MESSAGE_DR">
   <fname>TRN_DATE</fname>
   <type>DATE YYYYMMDD</type>
 </MESSAGE_DR>
 <MESSAGE_DR xmlns="MESSAGE_DR">
   <fname>TRN_NUMBER</fname>
   <type>DECIMAL EXTERNAL(8)</type>
 </MESSAGE_DR>
 <MESSAGE_DR xmlns="MESSAGE_DR">
   <fname>DBT_IDTYPE</fname>
   <type>CHAR(1)</type>
 </MESSAGE_DR>
 <MESSAGE_DR xmlns="MESSAGE_DR">
   <fname>DBT_ID</fname>
   <type>CHAR(64)</type>
 </MESSAGE_DR>
 <MESSAGE_DR xmlns="MESSAGE_DR">
   <fname>DBT_NAME1</fname>
   <type>CHAR(35)</type>
 </MESSAGE_DR>
 <MESSAGE_DR xmlns="MESSAGE_DR">
   <fname>DBT_NAME_2</fname>
   <type>CHAR(35)</type>
 </MESSAGE_DR>
 <MESSAGE_DR xmlns="MESSAGE_DR">
   <fname>DBT_NAME_3</fname>
   <type>CHAR(35)</type>
 </MESSAGE_DR>
 <MESSAGE_DR xmlns="MESSAGE_DR">
   <fname>DBT_NAME_4</fname>
   <type>CHAR(35)</type>
 </MESSAGE_DR>
 <MESSAGE_DR xmlns="MESSAGE_DR">
   <fname>DBT_NOF_FLAG</fname>
   <type>CHAR(1)</type>
 </MESSAGE_DR>
 <MESSAGE_DR xmlns="MESSAGE_DR">
   <fname>DBT_TRAN_NAME_C1</fname>
   <type>CHAR(8)</type>
 </MESSAGE_DR>
 <MESSAGE_DR xmlns="MESSAGE_DR">
   <fname>DBT_TRAN_NAME_C2</fname>
   <type>CHAR(8)</type>
 </MESSAGE_DR>
 <MESSAGE_DR xmlns="MESSAGE_DR">
   <fname>DBT_TRAN_NAME_C3</fname>
   <type>CHAR(8)</type>
 </MESSAGE_DR>
 <MESSAGE_DR xmlns="MESSAGE_DR">
   <fname>DBT_TRAN_NAME_C4</fname>
   <type>CHAR(8)</type>
 </MESSAGE_DR>
 <MESSAGE_DR xmlns="MESSAGE_DR">
   <fname>DBT_TRAN_NAME_C5</fname>
   <type>CHAR(8)</type>
 </MESSAGE_DR>
 <MESSAGE_DR xmlns="MESSAGE_DR">
   <fname>DBT_TRAN_NAME_C6</fname>
   <type>CHAR(8)</type>
 </MESSAGE_DR>
 <MESSAGE_DR xmlns="MESSAGE_DR">
   <fname>DBT_TRAN_NAME_C7</fname>
   <type>CHAR(8)</type>
 </MESSAGE_DR>
 <MESSAGE_DR xmlns="MESSAGE_DR">
   <fname>DBT_TRAN_NAME_C8</fname>
   <type>CHAR(8)</type>
 </MESSAGE_DR>
 <MESSAGE_DR xmlns="MESSAGE_DR">
   <fname>DBT_TRAN_NAME_C9</fname>
   <type>CHAR(8)</type>
 </MESSAGE_DR>
 <MESSAGE_DR xmlns="MESSAGE_DR">
   <fname>DBT_TRAN_NAME_C10</fname>
   <type>CHAR(8)</type>
 </MESSAGE_DR>
 <MESSAGE_DR xmlns="MESSAGE_DR">
   <fname>DBT_DEPT</fname>
   <type>CHAR(20)</type>
 </MESSAGE_DR>
 <MESSAGE_DR xmlns="MESSAGE_DR">
   <fname>DBT_SERIAL</fname>
   <type>CHAR(10)</type>
 </MESSAGE_DR>
 <MESSAGE_DR xmlns="MESSAGE_DR">
   <fname>DBT_ACCTG_IDTYPE</fname>
   <type>CHAR(1)</type>
 </MESSAGE_DR>
 <MESSAGE_DR xmlns="MESSAGE_DR">
   <fname>DBT_ACCTG_SLASH</fname>
   <type>CHAR(1)</type>
 </MESSAGE_DR>
 <MESSAGE_DR xmlns="MESSAGE_DR">
   <fname>DBT_ACCTG_ACCOUNT</fname>
   <type>CHAR(30)</type>
 </MESSAGE_DR>
 <MESSAGE_DR xmlns="MESSAGE_DR">
   <fname>DBT_DISTRICT</fname>
   <type>CHAR(2)</type>
 </MESSAGE_DR>
 <MESSAGE_DR xmlns="MESSAGE_DR">
   <fname>DBT_OFFICE</fname>
   <type>CHAR(10)</type>
 </MESSAGE_DR>
 <MESSAGE_DR xmlns="MESSAGE_DR">
   <fname>DBT_ACC_CLASS</fname>
   <type>CHAR(6)</type>
 </MESSAGE_DR>
 <MESSAGE_DR xmlns="MESSAGE_DR">
   <fname>DBT_ADR_COUNTRY</fname>
   <type>CHAR(2)</type>
 </MESSAGE_DR>
 <MESSAGE_DR xmlns="MESSAGE_DR">
   <fname>DBT_ADR_TYPE</fname>
   <type>CHAR(1)</type>
 </MESSAGE_DR>
 <MESSAGE_DR xmlns="MESSAGE_DR">
   <fname>DBT_ADR_SUBTYP</fname>
   <type>CHAR(3)</type>
 </MESSAGE_DR>
 <MESSAGE_DR xmlns="MESSAGE_DR">
   <fname>DBT_SEC_ACCTG_FLG</fname>
   <type>INTEGER EXTERNAL(11)</type>
 </MESSAGE_DR>
 <MESSAGE_DR xmlns="MESSAGE_DR">
   <fname>DBT_SEC_ACCTG_AMT</fname>
   <type>DECIMAL EXTERNAL(22)</type>
 </MESSAGE_DR>
 <MESSAGE_DR xmlns="MESSAGE_DR">
   <fname>DBT_TER_ACCTG_FLG</fname>
   <type>INTEGER EXTERNAL(11)</type>
 </MESSAGE_DR>
 <MESSAGE_DR xmlns="MESSAGE_DR">
   <fname>DBT_TER_ACCTG_AMT</fname>
   <type>DECIMAL EXTERNAL(22)</type>
 </MESSAGE_DR>
 <MESSAGE_DR xmlns="MESSAGE_DR">
   <fname>DBT_LIM_FLG</fname>
   <type>CHAR(1)</type>
 </MESSAGE_DR>
 <MESSAGE_DR xmlns="MESSAGE_DR">
   <fname>DBT_HOLD_FLG</fname>
   <type>CHAR(1)</type>
 </MESSAGE_DR>
 <MESSAGE_DR xmlns="MESSAGE_DR">
   <fname>DBT_BAL_FLG</fname>
   <type>CHAR(1)</type>
 </MESSAGE_DR>
 <MESSAGE_DR xmlns="MESSAGE_DR">
   <fname>CHIPS_LIM_FLG</fname>
   <type>CHAR(1)</type>
 </MESSAGE_DR>
 <MESSAGE_DR xmlns="MESSAGE_DR">
   <fname>DBT_GRP_BAL_FLG</fname>
   <type>CHAR(1)</type>
 </MESSAGE_DR>
 <MESSAGE_DR xmlns="MESSAGE_DR">
   <fname>DBT_PRE_FLG</fname>
   <type>CHAR(1)</type>
 </MESSAGE_DR>
 <MESSAGE_DR xmlns="MESSAGE_DR">
   <fname>DBT_GRP_PRE_FLG</fname>
   <type>CHAR(1)</type>
 </MESSAGE_DR>
 <MESSAGE_DR xmlns="MESSAGE_DR">
   <fname>DBT_AMOUNT</fname>
   <type>DECIMAL EXTERNAL(22)</type>
 </MESSAGE_DR>
 <MESSAGE_DR xmlns="MESSAGE_DR">
   <fname>DBT_CURRENCY</fname>
   <type>CHAR(3)</type>
 </MESSAGE_DR>
 <MESSAGE_DR xmlns="MESSAGE_DR">
   <fname>DBT_RT_CODE</fname>
   <type>CHAR(6)</type>
 </MESSAGE_DR>
 <MESSAGE_DR xmlns="MESSAGE_DR">
   <fname>DBT_BNK_INF1</fname>
   <type>CHAR(35)</type>
 </MESSAGE_DR>
 <MESSAGE_DR xmlns="MESSAGE_DR">
   <fname>DBT_BNK_INF2</fname>
   <type>CHAR(35)</type>
 </MESSAGE_DR>
 <MESSAGE_DR xmlns="MESSAGE_DR">
   <fname>DBT_BNK_INF3</fname>
   <type>CHAR(35)</type>
 </MESSAGE_DR>
 <MESSAGE_DR xmlns="MESSAGE_DR">
   <fname>DBT_BNK_INF4</fname>
   <type>CHAR(35)</type>
 </MESSAGE_DR>
 <MESSAGE_DR xmlns="MESSAGE_DR">
   <fname>DBT_BNK_INF5</fname>
   <type>CHAR(35)</type>
 </MESSAGE_DR>
 <MESSAGE_DR xmlns="MESSAGE_DR">
   <fname>DBT_BNK_INF6</fname>
   <type>CHAR(35)</type>
 </MESSAGE_DR>
 <MESSAGE_DR xmlns="MESSAGE_DR">
   <fname>DBT_SEC_SUB_ACCT</fname>
   <type>CHAR(61)</type>
 </MESSAGE_DR>
 <MESSAGE_DR xmlns="MESSAGE_DR">
   <fname>DBT_ACC_PROD_CODE</fname>
   <type>CHAR(20)</type>
 </MESSAGE_DR>
 <MESSAGE_DR xmlns="MESSAGE_DR">
   <fname>DBT_TER_IDTYPE</fname>
   <type>CHAR(1)</type>
 </MESSAGE_DR>
 <MESSAGE_DR xmlns="MESSAGE_DR">
   <fname>DBT_TER_IDKEY</fname>
   <type>CHAR(30)</type>
 </MESSAGE_DR>
 <MESSAGE_DR xmlns="MESSAGE_DR">
   <fname>DBT_FEE_CODE</fname>
   <type>CHAR(8)</type>
 </MESSAGE_DR>
 <MESSAGE_DR xmlns="MESSAGE_DR">
   <fname>DBT_RECON_REF</fname>
   <type>CHAR(12)</type>
 </MESSAGE_DR>
 <MESSAGE_DR xmlns="MESSAGE_DR">
   <fname>DBT_ACC_PARENT_CD</fname>
   <type>CHAR(10)</type>
 </MESSAGE_DR>
 <MESSAGE_DR xmlns="MESSAGE_DR">
   <fname>DBT_CUSTOMER_ID</fname>
   <type>CHAR(20)</type>
 </MESSAGE_DR>
 <MESSAGE_DR xmlns="MESSAGE_DR">
   <fname>DBT_DRAFT_NUM</fname>
   <type>CHAR(16)</type>
 </MESSAGE_DR>
 <MESSAGE_DR xmlns="MESSAGE_DR">
   <fname>SBK_IDTYPE</fname>
   <type>CHAR(1)</type>
 </MESSAGE_DR>
 <MESSAGE_DR xmlns="MESSAGE_DR">
   <fname>SBK_ID</fname>
   <type>CHAR(64)</type>
 </MESSAGE_DR>
 <MESSAGE_DR xmlns="MESSAGE_DR">
   <fname>SBK_NAME1</fname>
   <type>CHAR(35)</type>
 </MESSAGE_DR>
 <MESSAGE_DR xmlns="MESSAGE_DR">
   <fname>SBK_NAME2</fname>
   <type>CHAR(35)</type>
 </MESSAGE_DR>
 <MESSAGE_DR xmlns="MESSAGE_DR">
   <fname>SBK_NAME3</fname>
   <type>CHAR(35)</type>
 </MESSAGE_DR>
 <MESSAGE_DR xmlns="MESSAGE_DR">
   <fname>SBK_NAME4</fname>
   <type>CHAR(35)</type>
 </MESSAGE_DR>
 <MESSAGE_DR xmlns="MESSAGE_DR">
   <fname>SBK_REF_NUM</fname>
   <type>CHAR(20)</type>
 </MESSAGE_DR>
 <MESSAGE_DR xmlns="MESSAGE_DR">
   <fname>OBK_IDTYPE</fname>
   <type>CHAR(1)</type>
 </MESSAGE_DR>
 <MESSAGE_DR xmlns="MESSAGE_DR">
   <fname>OBK_ID</fname>
   <type>CHAR(64)</type>
 </MESSAGE_DR>
 <MESSAGE_DR xmlns="MESSAGE_DR">
   <fname>OBK_NAME1</fname>
   <type>CHAR(35)</type>
 </MESSAGE_DR>
 <MESSAGE_DR xmlns="MESSAGE_DR">
   <fname>OBK_NAME2</fname>
   <type>CHAR(35)</type>
 </MESSAGE_DR>
 <MESSAGE_DR xmlns="MESSAGE_DR">
   <fname>OBK_NAME3</fname>
   <type>CHAR(35)</type>
 </MESSAGE_DR>
 <MESSAGE_DR xmlns="MESSAGE_DR">
   <fname>OBK_NAME4</fname>
   <type>CHAR(35)</type>
 </MESSAGE_DR>
 <MESSAGE_DR xmlns="MESSAGE_DR">
   <fname>OBK_REF_NUM</fname>
   <type>CHAR(20)</type>
 </MESSAGE_DR>
 <MESSAGE_DR xmlns="MESSAGE_DR">
   <fname>ORP_IDTYPE</fname>
   <type>CHAR(1)</type>
 </MESSAGE_DR>
 <MESSAGE_DR xmlns="MESSAGE_DR">
   <fname>ORP_ID</fname>
   <type>CHAR(64)</type>
 </MESSAGE_DR>
 <MESSAGE_DR xmlns="MESSAGE_DR">
   <fname>ORP_NAME1</fname>
   <type>CHAR(35)</type>
 </MESSAGE_DR>
 <MESSAGE_DR xmlns="MESSAGE_DR">
   <fname>ORP_NAME2</fname>
   <type>CHAR(35)</type>
 </MESSAGE_DR>
 <MESSAGE_DR xmlns="MESSAGE_DR">
   <fname>ORP_NAME3</fname>
   <type>CHAR(35)</type>
 </MESSAGE_DR>
 <MESSAGE_DR xmlns="MESSAGE_DR">
   <fname>ORP_NAME4</fname>
   <type>CHAR(35)</type>
 </MESSAGE_DR>
 <MESSAGE_DR xmlns="MESSAGE_DR">
   <fname>ORP_REF_NUM</fname>
   <type>CHAR(20)</type>
 </MESSAGE_DR>
 <MESSAGE_DR xmlns="MESSAGE_DR">
   <fname>INS_ADR_BNK_ID</fname>
   <type>CHAR(3)</type>
 </MESSAGE_DR>
 <MESSAGE_DR xmlns="MESSAGE_DR">
   <fname>INS_REL_ID</fname>
   <type>INTEGER EXTERNAL(11)</type>
 </MESSAGE_DR>
 <MESSAGE_DR xmlns="MESSAGE_DR">
   <fname>INS_IDTYPE</fname>
   <type>CHAR(1)</type>
 </MESSAGE_DR>
 <MESSAGE_DR xmlns="MESSAGE_DR">
   <fname>INS_ID</fname>
   <type>CHAR(64)</type>
 </MESSAGE_DR>
 <MESSAGE_DR xmlns="MESSAGE_DR">
   <fname>INS_NAME1</fname>
   <type>CHAR(35)</type>
 </MESSAGE_DR>
 <MESSAGE_DR xmlns="MESSAGE_DR">
   <fname>INS_NAME2</fname>
   <type>CHAR(35)</type>
 </MESSAGE_DR>
 <MESSAGE_DR xmlns="MESSAGE_DR">
   <fname>INS_NAME3</fname>
   <type>CHAR(35)</type>
 </MESSAGE_DR>
 <MESSAGE_DR xmlns="MESSAGE_DR">
   <fname>INS_NAME4</fname>
   <type>CHAR(35)</type>
 </MESSAGE_DR>
 <MESSAGE_DR xmlns="MESSAGE_DR">
   <fname>INS_REF_NUM</fname>
   <type>CHAR(16)</type>
 </MESSAGE_DR>
 <MESSAGE_DR xmlns="MESSAGE_DR">
   <fname>RCA_ADR_BNK_ID</fname>
   <type>CHAR(3)</type>
 </MESSAGE_DR>
 <MESSAGE_DR xmlns="MESSAGE_DR">
   <fname>RCA_REL_ID</fname>
   <type>INTEGER EXTERNAL(11)</type>
 </MESSAGE_DR>
 <MESSAGE_DR xmlns="MESSAGE_DR">
   <fname>RCA_IDTYPE</fname>
   <type>CHAR(1)</type>
 </MESSAGE_DR>
 <MESSAGE_DR xmlns="MESSAGE_DR">
   <fname>RCA_ID</fname>
   <type>CHAR(64)</type>
 </MESSAGE_DR>
 <MESSAGE_DR xmlns="MESSAGE_DR">
   <fname>RCA_NAME1</fname>
   <type>CHAR(35)</type>
 </MESSAGE_DR>
 <MESSAGE_DR xmlns="MESSAGE_DR">
   <fname>RCA_NAME2</fname>
   <type>CHAR(35)</type>
 </MESSAGE_DR>
 <MESSAGE_DR xmlns="MESSAGE_DR">
   <fname>RCA_NAME3</fname>
   <type>CHAR(35)</type>
 </MESSAGE_DR>
 <MESSAGE_DR xmlns="MESSAGE_DR">
   <fname>RCA_NAME4</fname>
   <type>CHAR(35)</type>
 </MESSAGE_DR>
 <MESSAGE_DR xmlns="MESSAGE_DR">
   <fname>RCA_REF_NUM</fname>
   <type>CHAR(16)</type>
 </MESSAGE_DR>
 <MESSAGE_DR xmlns="MESSAGE_DR">
   <fname>DBT_SHORT_FLG</fname>
   <type>CHAR(1)</type>
 </MESSAGE_DR>
 <MESSAGE_DR xmlns="MESSAGE_DR">
   <fname>DBT_GROUP_SHORT_FLG</fname>
   <type>CHAR(1)</type>
 </MESSAGE_DR>
 <MESSAGE_DR xmlns="MESSAGE_DR">
   <fname>DBT_CROSS_SHORT_FLG</fname>
   <type>CHAR(1)</type>
 </MESSAGE_DR>
 <MESSAGE_DR xmlns="MESSAGE_DR">
   <fname>DBT_EXCH_RATE</fname>
   <type>DECIMAL EXTERNAL(30)</type>
 </MESSAGE_DR>
 <MESSAGE_DR xmlns="MESSAGE_DR">
   <fname>DBT_ADR_BNK_ID</fname>
   <type>CHAR(3)</type>
 </MESSAGE_DR>
 <MESSAGE_DR xmlns="MESSAGE_DR">
   <fname>DBT_REL_ID</fname>
   <type>CHAR(11)</type>
 </MESSAGE_DR>
 <MESSAGE_DR xmlns="MESSAGE_DR">
   <fname>DBT_ADR_CLASS</fname>
   <type>CHAR(6)</type>
 </MESSAGE_DR>
 <MESSAGE_DR xmlns="MESSAGE_DR">
   <fname>DBT_ADR_CITY</fname>
   <type>CHAR(15)</type>
 </MESSAGE_DR>
 <MESSAGE_DR xmlns="MESSAGE_DR">
   <fname>DBT_ADV_TYP</fname>
   <type>CHAR(3)</type>
 </MESSAGE_DR>
 <MESSAGE_DR xmlns="MESSAGE_DR">
   <fname>DBT_RT_STATE</fname>
   <type>CHAR(1)</type>
 </MESSAGE_DR>
 <MESSAGE_DR xmlns="MESSAGE_DR">
   <fname>DBT_WIR_IDTYPE</fname>
   <type>CHAR(1)</type>
 </MESSAGE_DR>
 <MESSAGE_DR xmlns="MESSAGE_DR">
   <fname>DBT_WIR_ID</fname>
   <type>CHAR(64)</type>
 </MESSAGE_DR>
 <MESSAGE_DR xmlns="MESSAGE_DR">
   <fname>DBT_DRAWDOWN_FLG</fname>
   <type>CHAR(1)</type>
 </MESSAGE_DR>
 <MESSAGE_DR xmlns="MESSAGE_DR">
   <fname>DBT_PS_ELIG_FLG</fname>
   <type>CHAR(1)</type>
 </MESSAGE_DR>
 <MESSAGE_DR xmlns="MESSAGE_DR">
   <fname>DBT_ITEM_HOLD_FLG</fname>
   <type>CHAR(1)</type>
 </MESSAGE_DR>
 <MESSAGE_DR xmlns="MESSAGE_DR">
   <fname>DBT_NOF_LOOKED_UP</fname>
   <type>CHAR(1)</type>
 </MESSAGE_DR>
 <MESSAGE_DR xmlns="MESSAGE_DR">
   <fname>DBT_CURRENCY_SUSP_FLG</fname>
   <type>CHAR(1)</type>
 </MESSAGE_DR>
 <MESSAGE_DR xmlns="MESSAGE_DR">
   <fname>DDA_BALANCE</fname>
   <type>CHAR(2)</type>
 </MESSAGE_DR>
 <MESSAGE_DR xmlns="MESSAGE_DR">
   <fname>BALANCE_RISK</fname>
   <type>CHAR(2)</type>
 </MESSAGE_DR>
 <MESSAGE_DR xmlns="MESSAGE_DR">
   <fname>SBK_ADR_BNK_ID</fname>
   <type>CHAR(3)</type>
 </MESSAGE_DR>
 <MESSAGE_DR xmlns="MESSAGE_DR">
   <fname>SBK_REL_ID</fname>
   <type>CHAR(11)</type>
 </MESSAGE_DR>
 <MESSAGE_DR xmlns="MESSAGE_DR">
   <fname>OBK_ADR_BNK_ID</fname>
   <type>CHAR(3)</type>
 </MESSAGE_DR>
 <MESSAGE_DR xmlns="MESSAGE_DR">
   <fname>OBK_REL_ID</fname>
   <type>CHAR(11)</type>
 </MESSAGE_DR>
 <MESSAGE_DR xmlns="MESSAGE_DR">
   <fname>ORP_ADR_BNK_ID</fname>
   <type>CHAR(3)</type>
 </MESSAGE_DR>
 <MESSAGE_DR xmlns="MESSAGE_DR">
   <fname>ORP_REL_ID</fname>
   <type>CHAR(11)</type>
 </MESSAGE_DR>
 <MESSAGE_DR xmlns="MESSAGE_DR">
   <fname>DBT_STATE</fname>
   <type>CHAR(3)</type>
 </MESSAGE_DR>
 <MESSAGE_DR xmlns="MESSAGE_DR">
   <fname>DBT_POSTAL_CODE</fname>
   <type>CHAR(15)</type>
 </MESSAGE_DR>
 <MESSAGE_DR xmlns="MESSAGE_DR">
   <fname>DBT_RES_COUNTRY</fname>
   <type>CHAR(2)</type>
 </MESSAGE_DR>
 <MESSAGE_DR xmlns="MESSAGE_DR">
   <fname>DBT_REF_NUM</fname>
   <type>CHAR(16)</type>
 </MESSAGE_DR>
 <MESSAGE_DR xmlns="MESSAGE_DR">
   <fname>SBK_STATE</fname>
   <type>CHAR(3)</type>
 </MESSAGE_DR>
 <MESSAGE_DR xmlns="MESSAGE_DR">
   <fname>SBK_POSTAL_CODE</fname>
   <type>CHAR(15)</type>
 </MESSAGE_DR>
 <MESSAGE_DR xmlns="MESSAGE_DR">
   <fname>SBK_RES_COUNTRY</fname>
   <type>CHAR(2)</type>
 </MESSAGE_DR>
 <MESSAGE_DR xmlns="MESSAGE_DR">
   <fname>OBK_STATE</fname>
   <type>CHAR(3)</type>
 </MESSAGE_DR>
 <MESSAGE_DR xmlns="MESSAGE_DR">
   <fname>OBK_POSTAL_CODE</fname>
   <type>CHAR(15)</type>
 </MESSAGE_DR>
 <MESSAGE_DR xmlns="MESSAGE_DR">
   <fname>OBK_RES_COUNTRY</fname>
   <type>CHAR(2)</type>
 </MESSAGE_DR>
 <MESSAGE_DR xmlns="MESSAGE_DR">
   <fname>ORP_STATE</fname>
   <type>CHAR(3)</type>
 </MESSAGE_DR>
 <MESSAGE_DR xmlns="MESSAGE_DR">
   <fname>ORP_POSTAL_CODE</fname>
   <type>CHAR(15)</type>
 </MESSAGE_DR>
 <MESSAGE_DR xmlns="MESSAGE_DR">
   <fname>ORP_RES_COUNTRY</fname>
   <type>CHAR(2)</type>
 </MESSAGE_DR>
 <MESSAGE_DR xmlns="MESSAGE_DR">
   <fname>INS_STATE</fname>
   <type>CHAR(3)</type>
 </MESSAGE_DR>
 <MESSAGE_DR xmlns="MESSAGE_DR">
   <fname>INS_POSTAL_CODE</fname>
   <type>CHAR(15)</type>
 </MESSAGE_DR>
 <MESSAGE_DR xmlns="MESSAGE_DR">
   <fname>INS_RES_COUNTRY</fname>
   <type>CHAR(2)</type>
 </MESSAGE_DR>
 <MESSAGE_DR xmlns="MESSAGE_DR">
   <fname>RCA_STATE</fname>
   <type>CHAR(3)</type>
 </MESSAGE_DR>
 <MESSAGE_DR xmlns="MESSAGE_DR">
   <fname>RCA_POSTAL_CODE</fname>
   <type>CHAR(15)</type>
 </MESSAGE_DR>
 <MESSAGE_DR xmlns="MESSAGE_DR">
   <fname>RCA_RES_COUNTRY</fname>
   <type>CHAR(2)</type>
 </MESSAGE_DR>
 <MESSAGE_DR xmlns="MESSAGE_DR">
   <fname>DBT_AUTH_REF</fname>
   <type>CHAR(34)</type>
 </MESSAGE_DR>
 <MESSAGE_DR xmlns="MESSAGE_DR">
   <fname>DBT_VALUE_DATE_CHG</fname>
   <type>CHAR(20)</type>
 </MESSAGE_DR>
 <MESSAGE_DR xmlns="MESSAGE_DR">
   <fname>DBT_VALUE_DATE_ADJ</fname>
   <type>CHAR(20)</type>
 </MESSAGE_DR>
 <MESSAGE_DR xmlns="MESSAGE_DR">
   <fname>DBT_VALUE_DATE_SP</fname>
   <type>CHAR(20)</type>
 </MESSAGE_DR>
 <MESSAGE_DR xmlns="MESSAGE_DR">
   <fname>DBT_BOOK_DATE_CHG</fname>
   <type>CHAR(20)</type>
 </MESSAGE_DR>
 <MESSAGE_DR xmlns="MESSAGE_DR">
   <fname>DBT_BOOK_DATE_ADJ</fname>
   <type>CHAR(20)</type>
 </MESSAGE_DR>
 <MESSAGE_DR xmlns="MESSAGE_DR">
   <fname>DBT_BOOK_DATE_SP</fname>
   <type>CHAR(20)</type>
 </MESSAGE_DR>
 <MESSAGE_DR xmlns="MESSAGE_DR">
   <fname>DBT_CAMEFROM</fname>
   <type>CHAR(20)</type>
 </MESSAGE_DR>
 <MESSAGE_DR xmlns="MESSAGE_DR">
   <fname>SBK_CAMEFROM</fname>
   <type>CHAR(20)</type>
 </MESSAGE_DR>
 <MESSAGE_DR xmlns="MESSAGE_DR">
   <fname>OBK_CAMEFROM</fname>
   <type>CHAR(20)</type>
 </MESSAGE_DR>
 <MESSAGE_DR xmlns="MESSAGE_DR">
   <fname>ORP_CAMEFROM</fname>
   <type>CHAR(20)</type>
 </MESSAGE_DR>
 <MESSAGE_DR xmlns="MESSAGE_DR">
   <fname>INS_CAMEFROM</fname>
   <type>CHAR(20)</type>
 </MESSAGE_DR>
 <MESSAGE_DR xmlns="MESSAGE_DR">
   <fname>RCA_CAMEFROM</fname>
   <type>CHAR(20)</type>
 </MESSAGE_DR>
 <MESSAGE_DR xmlns="MESSAGE_DR">
   <fname>DEBITSIDE_RESIDENCY</fname>
   <type>CHAR(2)</type>
 </MESSAGE_DR>
 <MESSAGE_DR xmlns="MESSAGE_DR">
   <fname>DBT_PROFILE_IDBANK</fname>
   <type>CHAR(3)</type>
 </MESSAGE_DR>
 <MESSAGE_DR xmlns="MESSAGE_DR">
   <fname>DBT_PROFILE_IDTYPE</fname>
   <type>CHAR(1)</type>
 </MESSAGE_DR>
 <MESSAGE_DR xmlns="MESSAGE_DR">
   <fname>DBT_PROFILE_IDACC</fname>
   <type>CHAR(30)</type>
 </MESSAGE_DR>
 <MESSAGE_DR xmlns="MESSAGE_DR">
   <fname>DBT_PROFILE_IDADR</fname>
   <type>CHAR(5)</type>
 </MESSAGE_DR>
 <MESSAGE_DR xmlns="MESSAGE_DR">
   <fname>DBT_PROFILE_IDPAD</fname>
   <type>CHAR(1)</type>
 </MESSAGE_DR>
 <MESSAGE_DR xmlns="MESSAGE_DR">
   <fname>SBK_PROFILE_IDBANK</fname>
   <type>CHAR(3)</type>
 </MESSAGE_DR>
 <MESSAGE_DR xmlns="MESSAGE_DR">
   <fname>SBK_PROFILE_IDTYPE</fname>
   <type>CHAR(1)</type>
 </MESSAGE_DR>
 <MESSAGE_DR xmlns="MESSAGE_DR">
   <fname>SBK_PROFILE_IDACC</fname>
   <type>CHAR(30)</type>
 </MESSAGE_DR>
 <MESSAGE_DR xmlns="MESSAGE_DR">
   <fname>SBK_PROFILE_IDADR</fname>
   <type>CHAR(5)</type>
 </MESSAGE_DR>
 <MESSAGE_DR xmlns="MESSAGE_DR">
   <fname>SBK_PROFILE_IDPAD</fname>
   <type>CHAR(1)</type>
 </MESSAGE_DR>
 <MESSAGE_DR xmlns="MESSAGE_DR">
   <fname>DBT_BEI_FLAG</fname>
   <type>CHAR(1)</type>
 </MESSAGE_DR>
 <MESSAGE_DR xmlns="MESSAGE_DR">
   <fname>SBK_BEI_FLAG</fname>
   <type>CHAR(1)</type>
 </MESSAGE_DR>
 <MESSAGE_DR xmlns="MESSAGE_DR">
   <fname>OBK_BEI_FLAG</fname>
   <type>CHAR(1)</type>
 </MESSAGE_DR>
 <MESSAGE_DR xmlns="MESSAGE_DR">
   <fname>ORP_BEI_FLAG</fname>
   <type>CHAR(1)</type>
 </MESSAGE_DR>
 <MESSAGE_DR xmlns="MESSAGE_DR">
   <fname>INS_BEI_FLAG</fname>
   <type>CHAR(1)</type>
 </MESSAGE_DR>
 <MESSAGE_DR xmlns="MESSAGE_DR">
   <fname>RCA_BEI_FLAG</fname>
   <type>CHAR(1)</type>
 </MESSAGE_DR>
 <MESSAGE_DR xmlns="MESSAGE_DR">
   <fname>DBT_BILAT_IDBANK</fname>
   <type>CHAR(3)</type>
 </MESSAGE_DR>
 <MESSAGE_DR xmlns="MESSAGE_DR">
   <fname>DBT_BILAT_IDTYPE</fname>
   <type>CHAR(1)</type>
 </MESSAGE_DR>
 <MESSAGE_DR xmlns="MESSAGE_DR">
   <fname>DBT_BILAT_IDKEY</fname>
   <type>CHAR(30)</type>
 </MESSAGE_DR>
 <MESSAGE_DR xmlns="MESSAGE_DR">
   <fname>DBT_SEC_IDBANK</fname>
   <type>CHAR(3)</type>
 </MESSAGE_DR>
 <MESSAGE_DR xmlns="MESSAGE_DR">
   <fname>DBT_SEC_IDTYPE</fname>
   <type>CHAR(1)</type>
 </MESSAGE_DR>
 <MESSAGE_DR xmlns="MESSAGE_DR">
   <fname>DBT_SEC_IDKEY</fname>
   <type>CHAR(30)</type>
 </MESSAGE_DR>
 <MESSAGE_DR xmlns="MESSAGE_DR">
   <fname>DBT_SEC_ACCTG_CUR</fname>
   <type>CHAR(3)</type>
 </MESSAGE_DR>
 <MESSAGE_DR xmlns="MESSAGE_DR">
   <fname>DBT_TER_IDBANK</fname>
   <type>CHAR(3)</type>
 </MESSAGE_DR>
 <MESSAGE_DR xmlns="MESSAGE_DR">
   <fname>DBT_TER_ACCTG_CUR</fname>
   <type>CHAR(3)</type>
 </MESSAGE_DR>
 <MESSAGE_DR xmlns="MESSAGE_DR">
   <fname>DBT_IBAN</fname>
   <type>CHAR(1)</type>
 </MESSAGE_DR>
 <MESSAGE_DR xmlns="MESSAGE_DR">
   <fname>DBT_PRULE_COPY</fname>
   <type>CHAR(11)</type>
 </MESSAGE_DR>
 <MESSAGE_DR xmlns="MESSAGE_DR">
   <fname>SBK_PRULE_COPY</fname>
   <type>CHAR(11)</type>
 </MESSAGE_DR>
 <MESSAGE_DR xmlns="MESSAGE_DR">
   <fname>DBT_PROC_RULE_STATE</fname>
   <type>CHAR(9)</type>
 </MESSAGE_DR>
 <MESSAGE_DR xmlns="MESSAGE_DR">
   <fname>SBK_PROC_RULE_STATE</fname>
   <type>CHAR(9)</type>
 </MESSAGE_DR>
 <MESSAGE_DR xmlns="MESSAGE_DR">
   <fname>DBT_SPC_INST1</fname>
   <type>CHAR(35)</type>
 </MESSAGE_DR>
 <MESSAGE_DR xmlns="MESSAGE_DR">
   <fname>DBT_SPC_INST2</fname>
   <type>CHAR(35)</type>
 </MESSAGE_DR>
 <MESSAGE_DR xmlns="MESSAGE_DR">
   <fname>DBT_SPC_INST3</fname>
   <type>CHAR(35)</type>
 </MESSAGE_DR>
 <MESSAGE_DR xmlns="MESSAGE_DR">
   <fname>DBT_COMM_CBL_FLG</fname>
   <type>CHAR(1)</type>
 </MESSAGE_DR>
 <MESSAGE_DR xmlns="MESSAGE_DR">
   <fname>ORP_BNK</fname>
   <type>CHAR(1)</type>
 </MESSAGE_DR>
 <MESSAGE_DR xmlns="MESSAGE_DR">
   <fname>DBT_PSD_OSC</fname>
   <type>CHAR(6)</type>
 </MESSAGE_DR>
 <MESSAGE_DR xmlns="MESSAGE_DR">
   <fname>AUTRV_CHGD_DBT_ADR</fname>
   <type>CHAR(1)</type>
 </MESSAGE_DR>
 <MESSAGE_DR xmlns="MESSAGE_DR">
   <fname>IS_COVER_PAYMENT</fname>
   <type>CHAR(1)</type>
 </MESSAGE_DR>
 <MESSAGE_DEST xmlns="MESSAGE_DEST">
   <fname>DST_IDTYPE</fname>
   <type>CHAR(1)</type>
 </MESSAGE_DEST>
 <MESSAGE_DEST xmlns="MESSAGE_DEST">
   <fname>DST_ID</fname>
   <type>CHAR(64)</type>
 </MESSAGE_DEST>
 <MESSAGE_DEST xmlns="MESSAGE_DEST">
   <fname>DST_TYPE</fname>
   <type>CHAR(3)</type>
 </MESSAGE_DEST>
 <MESSAGE_DEST xmlns="MESSAGE_DEST">
   <fname>DST_NAME1</fname>
   <type>CHAR(35)</type>
 </MESSAGE_DEST>
 <MESSAGE_DEST xmlns="MESSAGE_DEST">
   <fname>DST_ROUTE_ID</fname>
   <type>CHAR(64)</type>
 </MESSAGE_DEST>
 <MESSAGE_HIST xmlns="MESSAGE_HIST">
   <fname>BANK</fname>
   <type>CHAR(3)</type>
 </MESSAGE_HIST>
 <MESSAGE_HIST xmlns="MESSAGE_HIST">
   <fname>LOC</fname>
   <type>CHAR(6)</type>
 </MESSAGE_HIST>
 <MESSAGE_HIST xmlns="MESSAGE_HIST">
   <fname>QUE_LINE_ID</fname>
   <type>CHAR(12)</type>
 </MESSAGE_HIST>
 <MESSAGE_HIST xmlns="MESSAGE_HIST">
   <fname>DETAILS</fname>
   <type>CHAR(80)</type>
 </MESSAGE_HIST>
 <MESSAGE_TEXT xmlns="MESSAGE_TEXT">
   <fname>TEXT_TYPE</fname>
   <type>CHAR(1)</type>
 </MESSAGE_TEXT>
 <MESSAGE_TEXT xmlns="MESSAGE_TEXT">
   <fname>MESSAGE_TEXT</fname>
   <type>CHAR(1000)</type>
 </MESSAGE_TEXT>
 <MESSAGE_PR_PVL xmlns="MESSAGE_PR_PVL">
   <fname>PRPARM_ID</fname>
   <type>CHAR(40)</type>
 </MESSAGE_PR_PVL>
 <MESSAGE_PR_PVL xmlns="MESSAGE_PR_PVL">
   <fname>PARAMETER_VALUES</fname>
   <type>CHAR(80)</type>
 </MESSAGE_PR_PVL>
</RGWTables>
