﻿<?xml version="1.0" standalone="yes"?>
<Configuration>
  <SimulatorControl xmlns="SimulatorControl">
    <OurHostAddress>LocalHost</OurHostAddress>
    <ApplicationName>MTS5 Simulator</ApplicationName>
    <Area>mts5</Area>
    <localRgwArea>mts5</localRgwArea>
    <receiverRgwArea>mts5</receiverRgwArea>
    <compareRgwArea>mts5</compareRgwArea>
    <remoteRgwArea xml:space="preserve"></remoteRgwArea>
    <RgwRepository>MDR</RgwRepository>
    <defaultCompareTable>DefaultCompare</defaultCompareTable>
    <MTSHostName>NC006TVA001</MTSHostName>
    <Debug>N</Debug>
    <RootDir>c:/Simulator/mts5/</RootDir>
    <RemoteArea xml:space="preserve"></RemoteArea>
    <RemoteMTSHostName>LocalHost</RemoteMTSHostName>
    <ChpAba xml:space="preserve"></ChpAba>
    <FedAba>061000104</FedAba>
    <SwfVersion>V1</SwfVersion>
    <SimVersion>1.5</SimVersion>
    <Vendor>ACI</Vendor>
</SimulatorControl>
  <ApplicationBanks xmlns="ApplicationBanks">
    <Bank>175</Bank>
</ApplicationBanks>
  <AreaAdvTypes xmlns="AreaAdvTypes">
    <AdvType>PHN</AdvType>
</AreaAdvTypes>
  <AreaAdvTypes xmlns="AreaAdvTypes">
    <AdvType>PHH</AdvType>
</AreaAdvTypes>
  <AreaAdvTypes xmlns="AreaAdvTypes">
    <AdvType>LTR</AdvType>
</AreaAdvTypes>
  <AreaAdvTypes xmlns="AreaAdvTypes">
    <AdvType>SWF</AdvType>
</AreaAdvTypes>
  <AreaAdvTypes xmlns="AreaAdvTypes">
    <AdvType>WIR</AdvType>
</AreaAdvTypes>
  <AreaAdvTypes xmlns="AreaAdvTypes">
    <AdvType>FED</AdvType>
</AreaAdvTypes>
  <AreaBanks xmlns="AreaBanks">
    <Bank>175</Bank>
</AreaBanks>
  <AreaSources xmlns="AreaSources">
    <Source>ADJ</Source>
</AreaSources>
  <AreaSources xmlns="AreaSources">
    <Source>STO</Source>
</AreaSources>
  <AreaSources xmlns="AreaSources">
    <Source>MEM</Source>
</AreaSources>
  <AreaSources xmlns="AreaSources">
    <Source>DFM</Source>
</AreaSources>
  <AreaSources xmlns="AreaSources">
    <Source>SWF</Source>
</AreaSources>
  <AreaSources xmlns="AreaSources">
    <Source>FED</Source>
</AreaSources>
  <AreaSources xmlns="AreaSources">
    <Source>TLX</Source>
</AreaSources>
  <AreaSources xmlns="AreaSources">
    <Source>COR</Source>
</AreaSources>
  <AreaSources xmlns="AreaSources">
    <Source>BCW</Source>
</AreaSources>
  <AreaSources xmlns="AreaSources">
    <Source>GMT</Source>
</AreaSources>
  <AreaSources xmlns="AreaSources">
    <Source>EWI</Source>
</AreaSources>
  <AreaSources xmlns="AreaSources">
    <Source>S1I</Source>
</AreaSources>
  <AreaSources xmlns="AreaSources">
    <Source>IBC</Source>
</AreaSources>
  <AreaSources xmlns="AreaSources">
    <Source>BRW</Source>
</AreaSources>
  <AreaSources xmlns="AreaSources">
    <Source>ETW</Source>
</AreaSources>
  <AreaSources xmlns="AreaSources">
    <Source>LTR</Source>
</AreaSources>
  <AreaSources xmlns="AreaSources">
    <Source>LTC</Source>
</AreaSources>
  <AreaSources xmlns="AreaSources">
    <Source>WIR</Source>
</AreaSources>
  <AreaSources xmlns="AreaSources">
    <Source>VRU</Source>
</AreaSources>
  <AreaSources xmlns="AreaSources">
    <Source>PHH</Source>
</AreaSources>
  <AreaSources xmlns="AreaSources">
    <Source>SPT</Source>
</AreaSources>
  <AreaSources xmlns="AreaSources">
    <Source>BTR</Source>
</AreaSources>
  <AreaSources xmlns="AreaSources">
    <Source>LTV</Source>
</AreaSources>
  <AreaSources xmlns="AreaSources">
    <Source>LTP</Source>
</AreaSources>
  <AreaSources xmlns="AreaSources">
    <Source>LCE</Source>
</AreaSources>
  <AreaSources xmlns="AreaSources">
    <Source>BTS</Source>
</AreaSources>
  <AreaSources xmlns="AreaSources">
    <Source>ISA</Source>
</AreaSources>
  <AreaSources xmlns="AreaSources">
    <Source>BWE</Source>
</AreaSources>
  <AreaSources xmlns="AreaSources">
    <Source>BWI</Source>
</AreaSources>
  <AreaSources xmlns="AreaSources">
    <Source>EDI</Source>
</AreaSources>
  <AreaTranTypes xmlns="AreaTranTypes">
    <TranType>FTR</TranType>
</AreaTranTypes>
  <AreaTranTypes xmlns="AreaTranTypes">
    <TranType>FFR</TranType>
</AreaTranTypes>
  <AreaTranTypes xmlns="AreaTranTypes">
    <TranType>FFS</TranType>
</AreaTranTypes>
  <AreaTranTypes xmlns="AreaTranTypes">
    <TranType>DEP</TranType>
</AreaTranTypes>
  <AreaTranTypes xmlns="AreaTranTypes">
    <TranType>DRW</TranType>
</AreaTranTypes>
  <AreaTranTypes xmlns="AreaTranTypes">
    <TranType>DFT</TranType>
</AreaTranTypes>
  <AreaTranTypes xmlns="AreaTranTypes">
    <TranType>DFA</TranType>
</AreaTranTypes>
  <AreaTranTypes xmlns="AreaTranTypes">
    <TranType>CKS</TranType>
</AreaTranTypes>
  <AreaTranTypes xmlns="AreaTranTypes">
    <TranType>CKR</TranType>
</AreaTranTypes>
  <AreaTranTypes xmlns="AreaTranTypes">
    <TranType>NON</TranType>
</AreaTranTypes>
  <AreaTranTypes xmlns="AreaTranTypes">
    <TranType>IRS</TranType>
</AreaTranTypes>
  <AreaTranTypes xmlns="AreaTranTypes">
    <TranType>PRE</TranType>
</AreaTranTypes>
  <AreaTranTypes xmlns="AreaTranTypes">
    <TranType>SPL</TranType>
</AreaTranTypes>
  <AreaTranTypes xmlns="AreaTranTypes">
    <TranType>COR</TranType>
</AreaTranTypes>
  <AreaTranTypes xmlns="AreaTranTypes">
    <TranType>BPF</TranType>
</AreaTranTypes>
  <AreaTranTypes xmlns="AreaTranTypes">
    <TranType>MEM</TranType>
</AreaTranTypes>
  <ChipsControl xmlns="ChipsControl">
    <ValDate>2008-09-16T11:45:38-04:00</ValDate>
    <Act_fund>100.0000</Act_fund>
    <Gen_ssn>N</Gen_ssn>
    <New_day>N</New_day>
    <Dup_psn_check>N</Dup_psn_check>
    <Rslv_fund_on>N</Rslv_fund_on>
</ChipsControl>
  <ChipsControl xmlns="ChipsControl">
    <ValDate>2008-09-17T14:23:53-04:00</ValDate>
    <Act_fund>100.0000</Act_fund>
    <Gen_ssn>N</Gen_ssn>
    <New_day>N</New_day>
    <Dup_psn_check>N</Dup_psn_check>
    <Rslv_fund_on>N</Rslv_fund_on>
</ChipsControl>
  <FedControl xmlns="FedControl">
    <ApplId>APP1</ApplId>
    <CycleDate>2011-05-25T00:00:00-04:00</CycleDate>
    <NumberPerBatch>10</NumberPerBatch>
    <GenOMAD>Y</GenOMAD>
    <ChangeCDate>Y</ChangeCDate>
    <CheckDups>N</CheckDups>
    <CheckGaps>N</CheckGaps>
    <OpenBal>0.0000</OpenBal>
    <DebitCap>0.0000</DebitCap>
    <FundsColl>0.0000</FundsColl>
    <CreditAmt>283048232721.5300</CreditAmt>
    <CreditCnt>579505</CreditCnt>
    <DebitAmt>4119679975.4900</DebitAmt>
    <DebitCnt>8513</DebitCnt>
    <BankName>STI</BankName>
</FedControl>
  <EntrySources xmlns="EntrySources">
    <UniqueKey>1</UniqueKey>
    <Source>COR</Source>
</EntrySources>
  <EntrySources xmlns="EntrySources">
    <UniqueKey>2</UniqueKey>
    <Source>IBC</Source>
</EntrySources>
  <EntrySources xmlns="EntrySources">
    <UniqueKey>3</UniqueKey>
    <Source>LCE</Source>
</EntrySources>
  <EntrySources xmlns="EntrySources">
    <UniqueKey>4</UniqueKey>
    <Source>LTR</Source>
</EntrySources>
  <EntrySources xmlns="EntrySources">
    <UniqueKey>5</UniqueKey>
    <Source>LTC</Source>
</EntrySources>
  <EntrySources xmlns="EntrySources">
    <UniqueKey>6</UniqueKey>
    <Source>LTP</Source>
</EntrySources>
  <EntrySources xmlns="EntrySources">
    <UniqueKey>7</UniqueKey>
    <Source>LTV</Source>
</EntrySources>
  <FeederControl xmlns="FeederControl">
    <LineName>175_FEDLINE_1</LineName>
    <Source>FED</Source>
    <ProcessState>*</ProcessState>
    <TimelyDelivery>N</TimelyDelivery>
    <TimeFrom>1900-01-01T00:00:00-05:00</TimeFrom>
    <TimeTo>1900-01-01T00:00:00-05:00</TimeTo>
    <MsgperTrn>1</MsgperTrn>
    <NumberSel>1</NumberSel>
</FeederControl>
  <FeederControl xmlns="FeederControl">
    <LineName>175_SNTA_F_RCV</LineName>
    <Source>SWF</Source>
    <ProcessState>*</ProcessState>
    <TimelyDelivery>N</TimelyDelivery>
    <TimeFrom>1900-01-01T00:00:00-05:00</TimeFrom>
    <TimeTo>1900-01-01T00:00:00-05:00</TimeTo>
    <MsgperTrn>10</MsgperTrn>
    <NumberSel>10</NumberSel>
</FeederControl>
  <FeederControl xmlns="FeederControl">
    <LineName>175_EWIS_IN</LineName>
    <Source>ISI</Source>
    <ProcessState>*</ProcessState>
    <TimelyDelivery>N</TimelyDelivery>
    <TimeFrom>1900-01-01T00:00:00-05:00</TimeFrom>
    <TimeTo>1900-01-01T00:00:00-05:00</TimeTo>
    <MsgperTrn>1</MsgperTrn>
    <NumberSel>1</NumberSel>
</FeederControl>
  <FeederControl xmlns="FeederControl">
    <LineName>175_S1IS_IN</LineName>
    <Source>ISI</Source>
    <ProcessState>*</ProcessState>
    <TimelyDelivery>N</TimelyDelivery>
    <TimeFrom>1900-01-01T00:00:00-05:00</TimeFrom>
    <TimeTo>1900-01-01T00:00:00-05:00</TimeTo>
    <MsgperTrn>1</MsgperTrn>
    <NumberSel>1</NumberSel>
</FeederControl>
  <LineNames xmlns="LineNames">
    <LineNameKey>FEDLINE_1</LineNameKey>
    <Source>FED</Source>
    <SplitFileName xml:space="preserve"></SplitFileName>
    <DefaultLine xml:space="preserve"></DefaultLine>
    <CrLf>N</CrLf>
</LineNames>
  <LineNames xmlns="LineNames">
    <LineNameKey>SNTA_F_RCV</LineNameKey>
    <Source>SWF</Source>
    <SplitFileName>swf</SplitFileName>
    <DefaultLine xml:space="preserve"></DefaultLine>
    <CrLf>Y</CrLf>
</LineNames>
  <LineNames xmlns="LineNames">
    <LineNameKey>EWIS_IN</LineNameKey>
    <Source>ISI</Source>
    <SplitFileName>isi</SplitFileName>
    <DefaultLine xml:space="preserve"></DefaultLine>
    <CrLf>Y</CrLf>
</LineNames>
  <LineNames xmlns="LineNames">
    <LineNameKey>S1IS_IN</LineNameKey>
    <Source>ISI</Source>
    <SplitFileName>isi</SplitFileName>
    <DefaultLine xml:space="preserve"></DefaultLine>
    <CrLf>Y</CrLf>
</LineNames>
  <LineNames xmlns="LineNames">
    <LineNameKey>SWFINQ</LineNameKey>
    <Source>SWF</Source>
    <SplitFileName>swf</SplitFileName>
    <DefaultLine>SNTA_F_RCV</DefaultLine>
    <CrLf>Y</CrLf>
</LineNames>
  <LineNames xmlns="LineNames">
    <LineNameKey>ISIINQ</LineNameKey>
    <Source>ISI</Source>
    <SplitFileName>isi</SplitFileName>
    <DefaultLine>OBS_OUT</DefaultLine>
    <CrLf>N</CrLf>
</LineNames>
  <LineNames xmlns="LineNames">
    <LineNameKey>FEDINQ</LineNameKey>
    <Source>FED</Source>
    <SplitFileName>fed</SplitFileName>
    <DefaultLine>FEDLINE_1</DefaultLine>
    <CrLf>N</CrLf>
</LineNames>
  <LinkControl xmlns="LinkControl">
    <LineName>175_FEDLINE_1</LineName>
    <Description>Fed Line # 1</Description>
    <SndRcv>B</SndRcv>
    <Port>0</Port>
    <IntPort>0</IntPort>
    <NextSeqNo>1</NextSeqNo>
    <OutSeqNo>1</OutSeqNo>
    <LineStatus>*</LineStatus>
    <TrnRef>0000000000000000</TrnRef>
    <NumberSel>1</NumberSel>
    <P1 xml:space="preserve"></P1>
    <TimeDelay>0</TimeDelay>
    <outputMQName>WT0.FEDLINE_NOTIFY.WMQ.00</outputMQName>
    <outputMQName1>WT0.FEDLINE_ACK.REPLY.WMQ.00</outputMQName1>
    <inputMQName>WT0.FEDLINE.REQUEST.WMQ.00</inputMQName>
    <MQMgrName>IWT0F00</MQMgrName>
    <Mode>1</Mode>
    <GroupNo>4</GroupNo>
    <Source>FED</Source>
    <RsnSeqNo>0</RsnSeqNo>
    <SwfTid>LTERM123</SwfTid>
</LinkControl>
  <LinkControl xmlns="LinkControl">
    <LineName>175_SNTA_F_RCV</LineName>
    <Description>SNT Swift A Send</Description>
    <SndRcv>S</SndRcv>
    <Port>22222</Port>
    <IntPort>18534</IntPort>
    <NextSeqNo>48205</NextSeqNo>
    <OutSeqNo>1</OutSeqNo>
    <LineStatus>*</LineStatus>
    <TrnRef>0000000000000000</TrnRef>
    <NumberSel>10</NumberSel>
    <P1 xml:space="preserve"></P1>
    <TimeDelay>0</TimeDelay>
    <outputMQName />
    <outputMQName1 />
    <inputMQName />
    <MQMgrName />
    <Mode>0</Mode>
    <GroupNo>1</GroupNo>
    <Source>SWF</Source>
    <RsnSeqNo>0</RsnSeqNo>
    <SwfTid>zyevus30a</SwfTid>
</LinkControl>
  <LinkControl xmlns="LinkControl">
    <LineName>175_SNTA_F_SND</LineName>
    <Description>SNT Swift A Receive</Description>
    <SndRcv>R</SndRcv>
    <Port>44444</Port>
    <IntPort>18534</IntPort>
    <NextSeqNo>1</NextSeqNo>
    <OutSeqNo>1</OutSeqNo>
    <LineStatus>*</LineStatus>
    <TrnRef>0000000000000000</TrnRef>
    <NumberSel>10</NumberSel>
    <P1 xml:space="preserve"></P1>
    <TimeDelay>0</TimeDelay>
    <outputMQName />
    <outputMQName1 />
    <inputMQName />
    <MQMgrName />
    <Mode>0</Mode>
    <GroupNo>1</GroupNo>
    <Source>SWF</Source>
    <RsnSeqNo>0</RsnSeqNo>
    <SwfTid>zyevus30a</SwfTid>
</LinkControl>
  <LinkControl xmlns="LinkControl">
    <LineName>175_OBS_OUT</LineName>
    <Description>OBS Receive</Description>
    <SndRcv>R</SndRcv>
    <Port>8010</Port>
    <IntPort>0</IntPort>
    <NextSeqNo>1</NextSeqNo>
    <OutSeqNo>1</OutSeqNo>
    <LineStatus>*</LineStatus>
    <TrnRef>0000000000000000</TrnRef>
    <NumberSel>1</NumberSel>
    <P1 xml:space="preserve"></P1>
    <TimeDelay>0</TimeDelay>
    <outputMQName />
    <outputMQName1 />
    <inputMQName />
    <MQMgrName />
    <Mode>0</Mode>
    <GroupNo>3</GroupNo>
    <Source>ISI</Source>
    <RsnSeqNo>0</RsnSeqNo>
    <SwfTid xml:space="preserve"></SwfTid>
</LinkControl>
  <LinkControl xmlns="LinkControl">
    <LineName>175_EWIS_IN</LineName>
    <Description>EWIS Send</Description>
    <SndRcv>S</SndRcv>
    <Port>20051</Port>
    <IntPort>0</IntPort>
    <NextSeqNo>4871</NextSeqNo>
    <OutSeqNo>1</OutSeqNo>
    <LineStatus>*</LineStatus>
    <TrnRef>0000000000000000</TrnRef>
    <NumberSel>1</NumberSel>
    <P1 xml:space="preserve"></P1>
    <TimeDelay>0</TimeDelay>
    <outputMQName />
    <outputMQName1 />
    <inputMQName />
    <MQMgrName />
    <Mode>0</Mode>
    <GroupNo>3</GroupNo>
    <Source>ISI</Source>
    <RsnSeqNo>0</RsnSeqNo>
    <SwfTid xml:space="preserve"></SwfTid>
</LinkControl>
  <LinkControl xmlns="LinkControl">
    <LineName>175_EWIS_OUT</LineName>
    <Description>EWIS Receive</Description>
    <SndRcv>R</SndRcv>
    <Port>20052</Port>
    <IntPort>0</IntPort>
    <NextSeqNo>1</NextSeqNo>
    <OutSeqNo>1</OutSeqNo>
    <LineStatus>*</LineStatus>
    <TrnRef>0000000000000000</TrnRef>
    <NumberSel>1</NumberSel>
    <P1 xml:space="preserve"></P1>
    <TimeDelay>0</TimeDelay>
    <outputMQName />
    <outputMQName1 />
    <inputMQName />
    <MQMgrName />
    <Mode>0</Mode>
    <GroupNo>3</GroupNo>
    <Source>ISI</Source>
    <RsnSeqNo>0</RsnSeqNo>
    <SwfTid xml:space="preserve"></SwfTid>
</LinkControl>
  <LinkControl xmlns="LinkControl">
    <LineName>175_S1IS_IN</LineName>
    <Description>S1IS Send</Description>
    <SndRcv>S</SndRcv>
    <Port>20061</Port>
    <IntPort>0</IntPort>
    <NextSeqNo>34</NextSeqNo>
    <OutSeqNo>1</OutSeqNo>
    <LineStatus>*</LineStatus>
    <TrnRef>0000000000000000</TrnRef>
    <NumberSel>1</NumberSel>
    <P1 xml:space="preserve"></P1>
    <TimeDelay>0</TimeDelay>
    <outputMQName />
    <outputMQName1 />
    <inputMQName />
    <MQMgrName />
    <Mode>0</Mode>
    <GroupNo>3</GroupNo>
    <Source>ISI</Source>
    <RsnSeqNo>0</RsnSeqNo>
    <SwfTid xml:space="preserve"></SwfTid>
    <Pin>53447</Pin>
</LinkControl>
  <LinkControl xmlns="LinkControl">
    <LineName>175_S1IS_OUT</LineName>
    <Description>S1IS Receive</Description>
    <SndRcv>R</SndRcv>
    <Port>20059</Port>
    <IntPort>0</IntPort>
    <NextSeqNo>112</NextSeqNo>
    <OutSeqNo>1</OutSeqNo>
    <LineStatus>*</LineStatus>
    <TrnRef>0000000000000000</TrnRef>
    <NumberSel>1</NumberSel>
    <P1 xml:space="preserve"></P1>
    <TimeDelay>0</TimeDelay>
    <outputMQName />
    <outputMQName1 />
    <inputMQName />
    <MQMgrName />
    <Mode>0</Mode>
    <GroupNo>3</GroupNo>
    <Source>ISI</Source>
    <RsnSeqNo>0</RsnSeqNo>
    <SwfTid xml:space="preserve"></SwfTid>
</LinkControl>
  <LinkGroup xmlns="LinkGroup">
    <GroupName>Swift Links</GroupName>
    <GroupNo>1</GroupNo>
</LinkGroup>
  <LinkGroup xmlns="LinkGroup">
    <GroupName>ISI2 Link</GroupName>
    <GroupNo>2</GroupNo>
</LinkGroup>
  <LinkGroup xmlns="LinkGroup">
    <GroupName>ISI Links</GroupName>
    <GroupNo>3</GroupNo>
</LinkGroup>
  <LinkGroup xmlns="LinkGroup">
    <GroupName>Other Links</GroupName>
    <GroupNo>4</GroupNo>
</LinkGroup>
  <ProcessGroup xmlns="ProcessGroup">
    <GroupName>Swift Links</GroupName>
    <GroupNo>1</GroupNo>
</ProcessGroup>
  <ProcessGroup xmlns="ProcessGroup">
    <GroupName>GMD Links</GroupName>
    <GroupNo>2</GroupNo>
</ProcessGroup>
  <ProcessGroup xmlns="ProcessGroup">
    <GroupName>Other Links</GroupName>
    <GroupNo>3</GroupNo>
</ProcessGroup>
  <ProcessGroup xmlns="ProcessGroup">
    <GroupName>Other Procs</GroupName>
    <GroupNo>4</GroupNo>
</ProcessGroup>
  <ProcessGroup xmlns="ProcessGroup">
    <GroupName>Swift Links</GroupName>
    <GroupNo>1</GroupNo>
</ProcessGroup>
  <ProcessGroup xmlns="ProcessGroup">
    <GroupName>GMD Links</GroupName>
    <GroupNo>2</GroupNo>
</ProcessGroup>
  <ProcessGroup xmlns="ProcessGroup">
    <GroupName>Other Links</GroupName>
    <GroupNo>3</GroupNo>
</ProcessGroup>
  <ProcessGroup xmlns="ProcessGroup">
    <GroupName>Other Procs</GroupName>
    <GroupNo>4</GroupNo>
</ProcessGroup>
  <ReceiveControl xmlns="ReceiveControl">
    <LineName>175_FEDLINE_1</LineName>
    <Source>FED</Source>
    <StopAckQue>N</StopAckQue>
    <WritetoFile>N</WritetoFile>
    <FileName>c:/Simulator/mts5/175_FEDLINE_1.txt</FileName>
    <AckRuleTableName xml:space="preserve"></AckRuleTableName>
    <ReleaseAckQue xml:space="preserve"></ReleaseAckQue>
    <TimeDelay>0</TimeDelay>
    <nSelect>1</nSelect>
    <DoEdits>Y</DoEdits>
</ReceiveControl>
  <ReceiveControl xmlns="ReceiveControl">
    <LineName>175_SNTA_F_SND</LineName>
    <Source>SWF</Source>
    <StopAckQue>N</StopAckQue>
    <WritetoFile>N</WritetoFile>
    <FileName>c:/Simulator/mts5/175_SNTA_F_SND.txt</FileName>
    <AckRuleTableName>swf1</AckRuleTableName>
    <ReleaseAckQue>N</ReleaseAckQue>
    <TimeDelay>0</TimeDelay>
    <nSelect>10</nSelect>
    <DoEdits>Y</DoEdits>
</ReceiveControl>
  <ReceiveControl xmlns="ReceiveControl">
    <LineName>175_OBS_OUT</LineName>
    <Source>ISI</Source>
    <StopAckQue>N</StopAckQue>
    <WritetoFile>N</WritetoFile>
    <FileName>c:/Simulator/mts5/175_OBS_OUT.txt</FileName>
    <AckRuleTableName xml:space="preserve"></AckRuleTableName>
    <ReleaseAckQue xml:space="preserve"></ReleaseAckQue>
    <TimeDelay>0</TimeDelay>
    <nSelect>10</nSelect>
    <DoEdits>N</DoEdits>
</ReceiveControl>
  <ReceiveControl xmlns="ReceiveControl">
    <LineName>175_EWIS_OUT</LineName>
    <Source>ISI</Source>
    <StopAckQue>N</StopAckQue>
    <WritetoFile>N</WritetoFile>
    <FileName>c:/Simulator/mts5/175_EWIS_OUT.txt</FileName>
    <AckRuleTableName xml:space="preserve"></AckRuleTableName>
    <ReleaseAckQue xml:space="preserve"></ReleaseAckQue>
    <TimeDelay>0</TimeDelay>
    <nSelect>10</nSelect>
    <DoEdits>N</DoEdits>
</ReceiveControl>
  <ReceiveControl xmlns="ReceiveControl">
    <LineName>175_S1IS_OUT</LineName>
    <Source>ISI</Source>
    <StopAckQue>N</StopAckQue>
    <WritetoFile>N</WritetoFile>
    <FileName>c:/Simulator/mts5/175_S1IS_OUT.txt</FileName>
    <AckRuleTableName xml:space="preserve"></AckRuleTableName>
    <ReleaseAckQue xml:space="preserve"></ReleaseAckQue>
    <TimeDelay>0</TimeDelay>
    <nSelect>10</nSelect>
    <DoEdits>N</DoEdits>
</ReceiveControl>
  <SimulatorProcesses xmlns="SimulatorProcesses">
    <ModName>FeederThreads</ModName>
    <ModPath>c:/Simulator/allbin/</ModPath>
    <ModArgs>mts5</ModArgs>
    <MultiAllowed>n</MultiAllowed>
    <StartUp>y</StartUp>
    <ProcName>Feeders</ProcName>
    <GroupNo>4</GroupNo>
</SimulatorProcesses>
  <SimulatorProcesses xmlns="SimulatorProcesses">
    <ModName>ByLogsLoader</ModName>
    <ModPath>c:/Simulator/allbin/</ModPath>
    <ModArgs>mts5</ModArgs>
    <MultiAllowed>n</MultiAllowed>
    <StartUp>y</StartUp>
    <ProcName>ByLogsLoader</ProcName>
    <GroupNo>4</GroupNo>
</SimulatorProcesses>
  <SimulatorProcesses xmlns="SimulatorProcesses">
    <ModName>IdiCompDump</ModName>
    <ModPath>c:/Simulator/allbin/</ModPath>
    <ModArgs>mts5</ModArgs>
    <MultiAllowed>y</MultiAllowed>
    <StartUp>y</StartUp>
    <ProcName>IdiCompDump</ProcName>
    <GroupNo>4</GroupNo>
</SimulatorProcesses>
  <SimulatorProcesses xmlns="SimulatorProcesses">
    <ModName>IdiFileCompare</ModName>
    <ModPath>c:/Simulator/allbin/</ModPath>
    <ModArgs>mts5</ModArgs>
    <MultiAllowed>y</MultiAllowed>
    <StartUp>y</StartUp>
    <ProcName>IdiFileCompare</ProcName>
    <GroupNo>4</GroupNo>
</SimulatorProcesses>
  <SimulatorProcesses xmlns="SimulatorProcesses">
    <ModName>Loader</ModName>
    <ModPath>c:/Simulator/allbin/</ModPath>
    <ModArgs>mts5</ModArgs>
    <MultiAllowed>y</MultiAllowed>
    <StartUp>y</StartUp>
    <ProcName>Loader</ProcName>
    <GroupNo>4</GroupNo>
</SimulatorProcesses>
  <SimulatorProcesses xmlns="SimulatorProcesses">
    <ModName>MsgSplitter</ModName>
    <ModPath>c:/Simulator/allbin/</ModPath>
    <ModArgs>mts5</ModArgs>
    <MultiAllowed>y</MultiAllowed>
    <StartUp>y</StartUp>
    <ProcName>Splitter</ProcName>
    <GroupNo>4</GroupNo>
</SimulatorProcesses>
  <SimulatorProcesses xmlns="SimulatorProcesses">
    <ModName>ReceiverThreads</ModName>
    <ModPath>c:/Simulator/allbin/</ModPath>
    <ModArgs>mts5</ModArgs>
    <MultiAllowed>n</MultiAllowed>
    <StartUp>y</StartUp>
    <ProcName>Receivers</ProcName>
    <GroupNo>4</GroupNo>
</SimulatorProcesses>
  <SimulatorProcesses xmlns="SimulatorProcesses">
    <ModName>VideoSrv</ModName>
    <ModPath>C:/Simulator/allbin/</ModPath>
    <ModArgs>mts5 VFY1</ModArgs>
    <MultiAllowed>n</MultiAllowed>
    <StartUp>y</StartUp>
    <ProcName>Auto VFY</ProcName>
    <GroupNo>4</GroupNo>
</SimulatorProcesses>
  <SimulatorProcesses xmlns="SimulatorProcesses">
    <ModName>Fedlink</ModName>
    <ModPath>c:/Simulator/allbin/</ModPath>
    <ModArgs>mts5 175_FEDLINE_1 B</ModArgs>
    <MultiAllowed>n</MultiAllowed>
    <StartUp>y</StartUp>
    <ProcName>Fed Line # 1</ProcName>
    <GroupNo>3</GroupNo>
</SimulatorProcesses>
  <SimulatorProcesses xmlns="SimulatorProcesses">
    <ModName>SwfServer</ModName>
    <ModPath>c:/Simulator/allbin/</ModPath>
    <ModArgs>mts5 175_SNTA_F_RCV</ModArgs>
    <MultiAllowed>n</MultiAllowed>
    <StartUp>y</StartUp>
    <ProcName>SNT Swift A Send</ProcName>
    <GroupNo>1</GroupNo>
</SimulatorProcesses>
  <SimulatorProcesses xmlns="SimulatorProcesses">
    <ModName>SwfClient</ModName>
    <ModPath>c:/Simulator/allbin/</ModPath>
    <ModArgs>mts5 175_SNTA_F_SND</ModArgs>
    <MultiAllowed>n</MultiAllowed>
    <StartUp>y</StartUp>
    <ProcName>SNT Swift A Receive</ProcName>
    <GroupNo>1</GroupNo>
</SimulatorProcesses>
  <SimulatorProcesses xmlns="SimulatorProcesses">
    <ModName>IsiLink</ModName>
    <ModPath>c:/Simulator/allbin/</ModPath>
    <ModArgs>mts5 175_OBS_OUT</ModArgs>
    <MultiAllowed>n</MultiAllowed>
    <StartUp>y</StartUp>
    <ProcName>OBS Receive</ProcName>
    <GroupNo>3</GroupNo>
</SimulatorProcesses>
  <SimulatorProcesses xmlns="SimulatorProcesses">
    <ModName>VideoSrv</ModName>
    <ModPath>C:/Simulator/allbin/</ModPath>
    <ModArgs>mts5 ENT1</ModArgs>
    <MultiAllowed>n</MultiAllowed>
    <StartUp>y</StartUp>
    <ProcName>Auto Entry</ProcName>
    <GroupNo>4</GroupNo>
</SimulatorProcesses>
  <SimulatorProcesses xmlns="SimulatorProcesses">
    <ModName>IsiLink</ModName>
    <ModPath>c:/Simulator/allbin/</ModPath>
    <ModArgs>mts5 175_EWIS_IN</ModArgs>
    <MultiAllowed>n</MultiAllowed>
    <StartUp>y</StartUp>
    <ProcName>EWIS Send</ProcName>
    <GroupNo>3</GroupNo>
</SimulatorProcesses>
  <SimulatorProcesses xmlns="SimulatorProcesses">
    <ModName>IsiLink</ModName>
    <ModPath>c:/Simulator/allbin/</ModPath>
    <ModArgs>mts5 175_EWIS_OUT</ModArgs>
    <MultiAllowed>n</MultiAllowed>
    <StartUp>y</StartUp>
    <ProcName>EWIS Receive</ProcName>
    <GroupNo>3</GroupNo>
</SimulatorProcesses>
  <SimulatorProcesses xmlns="SimulatorProcesses">
    <ModName>IsiLink</ModName>
    <ModPath>c:/Simulator/allbin/</ModPath>
    <ModArgs>mts5 175_S1IS_IN</ModArgs>
    <MultiAllowed>n</MultiAllowed>
    <StartUp>y</StartUp>
    <ProcName>S1IS Send</ProcName>
    <GroupNo>3</GroupNo>
</SimulatorProcesses>
  <SimulatorProcesses xmlns="SimulatorProcesses">
    <ModName>IsiLink</ModName>
    <ModPath>c:/Simulator/allbin/</ModPath>
    <ModArgs>mts5 175_S1IS_OUT</ModArgs>
    <MultiAllowed>n</MultiAllowed>
    <StartUp>y</StartUp>
    <ProcName>S1IS Receive</ProcName>
    <GroupNo>3</GroupNo>
</SimulatorProcesses>
  <SimulatorProcesses xmlns="SimulatorProcesses">
    <ModName>VideoSrv</ModName>
    <ModPath>C:/Simulator/allbin/</ModPath>
    <ModArgs>mts5 RPR1</ModArgs>
    <MultiAllowed>n</MultiAllowed>
    <StartUp>y</StartUp>
    <ProcName>Auto Repair</ProcName>
    <GroupNo>4</GroupNo>
</SimulatorProcesses>
  <VideoConfig xmlns="VideoConfig">
    <UniqueKey>1</UniqueKey>
    <Mode>VFY1</Mode>
    <TimeOut>5000</TimeOut>
    <TimeOutCallSel>5000</TimeOutCallSel>
    <TimeOutScroll>200</TimeOutScroll>
    <MakeTrace>Y</MakeTrace>
    <AutoReplay>Y</AutoReplay>
    <VideoPort>7016</VideoPort>
    <IntPort>27006</IntPort>
    <DisplFlow>Y</DisplFlow>
    <ValDate>2008-10-08T00:00:00-04:00</ValDate>
</VideoConfig>
  <VideoConfig xmlns="VideoConfig">
    <UniqueKey>2</UniqueKey>
    <Mode>ENT1</Mode>
    <TimeOut>5000</TimeOut>
    <TimeOutCallSel>5000</TimeOutCallSel>
    <TimeOutScroll>200</TimeOutScroll>
    <MakeTrace>N</MakeTrace>
    <AutoReplay>Y</AutoReplay>
    <VideoPort>7016</VideoPort>
    <IntPort>27002</IntPort>
    <DisplFlow>Y</DisplFlow>
    <ValDate>2008-10-16T00:00:00-04:00</ValDate>
</VideoConfig>
  <VideoConfig xmlns="VideoConfig">
    <UniqueKey>3</UniqueKey>
    <Mode>RPR1</Mode>
    <TimeOut>5000</TimeOut>
    <TimeOutCallSel>5000</TimeOutCallSel>
    <TimeOutScroll>200</TimeOutScroll>
    <MakeTrace>N</MakeTrace>
    <AutoReplay>Y</AutoReplay>
    <VideoPort>7016</VideoPort>
    <IntPort>27004</IntPort>
    <DisplFlow>Y</DisplFlow>
    <ValDate>2008-10-16T00:00:00-04:00</ValDate>
</VideoConfig>
</Configuration>