<?xml version="1.0" standalone="yes"?>
<RGWTables>
 <MESSAGE_DEST xmlns="MESSAGE_DEST">
   <fname>TRN_DATE</fname>
   <type>DATETIME</type>
   <Default />
   <Null>Not Null</Null>
 </MESSAGE_DEST>
 <MESSAGE_DEST xmlns="MESSAGE_DEST">
   <fname>TRN_NUMBER</fname>
   <type>INT</type>
   <Default />
   <Null>Not Null</Null>
 </MESSAGE_DEST>
 <MESSAGE_DEST xmlns="MESSAGE_DEST">
   <fname>DST_ORDINAL</fname>
   <type>NUMERIC(5,0)</type>
   <Default />
   <Null>Null</Null>
 </MESSAGE_DEST>
 <MESSAGE_DEST xmlns="MESSAGE_DEST">
   <fname>TRN_TIMESTAMP</fname>
   <type>NUMERIC(23,0)</type>
   <Default />
   <Null>Not Null</Null>
 </MESSAGE_DEST>
 <MESSAGE_DEST xmlns="MESSAGE_DEST">
   <fname>ALTERNATE_ACCT</fname>
   <type>VARCHAR (12)</type>
   <Default />
   <Null>Null</Null>
 </MESSAGE_DEST>
 <MESSAGE_DEST xmlns="MESSAGE_DEST">
   <fname>COST_CENTER</fname>
   <type>VARCHAR (10)</type>
   <Default />
   <Null>Null</Null>
 </MESSAGE_DEST>
 <MESSAGE_DEST xmlns="MESSAGE_DEST">
   <fname>PARAM_1</fname>
   <type>VARCHAR (8)</type>
   <Default />
   <Null>Null</Null>
 </MESSAGE_DEST>
 <MESSAGE_DEST xmlns="MESSAGE_DEST">
   <fname>PARAM_2</fname>
   <type>VARCHAR (8)</type>
   <Default />
   <Null>Null</Null>
 </MESSAGE_DEST>
 <MESSAGE_DEST xmlns="MESSAGE_DEST">
   <fname>IDENTIFIER</fname>
   <type>VARCHAR (8)</type>
   <Default />
   <Null>Null</Null>
 </MESSAGE_DEST>
 <MESSAGE_DEST xmlns="MESSAGE_DEST">
   <fname>DST_ADR_BNK_ID</fname>
   <type>VARCHAR (3)</type>
   <Default />
   <Null>Null</Null>
 </MESSAGE_DEST>
 <MESSAGE_DEST xmlns="MESSAGE_DEST">
   <fname>DST_REL_ID</fname>
   <type>VARCHAR (11)</type>
   <Default />
   <Null>Null</Null>
 </MESSAGE_DEST>
 <MESSAGE_DEST xmlns="MESSAGE_DEST">
   <fname>DST_OVR</fname>
   <type>VARCHAR (1)</type>
   <Default />
   <Null>Null</Null>
 </MESSAGE_DEST>
 <MESSAGE_DEST xmlns="MESSAGE_DEST">
   <fname>DST_IDTYPE</fname>
   <type>VARCHAR (1)</type>
   <Default />
   <Null>Null</Null>
 </MESSAGE_DEST>
 <MESSAGE_DEST xmlns="MESSAGE_DEST">
   <fname>DST_ID</fname>
   <type>VARCHAR (64)</type>
   <Default />
   <Null>Null</Null>
 </MESSAGE_DEST>
 <MESSAGE_DEST xmlns="MESSAGE_DEST">
   <fname>DST_TYPE</fname>
   <type>VARCHAR (3)</type>
   <Default />
   <Null>Null</Null>
 </MESSAGE_DEST>
 <MESSAGE_DEST xmlns="MESSAGE_DEST">
   <fname>DST_CARRIER</fname>
   <type>VARCHAR (3)</type>
   <Default />
   <Null>Null</Null>
 </MESSAGE_DEST>
 <MESSAGE_DEST xmlns="MESSAGE_DEST">
   <fname>DST_AREA_CODE</fname>
   <type>VARCHAR (4)</type>
   <Default />
   <Null>Null</Null>
 </MESSAGE_DEST>
 <MESSAGE_DEST xmlns="MESSAGE_DEST">
   <fname>DST_DIAL</fname>
   <type>VARCHAR (16)</type>
   <Default />
   <Null>Null</Null>
 </MESSAGE_DEST>
 <MESSAGE_DEST xmlns="MESSAGE_DEST">
   <fname>DST_SIGN</fname>
   <type>VARCHAR (1)</type>
   <Default />
   <Null>Null</Null>
 </MESSAGE_DEST>
 <MESSAGE_DEST xmlns="MESSAGE_DEST">
   <fname>DST_MAC</fname>
   <type>VARCHAR (10)</type>
   <Default />
   <Null>Null</Null>
 </MESSAGE_DEST>
 <MESSAGE_DEST xmlns="MESSAGE_DEST">
   <fname>DST_ANS</fname>
   <type>VARCHAR (20)</type>
   <Default />
   <Null>Null</Null>
 </MESSAGE_DEST>
 <MESSAGE_DEST xmlns="MESSAGE_DEST">
   <fname>DST_NAME1</fname>
   <type>VARCHAR (35)</type>
   <Default />
   <Null>Null</Null>
 </MESSAGE_DEST>
 <MESSAGE_DEST xmlns="MESSAGE_DEST">
   <fname>DST_CAB2</fname>
   <type>VARCHAR (35)</type>
   <Default />
   <Null>Null</Null>
 </MESSAGE_DEST>
 <MESSAGE_DEST xmlns="MESSAGE_DEST">
   <fname>DST_CAB3</fname>
   <type>VARCHAR (35)</type>
   <Default />
   <Null>Null</Null>
 </MESSAGE_DEST>
 <MESSAGE_DEST xmlns="MESSAGE_DEST">
   <fname>DST_CAB4</fname>
   <type>VARCHAR (35)</type>
   <Default />
   <Null>Null</Null>
 </MESSAGE_DEST>
 <MESSAGE_DEST xmlns="MESSAGE_DEST">
   <fname>DST_CITY</fname>
   <type>VARCHAR (15)</type>
   <Default />
   <Null>Null</Null>
 </MESSAGE_DEST>
 <MESSAGE_DEST xmlns="MESSAGE_DEST">
   <fname>DST_COUNTRY</fname>
   <type>VARCHAR (2)</type>
   <Default />
   <Null>Null</Null>
 </MESSAGE_DEST>
 <MESSAGE_DEST xmlns="MESSAGE_DEST">
   <fname>DST_QUE_BANK</fname>
   <type>VARCHAR (3)</type>
   <Default />
   <Null>Null</Null>
 </MESSAGE_DEST>
 <MESSAGE_DEST xmlns="MESSAGE_DEST">
   <fname>DST_QUE_LOC</fname>
   <type>VARCHAR (6)</type>
   <Default />
   <Null>Null</Null>
 </MESSAGE_DEST>
 <MESSAGE_DEST xmlns="MESSAGE_DEST">
   <fname>DST_QUE_NAME</fname>
   <type>VARCHAR (12)</type>
   <Default />
   <Null>Null</Null>
 </MESSAGE_DEST>
 <MESSAGE_DEST xmlns="MESSAGE_DEST">
   <fname>DST_ROUTE_ID</fname>
   <type>VARCHAR (64)</type>
   <Default />
   <Null>Null</Null>
 </MESSAGE_DEST>
 <MESSAGE_DEST xmlns="MESSAGE_DEST">
   <fname>DST_DEPARTMENT</fname>
   <type>VARCHAR (20)</type>
   <Default />
   <Null>Null</Null>
 </MESSAGE_DEST>
 <MESSAGE_DEST xmlns="MESSAGE_DEST">
   <fname>DST_RT_CODE</fname>
   <type>VARCHAR (6)</type>
   <Default />
   <Null>Null</Null>
 </MESSAGE_DEST>
 <MESSAGE_DEST xmlns="MESSAGE_DEST">
   <fname>DST_CHAR_COUNT</fname>
   <type>VARCHAR (11)</type>
   <Default />
   <Null>Null</Null>
 </MESSAGE_DEST>
 <MESSAGE_DEST xmlns="MESSAGE_DEST">
   <fname>DST_MULTI_SEQ</fname>
   <type>VARCHAR (6)</type>
   <Default />
   <Null>Null</Null>
 </MESSAGE_DEST>
 <MESSAGE_DEST xmlns="MESSAGE_DEST">
   <fname>DST_MULTI_START</fname>
   <type>VARCHAR (6)</type>
   <Default />
   <Null>Null</Null>
 </MESSAGE_DEST>
 <MESSAGE_DEST xmlns="MESSAGE_DEST">
   <fname>DST_MULTI_COUNT</fname>
   <type>VARCHAR (6)</type>
   <Default />
   <Null>Null</Null>
 </MESSAGE_DEST>
 <MESSAGE_DEST xmlns="MESSAGE_DEST">
   <fname>DST_OUT_TEST</fname>
   <type>VARCHAR (1)</type>
   <Default />
   <Null>Null</Null>
 </MESSAGE_DEST>
 <MESSAGE_DEST xmlns="MESSAGE_DEST">
   <fname>DST_PDM_FLAG</fname>
   <type>VARCHAR (1)</type>
   <Default />
   <Null>Null</Null>
 </MESSAGE_DEST>
 <MESSAGE_DEST xmlns="MESSAGE_DEST">
   <fname>DST_STATE</fname>
   <type>VARCHAR (1)</type>
   <Default />
   <Null>Null</Null>
 </MESSAGE_DEST>
 <MESSAGE_DEST xmlns="MESSAGE_DEST">
   <fname>DST_ATTN</fname>
   <type>VARCHAR (60)</type>
   <Default />
   <Null>Null</Null>
 </MESSAGE_DEST>
 <MESSAGE_DEST xmlns="MESSAGE_DEST">
   <fname>DST_SEC_TYPE</fname>
   <type>VARCHAR (3)</type>
   <Default />
   <Null>Null</Null>
 </MESSAGE_DEST>
 <MESSAGE_DEST xmlns="MESSAGE_DEST">
   <fname>DST_SEC_AREA_CODE</fname>
   <type>VARCHAR (4)</type>
   <Default />
   <Null>Null</Null>
 </MESSAGE_DEST>
 <MESSAGE_DEST xmlns="MESSAGE_DEST">
   <fname>DST_SEC_DIAL</fname>
   <type>VARCHAR (16)</type>
   <Default />
   <Null>Null</Null>
 </MESSAGE_DEST>
 <MESSAGE_DEST xmlns="MESSAGE_DEST">
   <fname>DST_SEC_SIGN</fname>
   <type>VARCHAR (1)</type>
   <Default />
   <Null>Null</Null>
 </MESSAGE_DEST>
 <MESSAGE_DEST xmlns="MESSAGE_DEST">
   <fname>DST_SEC_MAC</fname>
   <type>VARCHAR (10)</type>
   <Default />
   <Null>Null</Null>
 </MESSAGE_DEST>
 <MESSAGE_DEST xmlns="MESSAGE_DEST">
   <fname>DST_SEC_ANS</fname>
   <type>VARCHAR (20)</type>
   <Default />
   <Null>Null</Null>
 </MESSAGE_DEST>
 <MESSAGE_DEST xmlns="MESSAGE_DEST">
   <fname>DST_SEC_NAME1</fname>
   <type>VARCHAR (35)</type>
   <Default />
   <Null>Null</Null>
 </MESSAGE_DEST>
 <MESSAGE_DEST xmlns="MESSAGE_DEST">
   <fname>DST_SEC_CAB2</fname>
   <type>VARCHAR (35)</type>
   <Default />
   <Null>Null</Null>
 </MESSAGE_DEST>
 <MESSAGE_DEST xmlns="MESSAGE_DEST">
   <fname>DST_SEC_CAB3</fname>
   <type>VARCHAR (35)</type>
   <Default />
   <Null>Null</Null>
 </MESSAGE_DEST>
 <MESSAGE_DEST xmlns="MESSAGE_DEST">
   <fname>DST_SEC_CAB4</fname>
   <type>VARCHAR (35)</type>
   <Default />
   <Null>Null</Null>
 </MESSAGE_DEST>
 <MESSAGE_DEST xmlns="MESSAGE_DEST">
   <fname>DST_ACK_STATE</fname>
   <type>VARCHAR (1)</type>
   <Default />
   <Null>Null</Null>
 </MESSAGE_DEST>
 <MESSAGE_DEST xmlns="MESSAGE_DEST">
   <fname>DST_NAK_STATE</fname>
   <type>VARCHAR (1)</type>
   <Default />
   <Null>Null</Null>
 </MESSAGE_DEST>
 <MESSAGE_DEST xmlns="MESSAGE_DEST">
   <fname>DST_DELIVERY_FLG</fname>
   <type>VARCHAR (1)</type>
   <Default />
   <Null>Null</Null>
 </MESSAGE_DEST>
 <MESSAGE_DEST xmlns="MESSAGE_DEST">
   <fname>DST_ADR_LOCATION</fname>
   <type>VARCHAR (6)</type>
   <Default />
   <Null>Null</Null>
 </MESSAGE_DEST>
 <MESSAGE_DEST xmlns="MESSAGE_DEST">
   <fname>DST_3RD_PARTY_TST</fname>
   <type>VARCHAR (1)</type>
   <Default />
   <Null>Null</Null>
 </MESSAGE_DEST>
 <MESSAGE_DEST xmlns="MESSAGE_DEST">
   <fname>DST_FORMAT</fname>
   <type>VARCHAR (4)</type>
   <Default />
   <Null>Null</Null>
 </MESSAGE_DEST>
 <MESSAGE_DEST xmlns="MESSAGE_DEST">
   <fname>DST_MSGTYPE</fname>
   <type>VARCHAR (4)</type>
   <Default />
   <Null>Null</Null>
 </MESSAGE_DEST>
 <MESSAGE_DEST xmlns="MESSAGE_DEST">
   <fname>DST_CONN_TIME</fname>
   <type>VARCHAR (5)</type>
   <Default />
   <Null>Null</Null>
 </MESSAGE_DEST>
 <MESSAGE_DEST xmlns="MESSAGE_DEST">
   <fname>DST_CHARGES</fname>
   <type>VARCHAR (7)</type>
   <Default />
   <Null>Null</Null>
 </MESSAGE_DEST>
 <MESSAGE_DEST xmlns="MESSAGE_DEST">
   <fname>DST_CARRIER_REF</fname>
   <type>VARCHAR (4)</type>
   <Default />
   <Null>Null</Null>
 </MESSAGE_DEST>
 <MESSAGE_DEST xmlns="MESSAGE_DEST">
   <fname>DST_TER_IDTYPE</fname>
   <type>VARCHAR (1)</type>
   <Default />
   <Null>Null</Null>
 </MESSAGE_DEST>
 <MESSAGE_DEST xmlns="MESSAGE_DEST">
   <fname>DST_TER_ID</fname>
   <type>VARCHAR (14)</type>
   <Default />
   <Null>Null</Null>
 </MESSAGE_DEST>
 <MESSAGE_DEST xmlns="MESSAGE_DEST">
   <fname>DST_TERTIARY_DEPT</fname>
   <type>VARCHAR (14)</type>
   <Default />
   <Null>Null</Null>
 </MESSAGE_DEST>
 <MESSAGE_DEST xmlns="MESSAGE_DEST">
   <fname>DST_MSG_COND</fname>
   <type>NUMERIC(10,0)</type>
   <Default />
   <Null>Null</Null>
 </MESSAGE_DEST>
 <MESSAGE_DEST xmlns="MESSAGE_DEST">
   <fname>DST_MSG_TYPE</fname>
   <type>VARCHAR (4)</type>
   <Default />
   <Null>Null</Null>
 </MESSAGE_DEST>
 <MESSAGE_DEST xmlns="MESSAGE_DEST">
   <fname>DST_SRC_COND</fname>
   <type>NUMERIC(10,0)</type>
   <Default />
   <Null>Null</Null>
 </MESSAGE_DEST>
 <MESSAGE_DEST xmlns="MESSAGE_DEST">
   <fname>DST_SRC_ID</fname>
   <type>VARCHAR (3)</type>
   <Default />
   <Null>Null</Null>
 </MESSAGE_DEST>
 <MESSAGE_DEST xmlns="MESSAGE_DEST">
   <fname>DST_TIME</fname>
   <type>DATETIME</type>
   <Default />
   <Null>Null</Null>
 </MESSAGE_DEST>
 <MESSAGE_DEST xmlns="MESSAGE_DEST">
   <fname>DST_OUTGOING_REF</fname>
   <type>VARCHAR (80)</type>
   <Default />
   <Null>Null</Null>
 </MESSAGE_DEST>
 <MESSAGE_DEST xmlns="MESSAGE_DEST">
   <fname>DST_TEST_DATE</fname>
   <type>VARCHAR (8)</type>
   <Default />
   <Null>Null</Null>
 </MESSAGE_DEST>
 <MESSAGE_DEST xmlns="MESSAGE_DEST">
   <fname>RECORD_EXPIRED</fname>
   <type>NUMERIC(23,0)</type>
   <Default />
   <Null>Null</Null>
 </MESSAGE_DEST>
 <MESSAGE_DEST xmlns="MESSAGE_DEST">
   <fname>RECORD_UPDATED</fname>
   <type>VARCHAR (1)</type>
   <Default />
   <Null>Null</Null>
 </MESSAGE_DEST>
 <MESSAGE_DEST xmlns="MESSAGE_DEST">
   <fname>DST_FIN_COPY_ID</fname>
   <type>VARCHAR (3)</type>
   <Default />
   <Null>Null</Null>
 </MESSAGE_DEST>
 <MESSAGE_DEST xmlns="MESSAGE_DEST">
   <fname>DST_119_HDR_DATA</fname>
   <type>VARCHAR (80)</type>
   <Default />
   <Null>Null</Null>
 </MESSAGE_DEST>
 <MESSAGE_DEST xmlns="MESSAGE_DEST">
   <fname>DST_CASC_NAME</fname>
   <type>VARCHAR (33)</type>
   <Default />
   <Null>Null</Null>
 </MESSAGE_DEST>
 <MESSAGE_DEST xmlns="MESSAGE_DEST">
   <fname>DST_SRV_MSG_FLAG</fname>
   <type>VARCHAR (1)</type>
   <Default />
   <Null>Null</Null>
 </MESSAGE_DEST>
 <MESSAGE_DEST xmlns="MESSAGE_DEST">
   <fname>DST_INC_HDR_FLAG</fname>
   <type>VARCHAR (1)</type>
   <Default />
   <Null>Null</Null>
 </MESSAGE_DEST>
 <MESSAGE_DEST xmlns="MESSAGE_DEST">
   <fname>DST_COPIES</fname>
   <type>VARCHAR (1)</type>
   <Default />
   <Null>Null</Null>
 </MESSAGE_DEST>
 <MESSAGE_DEST xmlns="MESSAGE_DEST">
   <fname>DST_NO_ACCT_STMT</fname>
   <type>VARCHAR (1)</type>
   <Default />
   <Null>Null</Null>
 </MESSAGE_DEST>
 <MESSAGE_DEST xmlns="MESSAGE_DEST">
   <fname>DST_PRECEDENCE</fname>
   <type>VARCHAR (1)</type>
   <Default />
   <Null>Null</Null>
 </MESSAGE_DEST>
 <MESSAGE_DEST xmlns="MESSAGE_DEST">
   <fname>DST_ORIGIN</fname>
   <type>VARCHAR (1)</type>
   <Default />
   <Null>Null</Null>
 </MESSAGE_DEST>
 <MESSAGE_DEST xmlns="MESSAGE_DEST">
   <fname>DST_113_HDR_DATA</fname>
   <type>VARCHAR (4)</type>
   <Default />
   <Null>Null</Null>
 </MESSAGE_DEST>
 <MESSAGE_DEST xmlns="MESSAGE_DEST">
   <fname>DST_EMAIL_ADDRESS</fname>
   <type>VARCHAR (80)</type>
   <Default />
   <Null>Null</Null>
 </MESSAGE_DEST>
 <MESSAGE_DEST xmlns="MESSAGE_DEST">
   <fname>DST_TYPE_INDICATOR</fname>
   <type>VARCHAR (20)</type>
   <Default />
   <Null>Null</Null>
 </MESSAGE_DEST>
 <MESSAGE_DEST xmlns="MESSAGE_DEST">
   <fname>DST_108_HDR_DATA</fname>
   <type>VARCHAR (16)</type>
   <Default />
   <Null>Null</Null>
 </MESSAGE_DEST>
</RGWTables>
