
 <MESSAGE xmlns="MESSAGE">
   <fname>TRN_DATE</fname>
   <type>DATETIME</type>
   <Default />
   <Null>Not Null</Null>
 </MESSAGE>
 <MESSAGE xmlns="MESSAGE">
   <fname>TRN_NUMBER</fname>
   <type>INT</type>
   <Default />
   <Null>Not Null</Null>
 </MESSAGE>
 <MESSAGE xmlns="MESSAGE">
   <fname>TRN_TIMESTAMP</fname>
   <type>NUMERIC(23,0)</type>
   <Default />
   <Null>Not Null</Null>
 </MESSAGE>
 <MESSAGE xmlns="MESSAGE">
   <fname>PROC_DATE</fname>
   <type>DATETIME</type>
   <Default />
   <Null>Null</Null>
 </MESSAGE>
 <MESSAGE xmlns="MESSAGE">
   <fname>BANK</fname>
   <type>VARCHAR (3)</type>
   <Default />
   <Null>Null</Null>
 </MESSAGE>
 <MESSAGE xmlns="MESSAGE">
   <fname>LOC</fname>
   <type>VARCHAR (6)</type>
   <Default />
   <Null>Null</Null>
 </MESSAGE>
 <MESSAGE xmlns="MESSAGE">
   <fname>PAY_DATE</fname>
   <type>DATETIME</type>
   <Default />
   <Null>Null</Null>
 </MESSAGE>
 <MESSAGE xmlns="MESSAGE">
   <fname>PAY_TIME</fname>
   <type>VARCHAR (11)</type>
   <Default />
   <Null>Null</Null>
 </MESSAGE>
 <MESSAGE xmlns="MESSAGE">
   <fname>INST_DATE</fname>
   <type>DATETIME</type>
   <Default />
   <Null>Null</Null>
 </MESSAGE>
 <MESSAGE xmlns="MESSAGE">
   <fname>TRAN_TYPE</fname>
   <type>VARCHAR (3)</type>
   <Default />
   <Null>Null</Null>
 </MESSAGE>
 <MESSAGE xmlns="MESSAGE">
   <fname>REPETITIVE_ID</fname>
   <type>VARCHAR (48)</type>
   <Default />
   <Null>Null</Null>
 </MESSAGE>
 <MESSAGE xmlns="MESSAGE">
   <fname>SOURCE_CD</fname>
   <type>VARCHAR (3)</type>
   <Default />
   <Null>Null</Null>
 </MESSAGE>
 <MESSAGE xmlns="MESSAGE">
   <fname>INSTR_ADV_TYPE</fname>
   <type>VARCHAR (3)</type>
   <Default />
   <Null>Null</Null>
 </MESSAGE>
 <MESSAGE xmlns="MESSAGE">
   <fname>BASE_AMOUNT</fname>
   <type>NUMERIC(21,3)</type>
   <Default />
   <Null>Null</Null>
 </MESSAGE>
 <MESSAGE xmlns="MESSAGE">
   <fname>TYPE_CD</fname>
   <type>VARCHAR (2)</type>
   <Default />
   <Null>Null</Null>
 </MESSAGE>
 <MESSAGE xmlns="MESSAGE">
   <fname>SUBTYPE</fname>
   <type>VARCHAR (2)</type>
   <Default />
   <Null>Null</Null>
 </MESSAGE>
 <MESSAGE xmlns="MESSAGE">
   <fname>IN_TYPE_CD</fname>
   <type>VARCHAR (2)</type>
   <Default />
   <Null>Null</Null>
 </MESSAGE>
 <MESSAGE xmlns="MESSAGE">
   <fname>IN_SUBTYPE</fname>
   <type>VARCHAR (2)</type>
   <Default />
   <Null>Null</Null>
 </MESSAGE>
 <MESSAGE xmlns="MESSAGE">
   <fname>DBT_CHRG</fname>
   <type>VARCHAR (1)</type>
   <Default />
   <Null>Null</Null>
 </MESSAGE>
 <MESSAGE xmlns="MESSAGE">
   <fname>CDT_CHRG</fname>
   <type>VARCHAR (1)</type>
   <Default />
   <Null>Null</Null>
 </MESSAGE>
 <MESSAGE xmlns="MESSAGE">
   <fname>COMMISSION</fname>
   <type>VARCHAR (1)</type>
   <Default />
   <Null>Null</Null>
 </MESSAGE>
 <MESSAGE xmlns="MESSAGE">
   <fname>CBL_CHARGE</fname>
   <type>VARCHAR (1)</type>
   <Default />
   <Null>Null</Null>
 </MESSAGE>
 <MESSAGE xmlns="MESSAGE">
   <fname>WIRE_TYPE</fname>
   <type>VARCHAR (3)</type>
   <Default />
   <Null>Null</Null>
 </MESSAGE>
 <MESSAGE xmlns="MESSAGE">
   <fname>STRAIGHT_THRU</fname>
   <type>VARCHAR (1)</type>
   <Default />
   <Null>Null</Null>
 </MESSAGE>
 <MESSAGE xmlns="MESSAGE">
   <fname>NETWORK_SND_IDTYPE</fname>
   <type>VARCHAR (1)</type>
   <Default />
   <Null>Null</Null>
 </MESSAGE>
 <MESSAGE xmlns="MESSAGE">
   <fname>NETWORK_SND_ACC</fname>
   <type>VARCHAR (30)</type>
   <Default />
   <Null>Null</Null>
 </MESSAGE>
 <MESSAGE xmlns="MESSAGE">
   <fname>STS_ACC</fname>
   <type>VARCHAR (1)</type>
   <Default />
   <Null>Null</Null>
 </MESSAGE>
 <MESSAGE xmlns="MESSAGE">
   <fname>STS_CAN</fname>
   <type>VARCHAR (1)</type>
   <Default />
   <Null>Null</Null>
 </MESSAGE>
 <MESSAGE xmlns="MESSAGE">
   <fname>STS_RISK</fname>
   <type>VARCHAR (1)</type>
   <Default />
   <Null>Null</Null>
 </MESSAGE>
 <MESSAGE xmlns="MESSAGE">
   <fname>STS_AUTO</fname>
   <type>VARCHAR (1)</type>
   <Default />
   <Null>Null</Null>
 </MESSAGE>
 <MESSAGE xmlns="MESSAGE">
   <fname>STS_OVER</fname>
   <type>VARCHAR (1)</type>
   <Default />
   <Null>Null</Null>
 </MESSAGE>
 <MESSAGE xmlns="MESSAGE">
   <fname>STS_CSTMT</fname>
   <type>VARCHAR (1)</type>
   <Default />
   <Null>Null</Null>
 </MESSAGE>
 <MESSAGE xmlns="MESSAGE">
   <fname>STS_DSTMT</fname>
   <type>VARCHAR (1)</type>
   <Default />
   <Null>Null</Null>
 </MESSAGE>
 <MESSAGE xmlns="MESSAGE">
   <fname>CALL_LIM</fname>
   <type>VARCHAR (1)</type>
   <Default />
   <Null>Null</Null>
 </MESSAGE>
 <MESSAGE xmlns="MESSAGE">
   <fname>CALL_RPT</fname>
   <type>VARCHAR (1)</type>
   <Default />
   <Null>Null</Null>
 </MESSAGE>
 <MESSAGE xmlns="MESSAGE">
   <fname>CALL_NON_RPT</fname>
   <type>VARCHAR (1)</type>
   <Default />
   <Null>Null</Null>
 </MESSAGE>
 <MESSAGE xmlns="MESSAGE">
   <fname>CALLBACK</fname>
   <type>VARCHAR (1)</type>
   <Default />
   <Null>Null</Null>
 </MESSAGE>
 <MESSAGE xmlns="MESSAGE">
   <fname>FAIL_TST</fname>
   <type>VARCHAR (1)</type>
   <Default />
   <Null>Null</Null>
 </MESSAGE>
 <MESSAGE xmlns="MESSAGE">
   <fname>RPTV_LIM</fname>
   <type>VARCHAR (1)</type>
   <Default />
   <Null>Null</Null>
 </MESSAGE>
 <MESSAGE xmlns="MESSAGE">
   <fname>RPTV_CHNG</fname>
   <type>VARCHAR (1)</type>
   <Default />
   <Null>Null</Null>
 </MESSAGE>
 <MESSAGE xmlns="MESSAGE">
   <fname>CALL_NOF</fname>
   <type>VARCHAR (1)</type>
   <Default />
   <Null>Null</Null>
 </MESSAGE>
 <MESSAGE xmlns="MESSAGE">
   <fname>MON_INTERCEPT</fname>
   <type>VARCHAR (1)</type>
   <Default />
   <Null>Null</Null>
 </MESSAGE>
 <MESSAGE xmlns="MESSAGE">
   <fname>RCV_DATE</fname>
   <type>DATETIME</type>
   <Default />
   <Null>Null</Null>
 </MESSAGE>
 <MESSAGE xmlns="MESSAGE">
   <fname>RCV_TIME</fname>
   <type>VARCHAR (11)</type>
   <Default />
   <Null>Null</Null>
 </MESSAGE>
 <MESSAGE xmlns="MESSAGE">
   <fname>DLV_DATE</fname>
   <type>DATETIME</type>
   <Default />
   <Null>Null</Null>
 </MESSAGE>
 <MESSAGE xmlns="MESSAGE">
   <fname>DLV_TIME</fname>
   <type>VARCHAR (11)</type>
   <Default />
   <Null>Null</Null>
 </MESSAGE>
 <MESSAGE xmlns="MESSAGE">
   <fname>CALLER</fname>
   <type>VARCHAR (35)</type>
   <Default />
   <Null>Null</Null>
 </MESSAGE>
 <MESSAGE xmlns="MESSAGE">
   <fname>DOC_NUM</fname>
   <type>VARCHAR (7)</type>
   <Default />
   <Null>Null</Null>
 </MESSAGE>
 <MESSAGE xmlns="MESSAGE">
   <fname>ITEM_NUM</fname>
   <type>VARCHAR (2)</type>
   <Default />
   <Null>Null</Null>
 </MESSAGE>
 <MESSAGE xmlns="MESSAGE">
   <fname>CAN_MEMO</fname>
   <type>VARCHAR (80)</type>
   <Default />
   <Null>Null</Null>
 </MESSAGE>
 <MESSAGE xmlns="MESSAGE">
   <fname>CAN_PERSON</fname>
   <type>VARCHAR (10)</type>
   <Default />
   <Null>Null</Null>
 </MESSAGE>
 <MESSAGE xmlns="MESSAGE">
   <fname>MEMO</fname>
   <type>VARCHAR (80)</type>
   <Default />
   <Null>Null</Null>
 </MESSAGE>
 <MESSAGE xmlns="MESSAGE">
   <fname>PERSON</fname>
   <type>VARCHAR (10)</type>
   <Default />
   <Null>Null</Null>
 </MESSAGE>
 <MESSAGE xmlns="MESSAGE">
   <fname>CAL</fname>
   <type>VARCHAR (4)</type>
   <Default />
   <Null>Null</Null>
 </MESSAGE>
 <MESSAGE xmlns="MESSAGE">
   <fname>EXCH_RATE_FLG</fname>
   <type>VARCHAR (1)</type>
   <Default />
   <Null>Null</Null>
 </MESSAGE>
 <MESSAGE xmlns="MESSAGE">
   <fname>FX_TOLERANCE</fname>
   <type>VARCHAR (1)</type>
   <Default />
   <Null>Null</Null>
 </MESSAGE>
 <MESSAGE xmlns="MESSAGE">
   <fname>EXCH_RATE</fname>
   <type>NUMERIC(29,11)</type>
   <Default />
   <Null>Null</Null>
 </MESSAGE>
 <MESSAGE xmlns="MESSAGE">
   <fname>AMOUNT</fname>
   <type>NUMERIC(21,3)</type>
   <Default />
   <Null>Null</Null>
 </MESSAGE>
 <MESSAGE xmlns="MESSAGE">
   <fname>CURRENCY_CODE</fname>
   <type>VARCHAR (3)</type>
   <Default />
   <Null>Null</Null>
 </MESSAGE>
 <MESSAGE xmlns="MESSAGE">
   <fname>TRADER_CTRL</fname>
   <type>VARCHAR (10)</type>
   <Default />
   <Null>Null</Null>
 </MESSAGE>
 <MESSAGE xmlns="MESSAGE">
   <fname>FUNDS_TYPE</fname>
   <type>VARCHAR (1)</type>
   <Default />
   <Null>Null</Null>
 </MESSAGE>
 <MESSAGE xmlns="MESSAGE">
   <fname>FED_IMAD</fname>
   <type>VARCHAR (30)</type>
   <Default />
   <Null>Null</Null>
 </MESSAGE>
 <MESSAGE xmlns="MESSAGE">
   <fname>FED_OMAD</fname>
   <type>VARCHAR (30)</type>
   <Default />
   <Null>Null</Null>
 </MESSAGE>
 <MESSAGE xmlns="MESSAGE">
   <fname>FED_ISN</fname>
   <type>VARCHAR (6)</type>
   <Default />
   <Null>Null</Null>
 </MESSAGE>
 <MESSAGE xmlns="MESSAGE">
   <fname>FED_OSN</fname>
   <type>VARCHAR (6)</type>
   <Default />
   <Null>Null</Null>
 </MESSAGE>
 <MESSAGE xmlns="MESSAGE">
   <fname>SWF_ISN</fname>
   <type>VARCHAR (6)</type>
   <Default />
   <Null>Null</Null>
 </MESSAGE>
 <MESSAGE xmlns="MESSAGE">
   <fname>SWF_OSN</fname>
   <type>VARCHAR (6)</type>
   <Default />
   <Null>Null</Null>
 </MESSAGE>
 <MESSAGE xmlns="MESSAGE">
   <fname>CHP_ISN</fname>
   <type>VARCHAR (6)</type>
   <Default />
   <Null>Null</Null>
 </MESSAGE>
 <MESSAGE xmlns="MESSAGE">
   <fname>CHP_OSN</fname>
   <type>VARCHAR (6)</type>
   <Default />
   <Null>Null</Null>
 </MESSAGE>
 <MESSAGE xmlns="MESSAGE">
   <fname>CHP_SSN_1</fname>
   <type>VARCHAR (1)</type>
   <Default />
   <Null>Null</Null>
 </MESSAGE>
 <MESSAGE xmlns="MESSAGE">
   <fname>CHP_SSN_6</fname>
   <type>VARCHAR (6)</type>
   <Default />
   <Null>Null</Null>
 </MESSAGE>
 <MESSAGE xmlns="MESSAGE">
   <fname>SWF_IN_MIR</fname>
   <type>VARCHAR (28)</type>
   <Default />
   <Null>Null</Null>
 </MESSAGE>
 <MESSAGE xmlns="MESSAGE">
   <fname>SWF_OUT_MIR</fname>
   <type>VARCHAR (28)</type>
   <Default />
   <Null>Null</Null>
 </MESSAGE>
 <MESSAGE xmlns="MESSAGE">
   <fname>ENTRY_PERSON</fname>
   <type>VARCHAR (10)</type>
   <Default />
   <Null>Null</Null>
 </MESSAGE>
 <MESSAGE xmlns="MESSAGE">
   <fname>VERIFY_PERSON</fname>
   <type>VARCHAR (10)</type>
   <Default />
   <Null>Null</Null>
 </MESSAGE>
 <MESSAGE xmlns="MESSAGE">
   <fname>REPAIR_PERSON</fname>
   <type>VARCHAR (10)</type>
   <Default />
   <Null>Null</Null>
 </MESSAGE>
 <MESSAGE xmlns="MESSAGE">
   <fname>EXCEPT_PERSON</fname>
   <type>VARCHAR (10)</type>
   <Default />
   <Null>Null</Null>
 </MESSAGE>
 <MESSAGE xmlns="MESSAGE">
   <fname>TOT_AMT</fname>
   <type>NUMERIC(21,3)</type>
   <Default />
   <Null>Null</Null>
 </MESSAGE>
 <MESSAGE xmlns="MESSAGE">
   <fname>CUSIP</fname>
   <type>VARCHAR (9)</type>
   <Default />
   <Null>Null</Null>
 </MESSAGE>
 <MESSAGE xmlns="MESSAGE">
   <fname>CUSIP_DESC</fname>
   <type>VARCHAR (20)</type>
   <Default />
   <Null>Null</Null>
 </MESSAGE>
 <MESSAGE xmlns="MESSAGE">
   <fname>CHECK_SEQ</fname>
   <type>VARCHAR (10)</type>
   <Default />
   <Null>Null</Null>
 </MESSAGE>
 <MESSAGE xmlns="MESSAGE">
   <fname>NO_PHNADV_FLG</fname>
   <type>VARCHAR (1)</type>
   <Default />
   <Null>Null</Null>
 </MESSAGE>
 <MESSAGE xmlns="MESSAGE">
   <fname>EXC_MEMO</fname>
   <type>VARCHAR (80)</type>
   <Default />
   <Null>Null</Null>
 </MESSAGE>
 <MESSAGE xmlns="MESSAGE">
   <fname>PAY_STATE</fname>
   <type>VARCHAR (1)</type>
   <Default />
   <Null>Null</Null>
 </MESSAGE>
 <MESSAGE xmlns="MESSAGE">
   <fname>NOTIFY</fname>
   <type>VARCHAR (1)</type>
   <Default />
   <Null>Null</Null>
 </MESSAGE>
 <MESSAGE xmlns="MESSAGE">
   <fname>STOP_INTERCEPT</fname>
   <type>VARCHAR (1)</type>
   <Default />
   <Null>Null</Null>
 </MESSAGE>
 <MESSAGE xmlns="MESSAGE">
   <fname>RELEASE_TIME_HH</fname>
   <type>VARCHAR (2)</type>
   <Default />
   <Null>Null</Null>
 </MESSAGE>
 <MESSAGE xmlns="MESSAGE">
   <fname>RELEASE_TIME_MM</fname>
   <type>VARCHAR (2)</type>
   <Default />
   <Null>Null</Null>
 </MESSAGE>
 <MESSAGE xmlns="MESSAGE">
   <fname>PRE_FOUND</fname>
   <type>VARCHAR (1)</type>
   <Default />
   <Null>Null</Null>
 </MESSAGE>
 <MESSAGE xmlns="MESSAGE">
   <fname>FX_FOUND</fname>
   <type>VARCHAR (1)</type>
   <Default />
   <Null>Null</Null>
 </MESSAGE>
 <MESSAGE xmlns="MESSAGE">
   <fname>COR_DONE</fname>
   <type>VARCHAR (1)</type>
   <Default />
   <Null>Null</Null>
 </MESSAGE>
 <MESSAGE xmlns="MESSAGE">
   <fname>RTE_DONE</fname>
   <type>VARCHAR (1)</type>
   <Default />
   <Null>Null</Null>
 </MESSAGE>
 <MESSAGE xmlns="MESSAGE">
   <fname>PIN_LAST_NAME</fname>
   <type>VARCHAR (15)</type>
   <Default />
   <Null>Null</Null>
 </MESSAGE>
 <MESSAGE xmlns="MESSAGE">
   <fname>PIN_FIRST_NAME</fname>
   <type>VARCHAR (15)</type>
   <Default />
   <Null>Null</Null>
 </MESSAGE>
 <MESSAGE xmlns="MESSAGE">
   <fname>OVER_DRAFT_AMT</fname>
   <type>NUMERIC(21,3)</type>
   <Default />
   <Null>Null</Null>
 </MESSAGE>
 <MESSAGE xmlns="MESSAGE">
   <fname>DBT_CON_BANK_ID</fname>
   <type>VARCHAR (3)</type>
   <Default />
   <Null>Null</Null>
 </MESSAGE>
 <MESSAGE xmlns="MESSAGE">
   <fname>DBT_CON_ID_TYPE</fname>
   <type>VARCHAR (1)</type>
   <Default />
   <Null>Null</Null>
 </MESSAGE>
 <MESSAGE xmlns="MESSAGE">
   <fname>DBT_CON_ACCOUNT</fname>
   <type>VARCHAR (30)</type>
   <Default />
   <Null>Null</Null>
 </MESSAGE>
 <MESSAGE xmlns="MESSAGE">
   <fname>CDT_CON_BANK_ID</fname>
   <type>VARCHAR (3)</type>
   <Default />
   <Null>Null</Null>
 </MESSAGE>
 <MESSAGE xmlns="MESSAGE">
   <fname>CDT_CON_ID_TYPE</fname>
   <type>VARCHAR (1)</type>
   <Default />
   <Null>Null</Null>
 </MESSAGE>
 <MESSAGE xmlns="MESSAGE">
   <fname>CDT_CON_ACCOUNT</fname>
   <type>VARCHAR (30)</type>
   <Default />
   <Null>Null</Null>
 </MESSAGE>
 <MESSAGE xmlns="MESSAGE">
   <fname>DBT_SYS_OF_REC</fname>
   <type>VARCHAR (3)</type>
   <Default />
   <Null>Null</Null>
 </MESSAGE>
 <MESSAGE xmlns="MESSAGE">
   <fname>CDT_SYS_OF_REC</fname>
   <type>VARCHAR (3)</type>
   <Default />
   <Null>Null</Null>
 </MESSAGE>
 <MESSAGE xmlns="MESSAGE">
   <fname>DBT_PARENT_CODE</fname>
   <type>VARCHAR (10)</type>
   <Default />
   <Null>Null</Null>
 </MESSAGE>
 <MESSAGE xmlns="MESSAGE">
   <fname>CDT_PARENT_CODE</fname>
   <type>VARCHAR (10)</type>
   <Default />
   <Null>Null</Null>
 </MESSAGE>
 <MESSAGE xmlns="MESSAGE">
   <fname>INST_TIME</fname>
   <type>VARCHAR (11)</type>
   <Default />
   <Null>Null</Null>
 </MESSAGE>
 <MESSAGE xmlns="MESSAGE">
   <fname>RECEIPT_TIME</fname>
   <type>VARCHAR (11)</type>
   <Default />
   <Null>Null</Null>
 </MESSAGE>
 <MESSAGE xmlns="MESSAGE">
   <fname>FRONTEND_REF</fname>
   <type>VARCHAR (16)</type>
   <Default />
   <Null>Null</Null>
 </MESSAGE>
 <MESSAGE xmlns="MESSAGE">
   <fname>STS_CADV</fname>
   <type>VARCHAR (1)</type>
   <Default />
   <Null>Null</Null>
 </MESSAGE>
 <MESSAGE xmlns="MESSAGE">
   <fname>STS_DADV</fname>
   <type>VARCHAR (1)</type>
   <Default />
   <Null>Null</Null>
 </MESSAGE>
 <MESSAGE xmlns="MESSAGE">
   <fname>AVAIL_BAL</fname>
   <type>NUMERIC(21,3)</type>
   <Default />
   <Null>Null</Null>
 </MESSAGE>
 <MESSAGE xmlns="MESSAGE">
   <fname>LEDGER_BAL</fname>
   <type>NUMERIC(21,3)</type>
   <Default />
   <Null>Null</Null>
 </MESSAGE>
 <MESSAGE xmlns="MESSAGE">
   <fname>OVER_TIMESTAMP</fname>
   <type>DATETIME</type>
   <Default />
   <Null>Null</Null>
 </MESSAGE>
 <MESSAGE xmlns="MESSAGE">
   <fname>RECORD_EXPIRED</fname>
   <type>NUMERIC(23)</type>
   <Default />
   <Null>Null</Null>
 </MESSAGE>
 <MESSAGE xmlns="MESSAGE">
   <fname>RECORD_UPDATED</fname>
   <type>VARCHAR (1)</type>
   <Default />
   <Null>Null</Null>
 </MESSAGE>
 <MESSAGE xmlns="MESSAGE">
   <fname>TRADE_STATE</fname>
   <type>VARCHAR (15)</type>
   <Default />
   <Null>Null</Null>
 </MESSAGE>
 <MESSAGE xmlns="MESSAGE">
   <fname>NEW_TRADE_STATE</fname>
   <type>VARCHAR (15)</type>
   <Default />
   <Null>Null</Null>
 </MESSAGE>
 <MESSAGE xmlns="MESSAGE">
   <fname>TRADE_OPERATION</fname>
   <type>VARCHAR (4)</type>
   <Default />
   <Null>Null</Null>
 </MESSAGE>
 <MESSAGE xmlns="MESSAGE">
   <fname>OPERATION_SCOPE</fname>
   <type>VARCHAR (4)</type>
   <Default />
   <Null>Null</Null>
 </MESSAGE>
 <MESSAGE xmlns="MESSAGE">
   <fname>BENE_CUSTOMER</fname>
   <type>VARCHAR (35)</type>
   <Default />
   <Null>Null</Null>
 </MESSAGE>
 <MESSAGE xmlns="MESSAGE">
   <fname>BENE_INST1</fname>
   <type>VARCHAR (35)</type>
   <Default />
   <Null>Null</Null>
 </MESSAGE>
 <MESSAGE xmlns="MESSAGE">
   <fname>BENE_INST2</fname>
   <type>VARCHAR (35)</type>
   <Default />
   <Null>Null</Null>
 </MESSAGE>
 <MESSAGE xmlns="MESSAGE">
   <fname>BENE_INST3</fname>
   <type>VARCHAR (35)</type>
   <Default />
   <Null>Null</Null>
 </MESSAGE>
 <MESSAGE xmlns="MESSAGE">
   <fname>BENE_INST4</fname>
   <type>VARCHAR (35)</type>
   <Default />
   <Null>Null</Null>
 </MESSAGE>
 <MESSAGE xmlns="MESSAGE">
   <fname>PARTY_B</fname>
   <type>VARCHAR (35)</type>
   <Default />
   <Null>Null</Null>
 </MESSAGE>
 <MESSAGE xmlns="MESSAGE">
   <fname>TERM_COND1</fname>
   <type>VARCHAR (35)</type>
   <Default />
   <Null>Null</Null>
 </MESSAGE>
 <MESSAGE xmlns="MESSAGE">
   <fname>TERM_COND2</fname>
   <type>VARCHAR (35)</type>
   <Default />
   <Null>Null</Null>
 </MESSAGE>
 <MESSAGE xmlns="MESSAGE">
   <fname>TERM_COND3</fname>
   <type>VARCHAR (35)</type>
   <Default />
   <Null>Null</Null>
 </MESSAGE>
 <MESSAGE xmlns="MESSAGE">
   <fname>TERM_COND4</fname>
   <type>VARCHAR (35)</type>
   <Default />
   <Null>Null</Null>
 </MESSAGE>
 <MESSAGE xmlns="MESSAGE">
   <fname>TERM_COND5</fname>
   <type>VARCHAR (35)</type>
   <Default />
   <Null>Null</Null>
 </MESSAGE>
 <MESSAGE xmlns="MESSAGE">
   <fname>TERM_COND6</fname>
   <type>VARCHAR (35)</type>
   <Default />
   <Null>Null</Null>
 </MESSAGE>
 <MESSAGE xmlns="MESSAGE">
   <fname>CONTACT_INFO1</fname>
   <type>VARCHAR (35)</type>
   <Default />
   <Null>Null</Null>
 </MESSAGE>
 <MESSAGE xmlns="MESSAGE">
   <fname>CONTACT_INFO2</fname>
   <type>VARCHAR (35)</type>
   <Default />
   <Null>Null</Null>
 </MESSAGE>
 <MESSAGE xmlns="MESSAGE">
   <fname>CONTACT_INFO3</fname>
   <type>VARCHAR (35)</type>
   <Default />
   <Null>Null</Null>
 </MESSAGE>
 <MESSAGE xmlns="MESSAGE">
   <fname>CONTACT_INFO4</fname>
   <type>VARCHAR (35)</type>
   <Default />
   <Null>Null</Null>
 </MESSAGE>
 <MESSAGE xmlns="MESSAGE">
   <fname>DEAL_METHOD</fname>
   <type>VARCHAR (35)</type>
   <Default />
   <Null>Null</Null>
 </MESSAGE>
 <MESSAGE xmlns="MESSAGE">
   <fname>DEAL_BRANCH_PTYA</fname>
   <type>VARCHAR (35)</type>
   <Default />
   <Null>Null</Null>
 </MESSAGE>
 <MESSAGE xmlns="MESSAGE">
   <fname>DEAL_BRANCH_PTYB</fname>
   <type>VARCHAR (35)</type>
   <Default />
   <Null>Null</Null>
 </MESSAGE>
 <MESSAGE xmlns="MESSAGE">
   <fname>BROKER_ID</fname>
   <type>VARCHAR (35)</type>
   <Default />
   <Null>Null</Null>
 </MESSAGE>
 <MESSAGE xmlns="MESSAGE">
   <fname>BROKER_COMISN</fname>
   <type>NUMERIC(21,3)</type>
   <Default />
   <Null>Null</Null>
 </MESSAGE>
 <MESSAGE xmlns="MESSAGE">
   <fname>COUNTERPARTY_REF</fname>
   <type>VARCHAR (16)</type>
   <Default />
   <Null>Null</Null>
 </MESSAGE>
 <MESSAGE xmlns="MESSAGE">
   <fname>BROKER_REF</fname>
   <type>VARCHAR (16)</type>
   <Default />
   <Null>Null</Null>
 </MESSAGE>
 <MESSAGE xmlns="MESSAGE">
   <fname>ORIG_MSG_DATE</fname>
   <type>DATETIME</type>
   <Default />
   <Null>Null</Null>
 </MESSAGE>
 <MESSAGE xmlns="MESSAGE">
   <fname>TRADE_PARTY_SUSP_FLG</fname>
   <type>VARCHAR (1)</type>
   <Default />
   <Null>Null</Null>
 </MESSAGE>
 <MESSAGE xmlns="MESSAGE">
   <fname>OTHER_PARTY_SUSP_FLG</fname>
   <type>VARCHAR (1)</type>
   <Default />
   <Null>Null</Null>
 </MESSAGE>
 <MESSAGE xmlns="MESSAGE">
   <fname>LAST_USED_DATE</fname>
   <type>DATETIME</type>
   <Default />
   <Null>Null</Null>
 </MESSAGE>
 <MESSAGE xmlns="MESSAGE">
   <fname>ORIG_INST_VAL_DATE</fname>
   <type>DATETIME</type>
   <Default />
   <Null>Null</Null>
 </MESSAGE>
 <MESSAGE xmlns="MESSAGE">
   <fname>TRADE_TYPE</fname>
   <type>VARCHAR (8)</type>
   <Default />
   <Null>Null</Null>
 </MESSAGE>
 <MESSAGE xmlns="MESSAGE">
   <fname>TRADE_SUBTYPE</fname>
   <type>VARCHAR (6)</type>
   <Default />
   <Null>Null</Null>
 </MESSAGE>
 <MESSAGE xmlns="MESSAGE">
   <fname>TRADE_BUY_SELL_FLG</fname>
   <type>VARCHAR (1)</type>
   <Default />
   <Null>Null</Null>
 </MESSAGE>
 <MESSAGE xmlns="MESSAGE">
   <fname>TRADE_UPDATE_PENDING_FLG</fname>
   <type>VARCHAR (1)</type>
   <Default />
   <Null>Null</Null>
 </MESSAGE>
 <MESSAGE xmlns="MESSAGE">
   <fname>ORIG_EXCH_RATE</fname>
   <type>NUMERIC(29,11)</type>
   <Default />
   <Null>Null</Null>
 </MESSAGE>
 <MESSAGE xmlns="MESSAGE">
   <fname>RECEIVE_CHAR_COUNT</fname>
   <type>VARCHAR (11)</type>
   <Default />
   <Null>Null</Null>
 </MESSAGE>
 <MESSAGE xmlns="MESSAGE">
   <fname>INCOMING_FORMAT</fname>
   <type>VARCHAR (4)</type>
   <Default />
   <Null>Null</Null>
 </MESSAGE>
 <MESSAGE xmlns="MESSAGE">
   <fname>INCOMING_REF</fname>
   <type>VARCHAR (80)</type>
   <Default />
   <Null>Null</Null>
 </MESSAGE>
 <MESSAGE xmlns="MESSAGE">
   <fname>FUNDS_CATEGORY</fname>
   <type>VARCHAR (10)</type>
   <Default />
   <Null>Null</Null>
 </MESSAGE>
 <MESSAGE xmlns="MESSAGE">
   <fname>SEGMENT_INDEX</fname>
   <type>NUMERIC(11,0)</type>
   <Default />
   <Null>Null</Null>
 </MESSAGE>
 <MESSAGE xmlns="MESSAGE">
   <fname>SPLIT_CTR</fname>
   <type>VARCHAR (11)</type>
   <Default />
   <Null>Null</Null>
 </MESSAGE>
 <MESSAGE xmlns="MESSAGE">
   <fname>RPR_LEVEL</fname>
   <type>VARCHAR (2)</type>
   <Default />
   <Null>Null</Null>
 </MESSAGE>
 <MESSAGE xmlns="MESSAGE">
   <fname>POST_DATE</fname>
   <type>DATETIME</type>
   <Default />
   <Null>Null</Null>
 </MESSAGE>
 <MESSAGE xmlns="MESSAGE">
   <fname>POST_TIME</fname>
   <type>VARCHAR (11)</type>
   <Default />
   <Null>Null</Null>
 </MESSAGE>
 <MESSAGE xmlns="MESSAGE">
   <fname>SEND_DATE</fname>
   <type>DATETIME</type>
   <Default />
   <Null>Null</Null>
 </MESSAGE>
 <MESSAGE xmlns="MESSAGE">
   <fname>FEDFUND_TYPE</fname>
   <type>VARCHAR (2)</type>
   <Default />
   <Null>Null</Null>
 </MESSAGE>
 <MESSAGE xmlns="MESSAGE">
   <fname>FED_DAYS</fname>
   <type>VARCHAR (11)</type>
   <Default />
   <Null>Null</Null>
 </MESSAGE>
 <MESSAGE xmlns="MESSAGE">
   <fname>INTEREST_RATE</fname>
   <type>NUMERIC(7,5)</type>
   <Default />
   <Null>Null</Null>
 </MESSAGE>
 <MESSAGE xmlns="MESSAGE">
   <fname>ANT_TOL_AMT</fname>
   <type>NUMERIC(21,3)</type>
   <Default />
   <Null>Null</Null>
 </MESSAGE>
 <MESSAGE xmlns="MESSAGE">
   <fname>CAL_OVR</fname>
   <type>VARCHAR (1)</type>
   <Default />
   <Null>Null</Null>
 </MESSAGE>
 <MESSAGE xmlns="MESSAGE">
   <fname>PIN_REF_ID</fname>
   <type>VARCHAR (11)</type>
   <Default />
   <Null>Null</Null>
 </MESSAGE>
 <MESSAGE xmlns="MESSAGE">
   <fname>VFC_PIN_REF_ID</fname>
   <type>VARCHAR (11)</type>
   <Default />
   <Null>Null</Null>
 </MESSAGE>
 <MESSAGE xmlns="MESSAGE">
   <fname>PHN_NOF_ID</fname>
   <type>VARCHAR (24)</type>
   <Default />
   <Null>Null</Null>
 </MESSAGE>
 <MESSAGE xmlns="MESSAGE">
   <fname>TESTKEY_IN</fname>
   <type>VARCHAR (16)</type>
   <Default />
   <Null>Null</Null>
 </MESSAGE>
 <MESSAGE xmlns="MESSAGE">
   <fname>TEST_TEXT</fname>
   <type>VARCHAR (24)</type>
   <Default />
   <Null>Null</Null>
 </MESSAGE>
 <MESSAGE xmlns="MESSAGE">
   <fname>RISKINESS_IND</fname>
   <type>VARCHAR (2)</type>
   <Default />
   <Null>Null</Null>
 </MESSAGE>
 <MESSAGE xmlns="MESSAGE">
   <fname>COMM_MODE</fname>
   <type>VARCHAR (1)</type>
   <Default />
   <Null>Null</Null>
 </MESSAGE>
 <MESSAGE xmlns="MESSAGE">
   <fname>CBL_MODE</fname>
   <type>VARCHAR (1)</type>
   <Default />
   <Null>Null</Null>
 </MESSAGE>
 <MESSAGE xmlns="MESSAGE">
   <fname>ADM_LOCK_TEXT_FLG</fname>
   <type>VARCHAR (1)</type>
   <Default />
   <Null>Null</Null>
 </MESSAGE>
 <MESSAGE xmlns="MESSAGE">
   <fname>BNK_TX_FLG</fname>
   <type>VARCHAR (1)</type>
   <Default />
   <Null>Null</Null>
 </MESSAGE>
 <MESSAGE xmlns="MESSAGE">
   <fname>MULT_DBT_FLG</fname>
   <type>VARCHAR (1)</type>
   <Default />
   <Null>Null</Null>
 </MESSAGE>
 <MESSAGE xmlns="MESSAGE">
   <fname>MULT_CDT_FLG</fname>
   <type>VARCHAR (1)</type>
   <Default />
   <Null>Null</Null>
 </MESSAGE>
 <MESSAGE xmlns="MESSAGE">
   <fname>AMT_VFY_FLG</fname>
   <type>VARCHAR (1)</type>
   <Default />
   <Null>Null</Null>
 </MESSAGE>
 <MESSAGE xmlns="MESSAGE">
   <fname>CUR_VFY_FLG</fname>
   <type>VARCHAR (1)</type>
   <Default />
   <Null>Null</Null>
 </MESSAGE>
 <MESSAGE xmlns="MESSAGE">
   <fname>EXCH_VFY_FLG</fname>
   <type>VARCHAR (1)</type>
   <Default />
   <Null>Null</Null>
 </MESSAGE>
 <MESSAGE xmlns="MESSAGE">
   <fname>SERIAL_VFY_FLG</fname>
   <type>VARCHAR (1)</type>
   <Default />
   <Null>Null</Null>
 </MESSAGE>
 <MESSAGE xmlns="MESSAGE">
   <fname>PDM_FLG</fname>
   <type>VARCHAR (1)</type>
   <Default />
   <Null>Null</Null>
 </MESSAGE>
 <MESSAGE xmlns="MESSAGE">
   <fname>ADV_OVR_FLG</fname>
   <type>VARCHAR (1)</type>
   <Default />
   <Null>Null</Null>
 </MESSAGE>
 <MESSAGE xmlns="MESSAGE">
   <fname>TEST_REQ_FLG</fname>
   <type>VARCHAR (1)</type>
   <Default />
   <Null>Null</Null>
 </MESSAGE>
 <MESSAGE xmlns="MESSAGE">
   <fname>SITE_OPTION1_FLG</fname>
   <type>VARCHAR (1)</type>
   <Default />
   <Null>Null</Null>
 </MESSAGE>
 <MESSAGE xmlns="MESSAGE">
   <fname>ACCT_VFC_FLG</fname>
   <type>VARCHAR (1)</type>
   <Default />
   <Null>Null</Null>
 </MESSAGE>
 <MESSAGE xmlns="MESSAGE">
   <fname>CDT_ADV_FLG</fname>
   <type>VARCHAR (1)</type>
   <Default />
   <Null>Null</Null>
 </MESSAGE>
 <MESSAGE xmlns="MESSAGE">
   <fname>MULTI_CUR_FLG</fname>
   <type>VARCHAR (1)</type>
   <Default />
   <Null>Null</Null>
 </MESSAGE>
 <MESSAGE xmlns="MESSAGE">
   <fname>PRIORITY_FLG</fname>
   <type>VARCHAR (1)</type>
   <Default />
   <Null>Null</Null>
 </MESSAGE>
 <MESSAGE xmlns="MESSAGE">
   <fname>DELIVERY_FLG</fname>
   <type>VARCHAR (1)</type>
   <Default />
   <Null>Null</Null>
 </MESSAGE>
 <MESSAGE xmlns="MESSAGE">
   <fname>RTP_INTERCEPT_FLG</fname>
   <type>VARCHAR (1)</type>
   <Default />
   <Null>Null</Null>
 </MESSAGE>
 <MESSAGE xmlns="MESSAGE">
   <fname>DELAY_FLG</fname>
   <type>VARCHAR (1)</type>
   <Default />
   <Null>Null</Null>
 </MESSAGE>
 <MESSAGE xmlns="MESSAGE">
   <fname>MATCHED_ANT_FLG</fname>
   <type>VARCHAR (1)</type>
   <Default />
   <Null>Null</Null>
 </MESSAGE>
 <MESSAGE xmlns="MESSAGE">
   <fname>REPAIR_CHNG_FLG</fname>
   <type>VARCHAR (1)</type>
   <Default />
   <Null>Null</Null>
 </MESSAGE>
 <MESSAGE xmlns="MESSAGE">
   <fname>CHIPS_RECVRY_FLG</fname>
   <type>VARCHAR (1)</type>
   <Default />
   <Null>Null</Null>
 </MESSAGE>
 <MESSAGE xmlns="MESSAGE">
   <fname>NON_ACCTING_FLG</fname>
   <type>VARCHAR (1)</type>
   <Default />
   <Null>Null</Null>
 </MESSAGE>
 <MESSAGE xmlns="MESSAGE">
   <fname>SWF_STMT_FLG</fname>
   <type>VARCHAR (1)</type>
   <Default />
   <Null>Null</Null>
 </MESSAGE>
 <MESSAGE xmlns="MESSAGE">
   <fname>CHARGE_STATE_FLG</fname>
   <type>VARCHAR (1)</type>
   <Default />
   <Null>Null</Null>
 </MESSAGE>
 <MESSAGE xmlns="MESSAGE">
   <fname>VFY_COUNT_FLG</fname>
   <type>VARCHAR (1)</type>
   <Default />
   <Null>Null</Null>
 </MESSAGE>
 <MESSAGE xmlns="MESSAGE">
   <fname>MPA_DBT_AUTH_FLG</fname>
   <type>VARCHAR (1)</type>
   <Default />
   <Null>Null</Null>
 </MESSAGE>
 <MESSAGE xmlns="MESSAGE">
   <fname>MPA_DBT_POST_FLG</fname>
   <type>VARCHAR (1)</type>
   <Default />
   <Null>Null</Null>
 </MESSAGE>
 <MESSAGE xmlns="MESSAGE">
   <fname>MPA_CDT_AUTH_FLG</fname>
   <type>VARCHAR (1)</type>
   <Default />
   <Null>Null</Null>
 </MESSAGE>
 <MESSAGE xmlns="MESSAGE">
   <fname>MPA_CDT_POST_FLG</fname>
   <type>VARCHAR (1)</type>
   <Default />
   <Null>Null</Null>
 </MESSAGE>
 <MESSAGE xmlns="MESSAGE">
   <fname>TEST_STATE_FLG</fname>
   <type>VARCHAR (1)</type>
   <Default />
   <Null>Null</Null>
 </MESSAGE>
 <MESSAGE xmlns="MESSAGE">
   <fname>VFC_COUNT_FLG</fname>
   <type>VARCHAR (1)</type>
   <Default />
   <Null>Null</Null>
 </MESSAGE>
 <MESSAGE xmlns="MESSAGE">
   <fname>FUNDED_MSG_FLG</fname>
   <type>VARCHAR (1)</type>
   <Default />
   <Null>Null</Null>
 </MESSAGE>
 <MESSAGE xmlns="MESSAGE">
   <fname>PMT_CHRG_FLG</fname>
   <type>VARCHAR (1)</type>
   <Default />
   <Null>Null</Null>
 </MESSAGE>
 <MESSAGE xmlns="MESSAGE">
   <fname>INT_REROUTE_FLG</fname>
   <type>VARCHAR (1)</type>
   <Default />
   <Null>Null</Null>
 </MESSAGE>
 <MESSAGE xmlns="MESSAGE">
   <fname>CUR_HOLD_FLG</fname>
   <type>VARCHAR (1)</type>
   <Default />
   <Null>Null</Null>
 </MESSAGE>
 <MESSAGE xmlns="MESSAGE">
   <fname>OVR_OUT_LIM_FLG</fname>
   <type>VARCHAR (1)</type>
   <Default />
   <Null>Null</Null>
 </MESSAGE>
 <MESSAGE xmlns="MESSAGE">
   <fname>FORCE_POST_FLG</fname>
   <type>VARCHAR (1)</type>
   <Default />
   <Null>Null</Null>
 </MESSAGE>
 <MESSAGE xmlns="MESSAGE">
   <fname>RPTD_SWF_STMT_FLG</fname>
   <type>VARCHAR (1)</type>
   <Default />
   <Null>Null</Null>
 </MESSAGE>
 <MESSAGE xmlns="MESSAGE">
   <fname>CHECK_FOUND</fname>
   <type>VARCHAR (1)</type>
   <Default />
   <Null>Null</Null>
 </MESSAGE>
 <MESSAGE xmlns="MESSAGE">
   <fname>MATCH_DBT_ID</fname>
   <type>VARCHAR (1)</type>
   <Default />
   <Null>Null</Null>
 </MESSAGE>
 <MESSAGE xmlns="MESSAGE">
   <fname>MATCH_CDT_ID</fname>
   <type>VARCHAR (1)</type>
   <Default />
   <Null>Null</Null>
 </MESSAGE>
 <MESSAGE xmlns="MESSAGE">
   <fname>MATCH_BNP_ID</fname>
   <type>VARCHAR (1)</type>
   <Default />
   <Null>Null</Null>
 </MESSAGE>
 <MESSAGE xmlns="MESSAGE">
   <fname>MATCH_SRN</fname>
   <type>VARCHAR (1)</type>
   <Default />
   <Null>Null</Null>
 </MESSAGE>
 <MESSAGE xmlns="MESSAGE">
   <fname>MATCH_SIDE</fname>
   <type>VARCHAR (1)</type>
   <Default />
   <Null>Null</Null>
 </MESSAGE>
 <MESSAGE xmlns="MESSAGE">
   <fname>UMBRELLA_FLG</fname>
   <type>VARCHAR (1)</type>
   <Default />
   <Null>Null</Null>
 </MESSAGE>
 <MESSAGE xmlns="MESSAGE">
   <fname>BANK_OPERATION_CODE</fname>
   <type>VARCHAR (4)</type>
   <Default />
   <Null>Null</Null>
 </MESSAGE>
 <MESSAGE xmlns="MESSAGE">
   <fname>CHG_ACC</fname>
   <type>VARCHAR (1)</type>
   <Default />
   <Null>Null</Null>
 </MESSAGE>
 <MESSAGE xmlns="MESSAGE">
   <fname>CHG_BIC</fname>
   <type>VARCHAR (1)</type>
   <Default />
   <Null>Null</Null>
 </MESSAGE>
 <MESSAGE xmlns="MESSAGE">
   <fname>CHG_DBT</fname>
   <type>VARCHAR (1)</type>
   <Default />
   <Null>Null</Null>
 </MESSAGE>
 <MESSAGE xmlns="MESSAGE">
   <fname>CHG_SBK</fname>
   <type>VARCHAR (1)</type>
   <Default />
   <Null>Null</Null>
 </MESSAGE>
 <MESSAGE xmlns="MESSAGE">
   <fname>CHG_OBK</fname>
   <type>VARCHAR (1)</type>
   <Default />
   <Null>Null</Null>
 </MESSAGE>
 <MESSAGE xmlns="MESSAGE">
   <fname>CHG_ORP</fname>
   <type>VARCHAR (1)</type>
   <Default />
   <Null>Null</Null>
 </MESSAGE>
 <MESSAGE xmlns="MESSAGE">
   <fname>CHG_INS</fname>
   <type>VARCHAR (1)</type>
   <Default />
   <Null>Null</Null>
 </MESSAGE>
 <MESSAGE xmlns="MESSAGE">
   <fname>CHG_CDT</fname>
   <type>VARCHAR (1)</type>
   <Default />
   <Null>Null</Null>
 </MESSAGE>
 <MESSAGE xmlns="MESSAGE">
   <fname>CHG_IB1</fname>
   <type>VARCHAR (1)</type>
   <Default />
   <Null>Null</Null>
 </MESSAGE>
 <MESSAGE xmlns="MESSAGE">
   <fname>CHG_IBK</fname>
   <type>VARCHAR (1)</type>
   <Default />
   <Null>Null</Null>
 </MESSAGE>
 <MESSAGE xmlns="MESSAGE">
   <fname>CHG_BBK</fname>
   <type>VARCHAR (1)</type>
   <Default />
   <Null>Null</Null>
 </MESSAGE>
 <MESSAGE xmlns="MESSAGE">
   <fname>CHG_BNP</fname>
   <type>VARCHAR (1)</type>
   <Default />
   <Null>Null</Null>
 </MESSAGE>
 <MESSAGE xmlns="MESSAGE">
   <fname>CHG_BBI</fname>
   <type>VARCHAR (1)</type>
   <Default />
   <Null>Null</Null>
 </MESSAGE>
 <MESSAGE xmlns="MESSAGE">
   <fname>CHG_OBI</fname>
   <type>VARCHAR (1)</type>
   <Default />
   <Null>Null</Null>
 </MESSAGE>
 <MESSAGE xmlns="MESSAGE">
   <fname>CHG_DTE</fname>
   <type>VARCHAR (1)</type>
   <Default />
   <Null>Null</Null>
 </MESSAGE>
 <MESSAGE xmlns="MESSAGE">
   <fname>CHG_AMT</fname>
   <type>VARCHAR (1)</type>
   <Default />
   <Null>Null</Null>
 </MESSAGE>
 <MESSAGE xmlns="MESSAGE">
   <fname>CHG_CNF</fname>
   <type>VARCHAR (1)</type>
   <Default />
   <Null>Null</Null>
 </MESSAGE>
 <MESSAGE xmlns="MESSAGE">
   <fname>CHG_REG</fname>
   <type>VARCHAR (1)</type>
   <Default />
   <Null>Null</Null>
 </MESSAGE>
 <MESSAGE xmlns="MESSAGE">
   <fname>CHG_CRG</fname>
   <type>VARCHAR (1)</type>
   <Default />
   <Null>Null</Null>
 </MESSAGE>
 <MESSAGE xmlns="MESSAGE">
   <fname>CHG_ADV</fname>
   <type>VARCHAR (1)</type>
   <Default />
   <Null>Null</Null>
 </MESSAGE>
 <MESSAGE xmlns="MESSAGE">
   <fname>CHG_PRD</fname>
   <type>VARCHAR (1)</type>
   <Default />
   <Null>Null</Null>
 </MESSAGE>
 <MESSAGE xmlns="MESSAGE">
   <fname>PMT_CHAR_CODE</fname>
   <type>VARCHAR (10)</type>
   <Default />
   <Null>Null</Null>
 </MESSAGE>
 <MESSAGE xmlns="MESSAGE">
   <fname>CUTOFF_OVERRIDE</fname>
   <type>VARCHAR (1)</type>
   <Default />
   <Null>Null</Null>
 </MESSAGE>
 <MESSAGE xmlns="MESSAGE">
   <fname>EXCHANGE_RATE_STAT</fname>
   <type>VARCHAR (1)</type>
   <Default />
   <Null>Null</Null>
 </MESSAGE>
 <MESSAGE xmlns="MESSAGE">
   <fname>FOREX_BYPASS_FLAG</fname>
   <type>VARCHAR (1)</type>
   <Default />
   <Null>Null</Null>
 </MESSAGE>
 <MESSAGE xmlns="MESSAGE">
   <fname>GLOBAL_DEBIT</fname>
   <type>VARCHAR (1)</type>
   <Default />
   <Null>Null</Null>
 </MESSAGE>
 <MESSAGE xmlns="MESSAGE">
   <fname>BOPR_PTY_SIDE_IND</fname>
   <type>VARCHAR (1)</type>
   <Default />
   <Null>Null</Null>
 </MESSAGE>
 <MESSAGE xmlns="MESSAGE">
   <fname>FORCE_FLAG</fname>
   <type>VARCHAR (1)</type>
   <Default />
   <Null>Null</Null>
 </MESSAGE>
 <MESSAGE xmlns="MESSAGE">
   <fname>DEFINITIVE_FLAG</fname>
   <type>VARCHAR (1)</type>
   <Default />
   <Null>Null</Null>
 </MESSAGE>
 <MESSAGE xmlns="MESSAGE">
   <fname>CANCELLED_FLAG</fname>
   <type>VARCHAR (1)</type>
   <Default />
   <Null>Null</Null>
 </MESSAGE>
 <MESSAGE xmlns="MESSAGE">
   <fname>FIN_CPY_SRC_FLG</fname>
   <type>VARCHAR (1)</type>
   <Default />
   <Null>Null</Null>
 </MESSAGE>
 <MESSAGE xmlns="MESSAGE">
   <fname>SUPPR_PMT_CONF</fname>
   <type>VARCHAR (1)</type>
   <Default />
   <Null>Null</Null>
 </MESSAGE>
 <MESSAGE xmlns="MESSAGE">
   <fname>ENTERED_SIDE</fname>
   <type>VARCHAR (1)</type>
   <Default />
   <Null>Null</Null>
 </MESSAGE>
 <MESSAGE xmlns="MESSAGE">
   <fname>DUE_DATE</fname>
   <type>DATETIME</type>
   <Default />
   <Null>Null</Null>
 </MESSAGE>
 <MESSAGE xmlns="MESSAGE">
   <fname>DUE_DATE_CHG</fname>
   <type>VARCHAR (20)</type>
   <Default />
   <Null>Null</Null>
 </MESSAGE>
 <MESSAGE xmlns="MESSAGE">
   <fname>DUE_DATE_ADJ</fname>
   <type>VARCHAR (20)</type>
   <Default />
   <Null>Null</Null>
 </MESSAGE>
 <MESSAGE xmlns="MESSAGE">
   <fname>DUE_DATE_SP</fname>
   <type>VARCHAR (20)</type>
   <Default />
   <Null>Null</Null>
 </MESSAGE>
 <MESSAGE xmlns="MESSAGE">
   <fname>PRIME_SEND_DATE</fname>
   <type>DATETIME</type>
   <Default />
   <Null>Null</Null>
 </MESSAGE>
 <MESSAGE xmlns="MESSAGE">
   <fname>PRIME_SEND_DATE_CHG</fname>
   <type>VARCHAR (20)</type>
   <Default />
   <Null>Null</Null>
 </MESSAGE>
 <MESSAGE xmlns="MESSAGE">
   <fname>PRIME_SEND_DATE_ADJ</fname>
   <type>VARCHAR (20)</type>
   <Default />
   <Null>Null</Null>
 </MESSAGE>
 <MESSAGE xmlns="MESSAGE">
   <fname>PRIME_SEND_DATE_SP</fname>
   <type>VARCHAR (20)</type>
   <Default />
   <Null>Null</Null>
 </MESSAGE>
 <MESSAGE xmlns="MESSAGE">
   <fname>SECOND_SEND_DATE</fname>
   <type>DATETIME</type>
   <Default />
   <Null>Null</Null>
 </MESSAGE>
 <MESSAGE xmlns="MESSAGE">
   <fname>SECOND_SEND_DATE_CHG</fname>
   <type>VARCHAR (20)</type>
   <Default />
   <Null>Null</Null>
 </MESSAGE>
 <MESSAGE xmlns="MESSAGE">
   <fname>SECOND_SEND_DATE_ADJ</fname>
   <type>VARCHAR (20)</type>
   <Default />
   <Null>Null</Null>
 </MESSAGE>
 <MESSAGE xmlns="MESSAGE">
   <fname>SECOND_SEND_DATE_SP</fname>
   <type>VARCHAR (20)</type>
   <Default />
   <Null>Null</Null>
 </MESSAGE>
 <MESSAGE xmlns="MESSAGE">
   <fname>REG_ID_TYPE</fname>
   <type>VARCHAR (1)</type>
   <Default />
   <Null>Null</Null>
 </MESSAGE>
 <MESSAGE xmlns="MESSAGE">
   <fname>REG_ID</fname>
   <type>VARCHAR (34)</type>
   <Default />
   <Null>Null</Null>
 </MESSAGE>
 <MESSAGE xmlns="MESSAGE">
   <fname>BOPR_TEXT1</fname>
   <type>VARCHAR (35)</type>
   <Default />
   <Null>Null</Null>
 </MESSAGE>
 <MESSAGE xmlns="MESSAGE">
   <fname>BOPR_TEXT2</fname>
   <type>VARCHAR (35)</type>
   <Default />
   <Null>Null</Null>
 </MESSAGE>
 <MESSAGE xmlns="MESSAGE">
   <fname>BOPR_TEXT3</fname>
   <type>VARCHAR (35)</type>
   <Default />
   <Null>Null</Null>
 </MESSAGE>
 <MESSAGE xmlns="MESSAGE">
   <fname>AUTH_REF</fname>
   <type>VARCHAR (20)</type>
   <Default />
   <Null>Null</Null>
 </MESSAGE>
 <MESSAGE xmlns="MESSAGE">
   <fname>MSG_STATE</fname>
   <type>VARCHAR (23)</type>
   <Default />
   <Null>Null</Null>
 </MESSAGE>
 <MESSAGE xmlns="MESSAGE">
   <fname>RELATED_TRN_DATE</fname>
   <type>VARCHAR (8)</type>
   <Default />
   <Null>Null</Null>
 </MESSAGE>
 <MESSAGE xmlns="MESSAGE">
   <fname>RELATED_TRN_NUM</fname>
   <type>VARCHAR (8)</type>
   <Default />
   <Null>Null</Null>
 </MESSAGE>
 <MESSAGE xmlns="MESSAGE">
   <fname>CDT_POST_DATE</fname>
   <type>DATETIME</type>
   <Default />
   <Null>Null</Null>
 </MESSAGE>
 <MESSAGE xmlns="MESSAGE">
   <fname>CDT_POST_TIME</fname>
   <type>VARCHAR (11)</type>
   <Default />
   <Null>Null</Null>
 </MESSAGE>
 <MESSAGE xmlns="MESSAGE">
   <fname>OPERTNL_RLS_DATE</fname>
   <type>DATETIME</type>
   <Default />
   <Null>Null</Null>
 </MESSAGE>
 <MESSAGE xmlns="MESSAGE">
   <fname>OPERTNL_RLS_TIME</fname>
   <type>VARCHAR (11)</type>
   <Default />
   <Null>Null</Null>
 </MESSAGE>
 <MESSAGE xmlns="MESSAGE">
   <fname>RAMET_FLG</fname>
   <type>VARCHAR (1)</type>
   <Default />
   <Null>Null</Null>
 </MESSAGE>
 <MESSAGE xmlns="MESSAGE">
   <fname>NON_RET_VALVE_FLG</fname>
   <type>VARCHAR (1)</type>
   <Default />
   <Null>Null</Null>
 </MESSAGE>
 <MESSAGE xmlns="MESSAGE">
   <fname>CUTOFF_DONE</fname>
   <type>VARCHAR (1)</type>
   <Default />
   <Null>Null</Null>
 </MESSAGE>
 <MESSAGE xmlns="MESSAGE">
   <fname>FOREX_FLAG</fname>
   <type>VARCHAR (1)</type>
   <Default />
   <Null>Null</Null>
 </MESSAGE>
 <MESSAGE xmlns="MESSAGE">
   <fname>FEE_FLAG</fname>
   <type>VARCHAR (1)</type>
   <Default />
   <Null>Null</Null>
 </MESSAGE>
 <MESSAGE xmlns="MESSAGE">
   <fname>EUR_BENE_CHRG_ALLOW</fname>
   <type>VARCHAR (1)</type>
   <Default />
   <Null>Null</Null>
 </MESSAGE>
 <MESSAGE xmlns="MESSAGE">
   <fname>HIGH_MSG_STATE</fname>
   <type>VARCHAR (20)</type>
   <Default />
   <Null>Null</Null>
 </MESSAGE>
 <MESSAGE xmlns="MESSAGE">
   <fname>DBT_CHRG_ORG</fname>
   <type>VARCHAR (10)</type>
   <Default />
   <Null>Null</Null>
 </MESSAGE>
 <MESSAGE xmlns="MESSAGE">
   <fname>CDT_CHRG_ORG</fname>
   <type>VARCHAR (10)</type>
   <Default />
   <Null>Null</Null>
 </MESSAGE>
 <MESSAGE xmlns="MESSAGE">
   <fname>COMM_CHRG_ORG</fname>
   <type>VARCHAR (10)</type>
   <Default />
   <Null>Null</Null>
 </MESSAGE>
 <MESSAGE xmlns="MESSAGE">
   <fname>CBL_CHRG_ORG</fname>
   <type>VARCHAR (10)</type>
   <Default />
   <Null>Null</Null>
 </MESSAGE>
 <MESSAGE xmlns="MESSAGE">
   <fname>FTR_PROC_RULE_STATE</fname>
   <type>VARCHAR (9)</type>
   <Default />
   <Null>Null</Null>
 </MESSAGE>
 <MESSAGE xmlns="MESSAGE">
   <fname>POSTAL_CODE_OVR_FLG</fname>
   <type>VARCHAR (1)</type>
   <Default />
   <Null>Null</Null>
 </MESSAGE>
 <MESSAGE xmlns="MESSAGE">
   <fname>RPR_FLG</fname>
   <type>VARCHAR (1)</type>
   <Default />
   <Null>Null</Null>
 </MESSAGE>
 <MESSAGE xmlns="MESSAGE">
   <fname>EXC_FLG</fname>
   <type>VARCHAR (1)</type>
   <Default />
   <Null>Null</Null>
 </MESSAGE>
 <MESSAGE xmlns="MESSAGE">
   <fname>IMPOSED_AMOUNT</fname>
   <type>VARCHAR (1)</type>
   <Default />
   <Null>Null</Null>
 </MESSAGE>
 <MESSAGE xmlns="MESSAGE">
   <fname>GLOBAL_CREDIT</fname>
   <type>VARCHAR (1)</type>
   <Default />
   <Null>Null</Null>
 </MESSAGE>
 <MESSAGE xmlns="MESSAGE">
   <fname>PAYMNT_FUNDING_IND</fname>
   <type>VARCHAR (1)</type>
   <Default />
   <Null>Null</Null>
 </MESSAGE>
 <MESSAGE xmlns="MESSAGE">
   <fname>PAYMNT_ASYNCH_FLG</fname>
   <type>VARCHAR (1)</type>
   <Default />
   <Null>Null</Null>
 </MESSAGE>
 <MESSAGE xmlns="MESSAGE">
   <fname>PAYMNT_RESP_TIME</fname>
   <type>VARCHAR (14)</type>
   <Default />
   <Null>Null</Null>
 </MESSAGE>
 <MESSAGE xmlns="MESSAGE">
   <fname>MON_PER_INTERCEPT_FLG</fname>
   <type>VARCHAR (1)</type>
   <Default />
   <Null>Null</Null>
 </MESSAGE>
 <MESSAGE xmlns="MESSAGE">
   <fname>MON_PER_LOG_FLG</fname>
   <type>VARCHAR (1)</type>
   <Default />
   <Null>Null</Null>
 </MESSAGE>
 <MESSAGE xmlns="MESSAGE">
   <fname>SMPL_WRHS_INDICATOR</fname>
   <type>VARCHAR (1)</type>
   <Default />
   <Null>Null</Null>
 </MESSAGE>
 <MESSAGE xmlns="MESSAGE">
   <fname>ENT_REF_SYS_VEC</fname>
   <type>VARCHAR (10)</type>
   <Default />
   <Null>Null</Null>
 </MESSAGE>
 <MESSAGE xmlns="MESSAGE">
   <fname>WRHS_REF_SYS_VEC</fname>
   <type>VARCHAR (10)</type>
   <Default />
   <Null>Null</Null>
 </MESSAGE>
 <MESSAGE xmlns="MESSAGE">
   <fname>REF_CALL_VECTOR</fname>
   <type>VARCHAR (3)</type>
   <Default />
   <Null>Null</Null>
 </MESSAGE>
 <MESSAGE xmlns="MESSAGE">
   <fname>SMPL_PYMT_FORMAT</fname>
   <type>VARCHAR (10)</type>
   <Default />
   <Null>Null</Null>
 </MESSAGE>
 <MESSAGE xmlns="MESSAGE">
   <fname>CONTAINER_REJ_REASON</fname>
   <type>VARCHAR (4)</type>
   <Default />
   <Null>Null</Null>
 </MESSAGE>
 <MESSAGE xmlns="MESSAGE">
   <fname>UNIQUE_REF</fname>
   <type>VARCHAR (16)</type>
   <Default />
   <Null>Null</Null>
 </MESSAGE>
 <MESSAGE xmlns="MESSAGE">
   <fname>SRGW_EXPORT_SERIAL</fname>
   <type>VARCHAR (40)</type>
   <Default />
   <Null>Null</Null>
 </MESSAGE>
 <MESSAGE xmlns="MESSAGE">
   <fname>MSGTYPE</fname>
   <type>VARCHAR (20)</type>
   <Default />
   <Null>Null</Null>
 </MESSAGE>
 <MESSAGE xmlns="MESSAGE">
   <fname>CHILDQ_CREATE_FLG</fname>
   <type>VARCHAR (1)</type>
   <Default />
   <Null>Null</Null>
 </MESSAGE>
 <MESSAGE xmlns="MESSAGE">
   <fname>FASTER_SENT_IND</fname>
   <type>VARCHAR (1)</type>
   <Default />
   <Null>Null</Null>
 </MESSAGE>
 <MESSAGE xmlns="MESSAGE">
   <fname>CTR_BTR_FLG</fname>
   <type>VARCHAR (1)</type>
   <Default />
   <Null>Null</Null>
 </MESSAGE>
 <MESSAGE xmlns="MESSAGE">
   <fname>DIRECTION_FLG</fname>
   <type>VARCHAR (1)</type>
   <Default />
   <Null>Null</Null>
 </MESSAGE>
 <MESSAGE xmlns="MESSAGE">
   <fname>BLACKLIST_FLG</fname>
   <type>VARCHAR (1)</type>
   <Default />
   <Null>Null</Null>
 </MESSAGE>
 <MESSAGE xmlns="MESSAGE">
   <fname>MPA_PDM_FLG</fname>
   <type>VARCHAR (1)</type>
   <Default />
   <Null>Null</Null>
 </MESSAGE>
 <MESSAGE xmlns="MESSAGE">
   <fname>CHG_IB2</fname>
   <type>VARCHAR (1)</type>
   <Default />
   <Null>Null</Null>
 </MESSAGE>
 <MESSAGE xmlns="MESSAGE">
   <fname>CHG_IB3</fname>
   <type>VARCHAR (1)</type>
   <Default />
   <Null>Null</Null>
 </MESSAGE>
 <MESSAGE xmlns="MESSAGE">
   <fname>PARTY_3_PIN_REF_ID</fname>
   <type>VARCHAR (11)</type>
   <Default />
   <Null>Null</Null>
 </MESSAGE>
 <MESSAGE xmlns="MESSAGE">
   <fname>PARTY_3_PIN_CALLER</fname>
   <type>VARCHAR (35)</type>
   <Default />
   <Null>Null</Null>
 </MESSAGE>
 <MESSAGE xmlns="MESSAGE">
   <fname>PROCESSING_WEIGHT</fname>
   <type>VARCHAR (1)</type>
   <Default />
   <Null>Null</Null>
 </MESSAGE>
 <MESSAGE xmlns="MESSAGE">
   <fname>IMPOSED_CHANNEL</fname>
   <type>VARCHAR (1)</type>
   <Default />
   <Null>Null</Null>
 </MESSAGE>
 <MESSAGE xmlns="MESSAGE">
   <fname>GENNED_AUTO_RETURN</fname>
   <type>VARCHAR (1)</type>
   <Default />
   <Null>Null</Null>
 </MESSAGE>
 <MESSAGE xmlns="MESSAGE">
   <fname>ACH_SRC_TYPE</fname>
   <type>VARCHAR (1)</type>
   <Default />
   <Null>Null</Null>
 </MESSAGE>
 <MESSAGE xmlns="MESSAGE">
   <fname>BISI_LINK_SRC</fname>
   <type>VARCHAR (3)</type>
   <Default />
   <Null>Null</Null>
 </MESSAGE>
 <MESSAGE xmlns="MESSAGE">
   <fname>RMSG_ORIG_TRN_DATE</fname>
   <type>VARCHAR (8)</type>
   <Default />
   <Null>Null</Null>
 </MESSAGE>
 <MESSAGE xmlns="MESSAGE">
   <fname>RMSG_ORIG_TRN_REF</fname>
   <type>VARCHAR (8)</type>
   <Default />
   <Null>Null</Null>
 </MESSAGE>
 <MESSAGE xmlns="MESSAGE">
   <fname>RMSG_ORIG_REF</fname>
   <type>VARCHAR (35)</type>
   <Default />
   <Null>Null</Null>
 </MESSAGE>
 <MESSAGE xmlns="MESSAGE">
   <fname>RMSG_ORIG_CSTMREF</fname>
   <type>VARCHAR (35)</type>
   <Default />
   <Null>Null</Null>
 </MESSAGE>
 <MESSAGE xmlns="MESSAGE">
   <fname>RMSG_TRN_DATE</fname>
   <type>VARCHAR (8)</type>
   <Default />
   <Null>Null</Null>
 </MESSAGE>
 <MESSAGE xmlns="MESSAGE">
   <fname>RMSG_TRN_REF</fname>
   <type>VARCHAR (8)</type>
   <Default />
   <Null>Null</Null>
 </MESSAGE>
 <MESSAGE xmlns="MESSAGE">
   <fname>RMSG_REF</fname>
   <type>VARCHAR (35)</type>
   <Default />
   <Null>Null</Null>
 </MESSAGE>
 <MESSAGE xmlns="MESSAGE">
   <fname>RMSG_CSTMREF</fname>
   <type>VARCHAR (35)</type>
   <Default />
   <Null>Null</Null>
 </MESSAGE>
 <MESSAGE xmlns="MESSAGE">
   <fname>PREV_STOP_INTERCEPT</fname>
   <type>VARCHAR (1)</type>
   <Default />
   <Null>Null</Null>
 </MESSAGE>
 <MESSAGE xmlns="MESSAGE">
   <fname>TIMEOUT_FLAG</fname>
   <type>VARCHAR (1)</type>
   <Default />
   <Null>Null</Null>
 </MESSAGE>
 <MESSAGE xmlns="MESSAGE">
   <fname>ORIG_EXCH_RATE_FLG</fname>
   <type>VARCHAR (1)</type>
   <Default />
   <Null>Null</Null>
 </MESSAGE>
 <MESSAGE xmlns="MESSAGE">
   <fname>CALC_RATE_USED_FLG</fname>
   <type>VARCHAR (1)</type>
   <Default />
   <Null>Null</Null>
 </MESSAGE>
 <MESSAGE xmlns="MESSAGE">
   <fname>PSD_OVERRIDDEN_FLG</fname>
   <type>VARCHAR (1)</type>
   <Default />
   <Null>Null</Null>
 </MESSAGE>
 <MESSAGE xmlns="MESSAGE">
   <fname>ORIG_BNP_CHG_FLG</fname>
   <type>VARCHAR (1)</type>
   <Default />
   <Null>Null</Null>
 </MESSAGE>
 <MESSAGE xmlns="MESSAGE">
   <fname>RECALLPENDING</fname>
   <type>VARCHAR (1)</type>
   <Default />
   <Null>Null</Null>
 </MESSAGE>
 <MESSAGE xmlns="MESSAGE">
   <fname>RECALLRELATEDTRNREFDATE</fname>
   <type>VARCHAR (8)</type>
   <Default />
   <Null>Null</Null>
 </MESSAGE>
 <MESSAGE xmlns="MESSAGE">
   <fname>RECALLRELATEDTRNREFNUM</fname>
   <type>VARCHAR (8)</type>
   <Default />
   <Null>Null</Null>
 </MESSAGE>
 <MESSAGE xmlns="MESSAGE">
   <fname>SWIFT_STANDARDS_IND</fname>
   <type>VARCHAR (20)</type>
   <Default />
   <Null>Null</Null>
 </MESSAGE>
 <MESSAGE xmlns="MESSAGE">
   <fname>DFA_AVAILABLE_DATE</fname>
   <type>DATETIME</type>
   <Default />
   <Null>Null</Null>
 </MESSAGE>
 <MESSAGE xmlns="MESSAGE">
   <fname>DFA_TRANSACTION_FLG</fname>
   <type>VARCHAR (1)</type>
   <Default />
   <Null>Null</Null>
 </MESSAGE>
 <MESSAGE xmlns="MESSAGE">
   <fname>PAYMENT_PURPOSE_FLG</fname>
   <type>VARCHAR (1)</type>
   <Default />
   <Null>Null</Null>
 </MESSAGE>
 <MESSAGE xmlns="MESSAGE">
   <fname>APPHDR_FORMAT</fname>
   <type>VARCHAR (3)</type>
   <Default />
   <Null>Null</Null>
 </MESSAGE>
 <MESSAGE xmlns="MESSAGE">
   <fname>MQACCOUNTINGTOKEN</fname>
   <type>VARCHAR (32)</type>
   <Default />
   <Null>Null</Null>
 </MESSAGE>
 <MESSAGE xmlns="MESSAGE">
   <fname>MQAPPLIDENTITYDATA</fname>
   <type>VARCHAR (32)</type>
   <Default />
   <Null>Null</Null>
 </MESSAGE>
 <MESSAGE xmlns="MESSAGE">
   <fname>MQAPPLORIGINDATA</fname>
   <type>VARCHAR (32)</type>
   <Default />
   <Null>Null</Null>
 </MESSAGE>
 <MESSAGE xmlns="MESSAGE">
   <fname>MQBACKOUTCOUNT</fname>
   <type>INT</type>
   <Default />
   <Null>Null</Null>
 </MESSAGE>
 <MESSAGE xmlns="MESSAGE">
   <fname>MQCORRELID</fname>
   <type>VARCHAR (24)</type>
   <Default />
   <Null>Null</Null>
 </MESSAGE>
 <MESSAGE xmlns="MESSAGE">
   <fname>MQMSGID</fname>
   <type>VARCHAR (24)</type>
   <Default />
   <Null>Null</Null>
 </MESSAGE>
 <MESSAGE xmlns="MESSAGE">
   <fname>MQMSGTYPE</fname>
   <type>INT</type>
   <Default />
   <Null>Null</Null>
 </MESSAGE>
 <MESSAGE xmlns="MESSAGE">
   <fname>MQPRIORITY</fname>
   <type>INT</type>
   <Default />
   <Null>Null</Null>
 </MESSAGE>
 <MESSAGE xmlns="MESSAGE">
   <fname>MQREPLYTOQ</fname>
   <type>VARCHAR (48)</type>
   <Default />
   <Null>Null</Null>
 </MESSAGE>
 <MESSAGE xmlns="MESSAGE">
   <fname>MQREPLYTOQMGR</fname>
   <type>VARCHAR (48)</type>
   <Default />
   <Null>Null</Null>
 </MESSAGE>
 <MESSAGE xmlns="MESSAGE">
   <fname>MQREPORT</fname>
   <type>INT</type>
   <Default />
   <Null>Null</Null>
 </MESSAGE>
 <MESSAGE xmlns="MESSAGE">
   <fname>SWIFTNET_SERVICE_CODE</fname>
   <type>VARCHAR (80)</type>
   <Default />
   <Null>Null</Null>
 </MESSAGE>
 <MESSAGE xmlns="MESSAGE">
   <fname>TRANSPORT_FORMAT</fname>
   <type>VARCHAR (3)</type>
   <Default />
   <Null>Null</Null>
 </MESSAGE>
 <MESSAGE xmlns="MESSAGE">
   <fname>UNIFI_TYPE_CODE</fname>
   <type>VARCHAR (80)</type>
   <Default />
   <Null>Null</Null>
 </MESSAGE>

