﻿<?xml version="1.0" standalone="yes"?>
<RGWTables>

message goes here ...

 <MESSAGE_ACCTG xmlns="MESSAGE_ACCTG">
   <fname>TRN_DATE</fname>
   <type>DATETIME</type>
   <Default />
   <Null>Not Null</Null>
 </MESSAGE_ACCTG>
 <MESSAGE_ACCTG xmlns="MESSAGE_ACCTG">
   <fname>TRN_NUMBER</fname>
   <type>INT</type>
   <Default />
   <Null>Not Null</Null>
 </MESSAGE_ACCTG>
 <MESSAGE_ACCTG xmlns="MESSAGE_ACCTG">
   <fname>ACCTG_IDTYPE</fname>
   <type>VARCHAR (1)</type>
   <Default />
   <Null>Not Null</Null>
 </MESSAGE_ACCTG>
 <MESSAGE_ACCTG xmlns="MESSAGE_ACCTG">
   <fname>ACCTG_ACCOUNT</fname>
   <type>VARCHAR (30)</type>
   <Default />
   <Null>Not Null</Null>
 </MESSAGE_ACCTG>
 <MESSAGE_ACCTG xmlns="MESSAGE_ACCTG">
   <fname>AMOUNT</fname>
   <type>NUMERIC(21,3)</type>
   <Default />
   <Null>Not Null</Null>
 </MESSAGE_ACCTG>
 <MESSAGE_ACCTG xmlns="MESSAGE_ACCTG">
   <fname>STS_DBT_CDT</fname>
   <type>VARCHAR (1)</type>
   <Default />
   <Null>Not Null</Null>
 </MESSAGE_ACCTG>
 <MESSAGE_ACCTG xmlns="MESSAGE_ACCTG">
   <fname>STS_CROSS_BANK</fname>
   <type>VARCHAR (1)</type>
   <Default />
   <Null>Not Null</Null>
 </MESSAGE_ACCTG>
 <MESSAGE_ACCTG xmlns="MESSAGE_ACCTG">
   <fname>STS_PRIMARY</fname>
   <type>VARCHAR (1)</type>
   <Default />
   <Null>Not Null</Null>
 </MESSAGE_ACCTG>
 <MESSAGE_ACCTG xmlns="MESSAGE_ACCTG">
   <fname>TRN_TIMESTAMP</fname>
   <type>NUMERIC(23,0)</type>
   <Default />
   <Null>Not Null</Null>
 </MESSAGE_ACCTG>
 <MESSAGE_ACCTG xmlns="MESSAGE_ACCTG">
   <fname>PERIOD</fname>
   <type>DATETIME</type>
   <Default />
   <Null>Null</Null>
 </MESSAGE_ACCTG>
 <MESSAGE_ACCTG xmlns="MESSAGE_ACCTG">
   <fname>PROC_DATE</fname>
   <type>DATETIME</type>
   <Default />
   <Null>Null</Null>
 </MESSAGE_ACCTG>
 <MESSAGE_ACCTG xmlns="MESSAGE_ACCTG">
   <fname>BANK</fname>
   <type>VARCHAR (3)</type>
   <Default />
   <Null>Null</Null>
 </MESSAGE_ACCTG>
 <MESSAGE_ACCTG xmlns="MESSAGE_ACCTG">
   <fname>LOC</fname>
   <type>VARCHAR (6)</type>
   <Default />
   <Null>Null</Null>
 </MESSAGE_ACCTG>
 <MESSAGE_ACCTG xmlns="MESSAGE_ACCTG">
   <fname>VALUE_DATE</fname>
   <type>DATETIME</type>
   <Default />
   <Null>Null</Null>
 </MESSAGE_ACCTG>
 <MESSAGE_ACCTG xmlns="MESSAGE_ACCTG">
   <fname>INST_DATE</fname>
   <type>DATETIME</type>
   <Default />
   <Null>Null</Null>
 </MESSAGE_ACCTG>
 <MESSAGE_ACCTG xmlns="MESSAGE_ACCTG">
   <fname>TRAN_TYPE</fname>
   <type>VARCHAR (3)</type>
   <Default />
   <Null>Null</Null>
 </MESSAGE_ACCTG>
 <MESSAGE_ACCTG xmlns="MESSAGE_ACCTG">
   <fname>REPETITIVE_ID</fname>
   <type>VARCHAR (48)</type>
   <Default />
   <Null>Null</Null>
 </MESSAGE_ACCTG>
 <MESSAGE_ACCTG xmlns="MESSAGE_ACCTG">
   <fname>SOURCE_CD</fname>
   <type>VARCHAR (3)</type>
   <Default />
   <Null>Null</Null>
 </MESSAGE_ACCTG>
 <MESSAGE_ACCTG xmlns="MESSAGE_ACCTG">
   <fname>INSTR_ADV_TYPE</fname>
   <type>VARCHAR (3)</type>
   <Default />
   <Null>Null</Null>
 </MESSAGE_ACCTG>
 <MESSAGE_ACCTG xmlns="MESSAGE_ACCTG">
   <fname>TYPE_CD</fname>
   <type>VARCHAR (2)</type>
   <Default />
   <Null>Null</Null>
 </MESSAGE_ACCTG>
 <MESSAGE_ACCTG xmlns="MESSAGE_ACCTG">
   <fname>SUBTYPE</fname>
   <type>VARCHAR (2)</type>
   <Default />
   <Null>Null</Null>
 </MESSAGE_ACCTG>
 <MESSAGE_ACCTG xmlns="MESSAGE_ACCTG">
   <fname>IN_TYPE_CD</fname>
   <type>VARCHAR (2)</type>
   <Default />
   <Null>Null</Null>
 </MESSAGE_ACCTG>
 <MESSAGE_ACCTG xmlns="MESSAGE_ACCTG">
   <fname>IN_SUBTYPE</fname>
   <type>VARCHAR (2)</type>
   <Default />
   <Null>Null</Null>
 </MESSAGE_ACCTG>
 <MESSAGE_ACCTG xmlns="MESSAGE_ACCTG">
   <fname>DBT_CHRG</fname>
   <type>VARCHAR (1)</type>
   <Default />
   <Null>Null</Null>
 </MESSAGE_ACCTG>
 <MESSAGE_ACCTG xmlns="MESSAGE_ACCTG">
   <fname>CDT_CHRG</fname>
   <type>VARCHAR (1)</type>
   <Default />
   <Null>Null</Null>
 </MESSAGE_ACCTG>
 <MESSAGE_ACCTG xmlns="MESSAGE_ACCTG">
   <fname>COMMISSION</fname>
   <type>VARCHAR (1)</type>
   <Default />
   <Null>Null</Null>
 </MESSAGE_ACCTG>
 <MESSAGE_ACCTG xmlns="MESSAGE_ACCTG">
   <fname>CBL_CHARGE</fname>
   <type>VARCHAR (1)</type>
   <Default />
   <Null>Null</Null>
 </MESSAGE_ACCTG>
 <MESSAGE_ACCTG xmlns="MESSAGE_ACCTG">
   <fname>WIRE_TYPE</fname>
   <type>VARCHAR (3)</type>
   <Default />
   <Null>Null</Null>
 </MESSAGE_ACCTG>
 <MESSAGE_ACCTG xmlns="MESSAGE_ACCTG">
   <fname>IDTYPE</fname>
   <type>VARCHAR (1)</type>
   <Default />
   <Null>Null</Null>
 </MESSAGE_ACCTG>
 <MESSAGE_ACCTG xmlns="MESSAGE_ACCTG">
   <fname>ID</fname>
   <type>VARCHAR (64)</type>
   <Default />
   <Null>Null</Null>
 </MESSAGE_ACCTG>
 <MESSAGE_ACCTG xmlns="MESSAGE_ACCTG">
   <fname>NAME1</fname>
   <type>VARCHAR (35)</type>
   <Default />
   <Null>Null</Null>
 </MESSAGE_ACCTG>
 <MESSAGE_ACCTG xmlns="MESSAGE_ACCTG">
   <fname>NOF_FLAG</fname>
   <type>VARCHAR (1)</type>
   <Default />
   <Null>Null</Null>
 </MESSAGE_ACCTG>
 <MESSAGE_ACCTG xmlns="MESSAGE_ACCTG">
   <fname>TRAN_NAME_C1</fname>
   <type>VARCHAR (8)</type>
   <Default />
   <Null>Null</Null>
 </MESSAGE_ACCTG>
 <MESSAGE_ACCTG xmlns="MESSAGE_ACCTG">
   <fname>TRAN_NAME_C2</fname>
   <type>VARCHAR (8)</type>
   <Default />
   <Null>Null</Null>
 </MESSAGE_ACCTG>
 <MESSAGE_ACCTG xmlns="MESSAGE_ACCTG">
   <fname>TRAN_NAME_C3</fname>
   <type>VARCHAR (8)</type>
   <Default />
   <Null>Null</Null>
 </MESSAGE_ACCTG>
 <MESSAGE_ACCTG xmlns="MESSAGE_ACCTG">
   <fname>TRAN_NAME_C4</fname>
   <type>VARCHAR (8)</type>
   <Default />
   <Null>Null</Null>
 </MESSAGE_ACCTG>
 <MESSAGE_ACCTG xmlns="MESSAGE_ACCTG">
   <fname>TRAN_NAME_C5</fname>
   <type>VARCHAR (8)</type>
   <Default />
   <Null>Null</Null>
 </MESSAGE_ACCTG>
 <MESSAGE_ACCTG xmlns="MESSAGE_ACCTG">
   <fname>TRAN_NAME_C6</fname>
   <type>VARCHAR (8)</type>
   <Default />
   <Null>Null</Null>
 </MESSAGE_ACCTG>
 <MESSAGE_ACCTG xmlns="MESSAGE_ACCTG">
   <fname>TRAN_NAME_C7</fname>
   <type>VARCHAR (8)</type>
   <Default />
   <Null>Null</Null>
 </MESSAGE_ACCTG>
 <MESSAGE_ACCTG xmlns="MESSAGE_ACCTG">
   <fname>TRAN_NAME_C8</fname>
   <type>VARCHAR (8)</type>
   <Default />
   <Null>Null</Null>
 </MESSAGE_ACCTG>
 <MESSAGE_ACCTG xmlns="MESSAGE_ACCTG">
   <fname>TRAN_NAME_C9</fname>
   <type>VARCHAR (8)</type>
   <Default />
   <Null>Null</Null>
 </MESSAGE_ACCTG>
 <MESSAGE_ACCTG xmlns="MESSAGE_ACCTG">
   <fname>TRAN_NAME_C10</fname>
   <type>VARCHAR (8)</type>
   <Default />
   <Null>Null</Null>
 </MESSAGE_ACCTG>
 <MESSAGE_ACCTG xmlns="MESSAGE_ACCTG">
   <fname>DEPT</fname>
   <type>VARCHAR (20)</type>
   <Default />
   <Null>Null</Null>
 </MESSAGE_ACCTG>
 <MESSAGE_ACCTG xmlns="MESSAGE_ACCTG">
   <fname>SERIAL</fname>
   <type>VARCHAR (10)</type>
   <Default />
   <Null>Null</Null>
 </MESSAGE_ACCTG>
 <MESSAGE_ACCTG xmlns="MESSAGE_ACCTG">
   <fname>ACC_CLASS</fname>
   <type>VARCHAR (6)</type>
   <Default />
   <Null>Null</Null>
 </MESSAGE_ACCTG>
 <MESSAGE_ACCTG xmlns="MESSAGE_ACCTG">
   <fname>ADR_COUNTRY</fname>
   <type>VARCHAR (2)</type>
   <Default />
   <Null>Null</Null>
 </MESSAGE_ACCTG>
 <MESSAGE_ACCTG xmlns="MESSAGE_ACCTG">
   <fname>ADR_TYPE</fname>
   <type>VARCHAR (1)</type>
   <Default />
   <Null>Null</Null>
 </MESSAGE_ACCTG>
 <MESSAGE_ACCTG xmlns="MESSAGE_ACCTG">
   <fname>ADR_SUBTYP</fname>
   <type>VARCHAR (3)</type>
   <Default />
   <Null>Null</Null>
 </MESSAGE_ACCTG>
 <MESSAGE_ACCTG xmlns="MESSAGE_ACCTG">
   <fname>SEC_ACCTG_FLG</fname>
   <type>VARCHAR (16)</type>
   <Default />
   <Null>Null</Null>
 </MESSAGE_ACCTG>
 <MESSAGE_ACCTG xmlns="MESSAGE_ACCTG">
   <fname>SEC_ACCTG_AMT</fname>
   <type>NUMERIC(21,3)</type>
   <Default />
   <Null>Null</Null>
 </MESSAGE_ACCTG>
 <MESSAGE_ACCTG xmlns="MESSAGE_ACCTG">
   <fname>OFFSET_IDTYPE</fname>
   <type>VARCHAR (1)</type>
   <Default />
   <Null>Null</Null>
 </MESSAGE_ACCTG>
 <MESSAGE_ACCTG xmlns="MESSAGE_ACCTG">
   <fname>OFFSET_ID</fname>
   <type>VARCHAR (64)</type>
   <Default />
   <Null>Null</Null>
 </MESSAGE_ACCTG>
 <MESSAGE_ACCTG xmlns="MESSAGE_ACCTG">
   <fname>OFFSET_NAME1</fname>
   <type>VARCHAR (35)</type>
   <Default />
   <Null>Null</Null>
 </MESSAGE_ACCTG>
 <MESSAGE_ACCTG xmlns="MESSAGE_ACCTG">
   <fname>FUNDS_TYPE</fname>
   <type>VARCHAR (1)</type>
   <Default />
   <Null>Null</Null>
 </MESSAGE_ACCTG>
 <MESSAGE_ACCTG xmlns="MESSAGE_ACCTG">
   <fname>SBK_REF_NUM</fname>
   <type>VARCHAR (20)</type>
   <Default />
   <Null>Null</Null>
 </MESSAGE_ACCTG>
 <MESSAGE_ACCTG xmlns="MESSAGE_ACCTG">
   <fname>OBK_REF_NUM</fname>
   <type>VARCHAR (20)</type>
   <Default />
   <Null>Null</Null>
 </MESSAGE_ACCTG>
 <MESSAGE_ACCTG xmlns="MESSAGE_ACCTG">
   <fname>ORP_REF_NUM</fname>
   <type>VARCHAR (20)</type>
   <Default />
   <Null>Null</Null>
 </MESSAGE_ACCTG>
 <MESSAGE_ACCTG xmlns="MESSAGE_ACCTG">
   <fname>ASC_AMOUNT</fname>
   <type>VARCHAR (18)</type>
   <Default />
   <Null>Null</Null>
 </MESSAGE_ACCTG>
 <MESSAGE_ACCTG xmlns="MESSAGE_ACCTG">
   <fname>ASC_SEC_AMT</fname>
   <type>VARCHAR (18)</type>
   <Default />
   <Null>Null</Null>
 </MESSAGE_ACCTG>
 <MESSAGE_ACCTG xmlns="MESSAGE_ACCTG">
   <fname>REC_TYPE</fname>
   <type>VARCHAR (1)</type>
   <Default />
   <Null>Null</Null>
 </MESSAGE_ACCTG>
 <MESSAGE_ACCTG xmlns="MESSAGE_ACCTG">
   <fname>LAST_ADDR</fname>
   <type>VARCHAR (35)</type>
   <Default />
   <Null>Null</Null>
 </MESSAGE_ACCTG>
 <MESSAGE_ACCTG xmlns="MESSAGE_ACCTG">
   <fname>DBT_AUTH_FLAG</fname>
   <type>VARCHAR (1)</type>
   <Default />
   <Null>Null</Null>
 </MESSAGE_ACCTG>
 <MESSAGE_ACCTG xmlns="MESSAGE_ACCTG">
   <fname>CDT_RECON_REF</fname>
   <type>VARCHAR (12)</type>
   <Default />
   <Null>Null</Null>
 </MESSAGE_ACCTG>
 <MESSAGE_ACCTG xmlns="MESSAGE_ACCTG">
   <fname>DBT_RECON_REF</fname>
   <type>VARCHAR (12)</type>
   <Default />
   <Null>Null</Null>
 </MESSAGE_ACCTG>
 <MESSAGE_ACCTG xmlns="MESSAGE_ACCTG">
   <fname>CUR_CODE</fname>
   <type>VARCHAR (3)</type>
   <Default />
   <Null>Null</Null>
 </MESSAGE_ACCTG>
 <MESSAGE_ACCTG xmlns="MESSAGE_ACCTG">
   <fname>RECORD_EXPIRED</fname>
   <type>NUMERIC(23,0)</type>
   <Default />
   <Null>Null</Null>
 </MESSAGE_ACCTG>
 <MESSAGE_ACCTG xmlns="MESSAGE_ACCTG">
   <fname>RECORD_UPDATED</fname>
   <type>VARCHAR (1)</type>
   <Default />
   <Null>Not Null</Null>
 </MESSAGE_ACCTG>

message_cr goes here ...


message_dr goes here ...


message_dest goes here ...


 <MESSAGE_HIST xmlns="MESSAGE_HIST">
   <fname>TRN_DATE</fname>
   <type>DATETIME</type>
   <Default />
   <Null>Not Null</Null>
 </MESSAGE_HIST>
 <MESSAGE_HIST xmlns="MESSAGE_HIST">
   <fname>TRN_NUMBER</fname>
   <type>INT</type>
   <Default />
   <Null>Not Null</Null>
 </MESSAGE_HIST>
 <MESSAGE_HIST xmlns="MESSAGE_HIST">
   <fname>HIST_NO</fname>
   <type>VARCHAR (4)</type>
   <Default />
   <Null>Not Null</Null>
 </MESSAGE_HIST>
 <MESSAGE_HIST xmlns="MESSAGE_HIST">
   <fname>SUB_HIST_NO</fname>
   <type>VARCHAR (4)</type>
   <Default />
   <Null>Not Null</Null>
 </MESSAGE_HIST>
 <MESSAGE_HIST xmlns="MESSAGE_HIST">
   <fname>TRN_TIMESTAMP</fname>
   <type>NUMERIC(23,0)</type>
   <Default />
   <Null>Not Null</Null>
 </MESSAGE_HIST>
 <MESSAGE_HIST xmlns="MESSAGE_HIST">
   <fname>ENTRY_TYPE</fname>
   <type>VARCHAR (3)</type>
   <Default />
   <Null>Null</Null>
 </MESSAGE_HIST>
 <MESSAGE_HIST xmlns="MESSAGE_HIST">
   <fname>BANK</fname>
   <type>VARCHAR (3)</type>
   <Default />
   <Null>Null</Null>
 </MESSAGE_HIST>
 <MESSAGE_HIST xmlns="MESSAGE_HIST">
   <fname>LOC</fname>
   <type>VARCHAR (6)</type>
   <Default />
   <Null>Null</Null>
 </MESSAGE_HIST>
 <MESSAGE_HIST xmlns="MESSAGE_HIST">
   <fname>QUE_LINE_ID</fname>
   <type>VARCHAR (12)</type>
   <Default />
   <Null>Null</Null>
 </MESSAGE_HIST>
 <MESSAGE_HIST xmlns="MESSAGE_HIST">
   <fname>DATE_TIME</fname>
   <type>VARCHAR (16)</type>
   <Default />
   <Null>Null</Null>
 </MESSAGE_HIST>
 <MESSAGE_HIST xmlns="MESSAGE_HIST">
   <fname>SEQUENCE_NO</fname>
   <type>VARCHAR (7)</type>
   <Default />
   <Null>Null</Null>
 </MESSAGE_HIST>
 <MESSAGE_HIST xmlns="MESSAGE_HIST">
   <fname>DETAILS</fname>
   <type>VARCHAR (80)</type>
   <Default />
   <Null>Null</Null>
 </MESSAGE_HIST>
 <MESSAGE_HIST xmlns="MESSAGE_HIST">
   <fname>OPR_INITIALS</fname>
   <type>VARCHAR (10)</type>
   <Default />
   <Null>Null</Null>
 </MESSAGE_HIST>
 <MESSAGE_HIST xmlns="MESSAGE_HIST">
   <fname>AMOUNT</fname>
   <type>NUMERIC(21,3)</type>
   <Default />
   <Null>Null</Null>
 </MESSAGE_HIST>
 <MESSAGE_HIST xmlns="MESSAGE_HIST">
   <fname>MSG_INFO</fname>
   <type>VARCHAR (80)</type>
   <Default />
   <Null>Null</Null>
 </MESSAGE_HIST>
 <MESSAGE_HIST xmlns="MESSAGE_HIST">
   <fname>RECORD_EXPIRED</fname>
   <type>NUMERIC(23,0)</type>
   <Default />
   <Null>Null</Null>
 </MESSAGE_HIST>
 <MESSAGE_HIST xmlns="MESSAGE_HIST">
   <fname>RECORD_UPDATED</fname>
   <type>VARCHAR (1)</type>
   <Default />
   <Null>Not Null</Null>
 </MESSAGE_HIST>
 <MESSAGE_TEXT xmlns="MESSAGE_TEXT">
   <fname>TRN_DATE</fname>
   <type>DATETIME</type>
   <Default />
   <Null>Not Null</Null>
 </MESSAGE_TEXT>
 <MESSAGE_TEXT xmlns="MESSAGE_TEXT">
   <fname>TRN_NUMBER</fname>
   <type>INT</type>
   <Default />
   <Null>Not Null</Null>
 </MESSAGE_TEXT>
 <MESSAGE_TEXT xmlns="MESSAGE_TEXT">
   <fname>TEXT_TYPE</fname>
   <type>VARCHAR (1)</type>
   <Default />
   <Null>Not Null</Null>
 </MESSAGE_TEXT>
 <MESSAGE_TEXT xmlns="MESSAGE_TEXT">
   <fname>SEQUENCE_NO</fname>
   <type>NUMERIC(10,0)</type>
   <Default />
   <Null>Not Null</Null>
 </MESSAGE_TEXT>
 <MESSAGE_TEXT xmlns="MESSAGE_TEXT">
   <fname>DST_ORDINAL</fname>
   <type>NUMERIC(5,0)</type>
   <Default />
   <Null>Not Null</Null>
 </MESSAGE_TEXT>
 <MESSAGE_TEXT xmlns="MESSAGE_TEXT">
   <fname>TRN_TIMESTAMP</fname>
   <type>NUMERIC(23,0)</type>
   <Default />
   <Null>Not Null</Null>
 </MESSAGE_TEXT>
 <MESSAGE_TEXT xmlns="MESSAGE_TEXT">
   <fname>MESSAGE_TEXT</fname>
   <type>VARCHAR (80)</type>
   <Default />
   <Null>Null</Null>
 </MESSAGE_TEXT>
 <MESSAGE_TEXT xmlns="MESSAGE_TEXT">
   <fname>RECORD_EXPIRED</fname>
   <type>NUMERIC(23,0)</type>
   <Default />
   <Null>Null</Null>
 </MESSAGE_TEXT>
 <MESSAGE_TEXT xmlns="MESSAGE_TEXT">
   <fname>RECORD_UPDATED</fname>
   <type>VARCHAR (1)</type>
   <Default />
   <Null>Not Null</Null>
 </MESSAGE_TEXT>
 <MESSAGE_PR xmlns="MESSAGE_PR">
   <fname>TRN_DATE</fname>
   <type>DATETIME</type>
   <Default />
   <Null>Not Null</Null>
 </MESSAGE_PR>
 <MESSAGE_PR xmlns="MESSAGE_PR">
   <fname>TRN_NUMBER</fname>
   <type>INT</type>
   <Default />
   <Null>Not Null</Null>
 </MESSAGE_PR>
 <MESSAGE_PR xmlns="MESSAGE_PR">
   <fname>PR_SEQ_NUM</fname>
   <type>NUMERIC(10,0)</type>
   <Default />
   <Null>Not Null</Null>
 </MESSAGE_PR>
 <MESSAGE_PR xmlns="MESSAGE_PR">
   <fname>TRN_TIMESTAMP</fname>
   <type>NUMERIC(23,0)</type>
   <Default />
   <Null>Not Null</Null>
 </MESSAGE_PR>
 <MESSAGE_PR xmlns="MESSAGE_PR">
   <fname>PR_ORDINAL</fname>
   <type>NUMERIC(10,0)</type>
   <Default />
   <Null>Null</Null>
 </MESSAGE_PR>
 <MESSAGE_PR xmlns="MESSAGE_PR">
   <fname>PR_LEVEL</fname>
   <type>VARCHAR (20)</type>
   <Default />
   <Null>Null</Null>
 </MESSAGE_PR>
 <MESSAGE_PR xmlns="MESSAGE_PR">
   <fname>PR_SOURCE</fname>
   <type>VARCHAR (25)</type>
   <Default />
   <Null>Null</Null>
 </MESSAGE_PR>
 <MESSAGE_PR xmlns="MESSAGE_PR">
   <fname>PR_SOURCE_ID</fname>
   <type>VARCHAR (80)</type>
   <Default />
   <Null>Null</Null>
 </MESSAGE_PR>
 <MESSAGE_PR xmlns="MESSAGE_PR">
   <fname>PR_NAME</fname>
   <type>VARCHAR (80)</type>
   <Default />
   <Null>Null</Null>
 </MESSAGE_PR>
 <MESSAGE_PR xmlns="MESSAGE_PR">
   <fname>PR_TYPE</fname>
   <type>VARCHAR (80)</type>
   <Default />
   <Null>Null</Null>
 </MESSAGE_PR>
 <MESSAGE_PR xmlns="MESSAGE_PR">
   <fname>PR_TEXT</fname>
   <type>VARCHAR (80)</type>
   <Default />
   <Null>Null</Null>
 </MESSAGE_PR>
 <MESSAGE_PR xmlns="MESSAGE_PR">
   <fname>PR_EFFECTIVE_TIME</fname>
   <type>DATETIME</type>
   <Default />
   <Null>Null</Null>
 </MESSAGE_PR>
 <MESSAGE_PR xmlns="MESSAGE_PR">
   <fname>PR_EXPIRATION_TIME</fname>
   <type>DATETIME</type>
   <Default />
   <Null>Null</Null>
 </MESSAGE_PR>
 <MESSAGE_PR xmlns="MESSAGE_PR">
   <fname>PR_SUBTYPE</fname>
   <type>VARCHAR (80)</type>
   <Default />
   <Null>Null</Null>
 </MESSAGE_PR>
 <MESSAGE_PR xmlns="MESSAGE_PR">
   <fname>RECORD_EXPIRED</fname>
   <type>NUMERIC(23,0)</type>
   <Default />
   <Null>Null</Null>
 </MESSAGE_PR>
 <MESSAGE_PR xmlns="MESSAGE_PR">
   <fname>RECORD_UPDATED</fname>
   <type>CHAR</type>
   <Default />
   <Null>Not Null</Null>
 </MESSAGE_PR>
 <MESSAGE_PR_MCH xmlns="MESSAGE_PR_MCH">
   <fname>TRN_DATE</fname>
   <type>DATETIME</type>
   <Default />
   <Null>Not Null</Null>
 </MESSAGE_PR_MCH>
 <MESSAGE_PR_MCH xmlns="MESSAGE_PR_MCH">
   <fname>TRN_NUMBER</fname>
   <type>INT</type>
   <Default />
   <Null>Not Null</Null>
 </MESSAGE_PR_MCH>
 <MESSAGE_PR_MCH xmlns="MESSAGE_PR_MCH">
   <fname>PR_SEQ_NUM</fname>
   <type>NUMERIC(10,0)</type>
   <Default />
   <Null>Not Null</Null>
 </MESSAGE_PR_MCH>
 <MESSAGE_PR_MCH xmlns="MESSAGE_PR_MCH">
   <fname>PRMATCH_ID</fname>
   <type>VARCHAR (40)</type>
   <Default />
   <Null>Not Null</Null>
 </MESSAGE_PR_MCH>
 <MESSAGE_PR_MCH xmlns="MESSAGE_PR_MCH">
   <fname>PRMATCH_COND</fname>
   <type>VARCHAR (20)</type>
   <Default />
   <Null>Not Null</Null>
 </MESSAGE_PR_MCH>
 <MESSAGE_PR_MCH xmlns="MESSAGE_PR_MCH">
   <fname>PRMATCH_VALUE</fname>
   <type>VARCHAR (40)</type>
   <Default />
   <Null>Not Null</Null>
 </MESSAGE_PR_MCH>
 <MESSAGE_PR_MCH xmlns="MESSAGE_PR_MCH">
   <fname>TRN_TIMESTAMP</fname>
   <type>NUMERIC(23,0)</type>
   <Default />
   <Null>Not Null</Null>
 </MESSAGE_PR_MCH>
 <MESSAGE_PR_MCH xmlns="MESSAGE_PR_MCH">
   <fname>PRMATCH_LOGICAL</fname>
   <type>VARCHAR (10)</type>
   <Default />
   <Null>Null</Null>
 </MESSAGE_PR_MCH>
 <MESSAGE_PR_MCH xmlns="MESSAGE_PR_MCH">
   <fname>PRMATCH_ACTION</fname>
   <type>VARCHAR (80)</type>
   <Default />
   <Null>Null</Null>
 </MESSAGE_PR_MCH>
 <MESSAGE_PR_MCH xmlns="MESSAGE_PR_MCH">
   <fname>RECORD_EXPIRED</fname>
   <type>NUMERIC(23,0)</type>
   <Default />
   <Null>Null</Null>
 </MESSAGE_PR_MCH>
 <MESSAGE_PR_MCH xmlns="MESSAGE_PR_MCH">
   <fname>RECORD_UPDATED</fname>
   <type>CHAR</type>
   <Default />
   <Null>Not Null</Null>
 </MESSAGE_PR_MCH>
 <MESSAGE_PR_PVL xmlns="MESSAGE_PR_PVL">
   <fname>TRN_DATE</fname>
   <type>DATETIME</type>
   <Default />
   <Null>Not Null</Null>
 </MESSAGE_PR_PVL>
 <MESSAGE_PR_PVL xmlns="MESSAGE_PR_PVL">
   <fname>TRN_NUMBER</fname>
   <type>INT</type>
   <Default />
   <Null>Not Null</Null>
 </MESSAGE_PR_PVL>
 <MESSAGE_PR_PVL xmlns="MESSAGE_PR_PVL">
   <fname>PR_SEQ_NUM</fname>
   <type>NUMERIC(10,0)</type>
   <Default />
   <Null>Not Null</Null>
 </MESSAGE_PR_PVL>
 <MESSAGE_PR_PVL xmlns="MESSAGE_PR_PVL">
   <fname>PRPARM_ID</fname>
   <type>VARCHAR (40)</type>
   <Default />
   <Null>Not Null</Null>
 </MESSAGE_PR_PVL>
 <MESSAGE_PR_PVL xmlns="MESSAGE_PR_PVL">
   <fname>VALUE_SEQ_NUM</fname>
   <type>NUMERIC(10,0)</type>
   <Default />
   <Null>Not Null</Null>
 </MESSAGE_PR_PVL>
 <MESSAGE_PR_PVL xmlns="MESSAGE_PR_PVL">
   <fname>TRN_TIMESTAMP</fname>
   <type>NUMERIC(23,0)</type>
   <Default />
   <Null>Not Null</Null>
 </MESSAGE_PR_PVL>
 <MESSAGE_PR_PVL xmlns="MESSAGE_PR_PVL">
   <fname>PARAMETER_VALUES</fname>
   <type>VARCHAR (80)</type>
   <Default />
   <Null>Null</Null>
 </MESSAGE_PR_PVL>
 <MESSAGE_PR_PVL xmlns="MESSAGE_PR_PVL">
   <fname>RECORD_EXPIRED</fname>
   <type>NUMERIC(23,0)</type>
   <Default />
   <Null>Null</Null>
 </MESSAGE_PR_PVL>
 <MESSAGE_PR_PVL xmlns="MESSAGE_PR_PVL">
   <fname>RECORD_UPDATED</fname>
   <type>CHAR</type>
   <Default />
   <Null>Not Null</Null>
 </MESSAGE_PR_PVL>
 <MESSAGE_PR_PRM xmlns="MESSAGE_PR_PRM">
   <fname>TRN_DATE</fname>
   <type>DATETIME</type>
   <Default />
   <Null>Not Null</Null>
 </MESSAGE_PR_PRM>
 <MESSAGE_PR_PRM xmlns="MESSAGE_PR_PRM">
   <fname>TRN_NUMBER</fname>
   <type>INT</type>
   <Default />
   <Null>Not Null</Null>
 </MESSAGE_PR_PRM>
 <MESSAGE_PR_PRM xmlns="MESSAGE_PR_PRM">
   <fname>PR_SEQ_NUM</fname>
   <type>NUMERIC(10,0)</type>
   <Default />
   <Null>Not Null</Null>
 </MESSAGE_PR_PRM>
 <MESSAGE_PR_PRM xmlns="MESSAGE_PR_PRM">
   <fname>PRPARM_ID</fname>
   <type>VARCHAR (40)</type>
   <Default />
   <Null>Not Null</Null>
 </MESSAGE_PR_PRM>
 <MESSAGE_PR_PRM xmlns="MESSAGE_PR_PRM">
   <fname>TRN_TIMESTAMP</fname>
   <type>NUMERIC(23,0)</type>
   <Default />
   <Null>Not Null</Null>
 </MESSAGE_PR_PRM>
 <MESSAGE_PR_PRM xmlns="MESSAGE_PR_PRM">
   <fname>PRPARM_EDIT</fname>
   <type>VARCHAR (20)</type>
   <Default />
   <Null>Null</Null>
 </MESSAGE_PR_PRM>
 <MESSAGE_PR_PRM xmlns="MESSAGE_PR_PRM">
   <fname>PRPARM_COUNT</fname>
   <type>NUMERIC(10,0)</type>
   <Default />
   <Null>Null</Null>
 </MESSAGE_PR_PRM>
 <MESSAGE_PR_PRM xmlns="MESSAGE_PR_PRM">
   <fname>RECORD_EXPIRED</fname>
   <type>NUMERIC(23,0)</type>
   <Default />
   <Null>Null</Null>
 </MESSAGE_PR_PRM>
 <MESSAGE_PR_PRM xmlns="MESSAGE_PR_PRM">
   <fname>RECORD_UPDATED</fname>
   <type>CHAR</type>
   <Default />
   <Null>Not Null</Null>
 </MESSAGE_PR_PRM>
 <MESSAGE_REL_AMT xmlns="MESSAGE_REL_AMT">
   <fname>TRN_DATE</fname>
   <type>DATETIME</type>
   <Default />
   <Null>Not Null</Null>
 </MESSAGE_REL_AMT>
 <MESSAGE_REL_AMT xmlns="MESSAGE_REL_AMT">
   <fname>TRN_NUMBER</fname>
   <type>INT</type>
   <Default />
   <Null>Not Null</Null>
 </MESSAGE_REL_AMT>
 <MESSAGE_REL_AMT xmlns="MESSAGE_REL_AMT">
   <fname>SEQUENCE_NO</fname>
   <type>NUMERIC(10,0)</type>
   <Default />
   <Null>Not Null</Null>
 </MESSAGE_REL_AMT>
 <MESSAGE_REL_AMT xmlns="MESSAGE_REL_AMT">
   <fname>TRN_TIMESTAMP</fname>
   <type>NUMERIC(23,0)</type>
   <Default />
   <Null>Not Null</Null>
 </MESSAGE_REL_AMT>
 <MESSAGE_REL_AMT xmlns="MESSAGE_REL_AMT">
   <fname>AMT_CODEWORD</fname>
   <type>VARCHAR (80)</type>
   <Default />
   <Null>Null</Null>
 </MESSAGE_REL_AMT>
 <MESSAGE_REL_AMT xmlns="MESSAGE_REL_AMT">
   <fname>AMOUNT</fname>
   <type>NUMERIC(21,3)</type>
   <Default />
   <Null>Null</Null>
 </MESSAGE_REL_AMT>
 <MESSAGE_REL_AMT xmlns="MESSAGE_REL_AMT">
   <fname>CURR</fname>
   <type>VARCHAR (3)</type>
   <Default />
   <Null>Null</Null>
 </MESSAGE_REL_AMT>
 <MESSAGE_REL_AMT xmlns="MESSAGE_REL_AMT">
   <fname>MEMO</fname>
   <type>VARCHAR (80)</type>
   <Default />
   <Null>Null</Null>
 </MESSAGE_REL_AMT>
 <MESSAGE_REL_AMT xmlns="MESSAGE_REL_AMT">
   <fname>RECORD_EXPIRED</fname>
   <type>NUMERIC(23,0)</type>
   <Default />
   <Null>Null</Null>
 </MESSAGE_REL_AMT>
 <MESSAGE_REL_AMT xmlns="MESSAGE_REL_AMT">
   <fname>RECORD_UPDATED</fname>
   <type>VARCHAR (1)</type>
   <Default />
   <Null>Not Null</Null>
 </MESSAGE_REL_AMT>
 <MESSAGE_QUEUE xmlns="MESSAGE_QUEUE">
   <fname>QUEUE_PROD_ID</fname>
   <type>VARCHAR (3)</type>
   <Default />
   <Null>Not Null</Null>
 </MESSAGE_QUEUE>
 <MESSAGE_QUEUE xmlns="MESSAGE_QUEUE">
   <fname>QUEUE_BANK_ID</fname>
   <type>VARCHAR (3)</type>
   <Default />
   <Null>Not Null</Null>
 </MESSAGE_QUEUE>
 <MESSAGE_QUEUE xmlns="MESSAGE_QUEUE">
   <fname>QUEUE_LOC</fname>
   <type>VARCHAR (6)</type>
   <Default />
   <Null>Not Null</Null>
 </MESSAGE_QUEUE>
 <MESSAGE_QUEUE xmlns="MESSAGE_QUEUE">
   <fname>QUEUE_CUST</fname>
   <type>VARCHAR (20)</type>
   <Default />
   <Null>Not Null</Null>
 </MESSAGE_QUEUE>
 <MESSAGE_QUEUE xmlns="MESSAGE_QUEUE">
   <fname>QUEUE_NAME</fname>
   <type>VARCHAR (33)</type>
   <Default />
   <Null>Not Null</Null>
 </MESSAGE_QUEUE>
 <MESSAGE_QUEUE xmlns="MESSAGE_QUEUE">
   <fname>TRN_DATE</fname>
   <type>DATETIME</type>
   <Default />
   <Null>Not Null</Null>
 </MESSAGE_QUEUE>
 <MESSAGE_QUEUE xmlns="MESSAGE_QUEUE">
   <fname>TRN_NUMBER</fname>
   <type>INT</type>
   <Default />
   <Null>Not Null</Null>
 </MESSAGE_QUEUE>
 <MESSAGE_QUEUE xmlns="MESSAGE_QUEUE">
   <fname>TRN_TIMESTAMP</fname>
   <type>DATETIME</type>
   <Default />
   <Null>Not Null</Null>
 </MESSAGE_QUEUE>
 <MESSAGE_QUEUE xmlns="MESSAGE_QUEUE">
   <fname>RECORD_EXPIRED</fname>
   <type>VARCHAR (16)</type>
   <Default />
   <Null>Null</Null>
 </MESSAGE_QUEUE>
 <MESSAGE_QUEUE xmlns="MESSAGE_QUEUE">
   <fname>RECORD_UPDATED</fname>
   <type>VARCHAR (1)</type>
   <Default />
   <Null>Not Null</Null>
 </MESSAGE_QUEUE>
 <MESSAGE_QUEUE xmlns="MESSAGE_QUEUE">
   <fname>FUTURE_DATE</fname>
   <type>DATETIME</type>
   <Default />
   <Null>Null</Null>
 </MESSAGE_QUEUE>
 <MESSAGE_QUEUE xmlns="MESSAGE_QUEUE">
   <fname>RLS_ACTION</fname>
   <type>VARCHAR (25)</type>
   <Default />
   <Null>Null</Null>
 </MESSAGE_QUEUE>
</RGWTables>
