﻿<?xml version="1.0" standalone="yes"?>
<RGWTables>
 <MESSAGE_CR xmlns="MESSAGE_CR">
   <fname>TRN_DATE</fname>
   <type>DATETIME</type>
   <Default />
   <Null>Not Null</Null>
 </MESSAGE_CR>
 <MESSAGE_CR xmlns="MESSAGE_CR">
   <fname>TRN_NUMBER</fname>
   <type>INT</type>
   <Default />
   <Null>Not Null</Null>
 </MESSAGE_CR>
 <MESSAGE_CR xmlns="MESSAGE_CR">
   <fname>TRN_TIMESTAMP</fname>
   <type>NUMERIC(23)</type>
   <Default />
   <Null>Not Null</Null>
 </MESSAGE_CR>
 <MESSAGE_CR xmlns="MESSAGE_CR">
   <fname>CDT_IDTYPE</fname>
   <type>VARCHAR (1)</type>
   <Default />
   <Null>Null</Null>
 </MESSAGE_CR>
 <MESSAGE_CR xmlns="MESSAGE_CR">
   <fname>CDT_ID</fname>
   <type>VARCHAR (64)</type>
   <Default />
   <Null>Null</Null>
 </MESSAGE_CR>
 <MESSAGE_CR xmlns="MESSAGE_CR">
   <fname>CDT_NAME1</fname>
   <type>VARCHAR (35)</type>
   <Default />
   <Null>Null</Null>
 </MESSAGE_CR>
 <MESSAGE_CR xmlns="MESSAGE_CR">
   <fname>CDT_NAME2</fname>
   <type>VARCHAR (35)</type>
   <Default />
   <Null>Null</Null>
 </MESSAGE_CR>
 <MESSAGE_CR xmlns="MESSAGE_CR">
   <fname>CDT_NAME3</fname>
   <type>VARCHAR (35)</type>
   <Default />
   <Null>Null</Null>
 </MESSAGE_CR>
 <MESSAGE_CR xmlns="MESSAGE_CR">
   <fname>CDT_NAME4</fname>
   <type>VARCHAR (35)</type>
   <Default />
   <Null>Null</Null>
 </MESSAGE_CR>
 <MESSAGE_CR xmlns="MESSAGE_CR">
   <fname>CDT_NOF_FLAG</fname>
   <type>VARCHAR (1)</type>
   <Default />
   <Null>Null</Null>
 </MESSAGE_CR>
 <MESSAGE_CR xmlns="MESSAGE_CR">
   <fname>CDT_TRAN_NAME_C1</fname>
   <type>VARCHAR (8)</type>
   <Default />
   <Null>Null</Null>
 </MESSAGE_CR>
 <MESSAGE_CR xmlns="MESSAGE_CR">
   <fname>CDT_TRAN_NAME_C2</fname>
   <type>VARCHAR (8)</type>
   <Default />
   <Null>Null</Null>
 </MESSAGE_CR>
 <MESSAGE_CR xmlns="MESSAGE_CR">
   <fname>CDT_TRAN_NAME_C3</fname>
   <type>VARCHAR (8)</type>
   <Default />
   <Null>Null</Null>
 </MESSAGE_CR>
 <MESSAGE_CR xmlns="MESSAGE_CR">
   <fname>CDT_TRAN_NAME_C4</fname>
   <type>VARCHAR (8)</type>
   <Default />
   <Null>Null</Null>
 </MESSAGE_CR>
 <MESSAGE_CR xmlns="MESSAGE_CR">
   <fname>CDT_TRAN_NAME_C5</fname>
   <type>VARCHAR (8)</type>
   <Default />
   <Null>Null</Null>
 </MESSAGE_CR>
 <MESSAGE_CR xmlns="MESSAGE_CR">
   <fname>CDT_TRAN_NAME_C6</fname>
   <type>VARCHAR (8)</type>
   <Default />
   <Null>Null</Null>
 </MESSAGE_CR>
 <MESSAGE_CR xmlns="MESSAGE_CR">
   <fname>CDT_TRAN_NAME_C7</fname>
   <type>VARCHAR (8)</type>
   <Default />
   <Null>Null</Null>
 </MESSAGE_CR>
 <MESSAGE_CR xmlns="MESSAGE_CR">
   <fname>CDT_TRAN_NAME_C8</fname>
   <type>VARCHAR (8)</type>
   <Default />
   <Null>Null</Null>
 </MESSAGE_CR>
 <MESSAGE_CR xmlns="MESSAGE_CR">
   <fname>CDT_TRAN_NAME_C9</fname>
   <type>VARCHAR (8)</type>
   <Default />
   <Null>Null</Null>
 </MESSAGE_CR>
 <MESSAGE_CR xmlns="MESSAGE_CR">
   <fname>CDT_TRAN_NAME_C10</fname>
   <type>VARCHAR (8)</type>
   <Default />
   <Null>Null</Null>
 </MESSAGE_CR>
 <MESSAGE_CR xmlns="MESSAGE_CR">
   <fname>CDT_DEPT</fname>
   <type>VARCHAR (20)</type>
   <Default />
   <Null>Null</Null>
 </MESSAGE_CR>
 <MESSAGE_CR xmlns="MESSAGE_CR">
   <fname>CDT_SERIAL</fname>
   <type>VARCHAR (10)</type>
   <Default />
   <Null>Null</Null>
 </MESSAGE_CR>
 <MESSAGE_CR xmlns="MESSAGE_CR">
   <fname>CDT_ACCTG_IDTYPE</fname>
   <type>VARCHAR (1)</type>
   <Default />
   <Null>Null</Null>
 </MESSAGE_CR>
 <MESSAGE_CR xmlns="MESSAGE_CR">
   <fname>CDT_ACCTG_SLASH</fname>
   <type>VARCHAR (1)</type>
   <Default />
   <Null>Null</Null>
 </MESSAGE_CR>
 <MESSAGE_CR xmlns="MESSAGE_CR">
   <fname>CDT_ACCTG_ACCOUNT</fname>
   <type>VARCHAR (30)</type>
   <Default />
   <Null>Null</Null>
 </MESSAGE_CR>
 <MESSAGE_CR xmlns="MESSAGE_CR">
   <fname>CDT_DISTRICT</fname>
   <type>VARCHAR (2)</type>
   <Default />
   <Null>Null</Null>
 </MESSAGE_CR>
 <MESSAGE_CR xmlns="MESSAGE_CR">
   <fname>CDT_OFFICE</fname>
   <type>VARCHAR (10)</type>
   <Default />
   <Null>Null</Null>
 </MESSAGE_CR>
 <MESSAGE_CR xmlns="MESSAGE_CR">
   <fname>CDT_ACC_CLASS</fname>
   <type>VARCHAR (6)</type>
   <Default />
   <Null>Null</Null>
 </MESSAGE_CR>
 <MESSAGE_CR xmlns="MESSAGE_CR">
   <fname>CDT_ADR_COUNTRY</fname>
   <type>VARCHAR (2)</type>
   <Default />
   <Null>Null</Null>
 </MESSAGE_CR>
 <MESSAGE_CR xmlns="MESSAGE_CR">
   <fname>CDT_ADR_TYPE</fname>
   <type>VARCHAR (1)</type>
   <Default />
   <Null>Null</Null>
 </MESSAGE_CR>
 <MESSAGE_CR xmlns="MESSAGE_CR">
   <fname>CDT_ADR_SUBTYP</fname>
   <type>VARCHAR (3)</type>
   <Default />
   <Null>Null</Null>
 </MESSAGE_CR>
 <MESSAGE_CR xmlns="MESSAGE_CR">
   <fname>CDT_SEC_ACCTG_FLG</fname>
   <type>NUMERIC(10,0)</type>
   <Default />
   <Null>Null</Null>
 </MESSAGE_CR>
 <MESSAGE_CR xmlns="MESSAGE_CR">
   <fname>CDT_SEC_ACCTG_AMT</fname>
   <type>NUMERIC(21,3)</type>
   <Default />
   <Null>Null</Null>
 </MESSAGE_CR>
 <MESSAGE_CR xmlns="MESSAGE_CR">
   <fname>CDT_TER_ACCTG_FLG</fname>
   <type>NUMERIC(10,0)</type>
   <Default />
   <Null>Null</Null>
 </MESSAGE_CR>
 <MESSAGE_CR xmlns="MESSAGE_CR">
   <fname>CDT_TER_ACCTG_AMT</fname>
   <type>NUMERIC(21,3)</type>
   <Default />
   <Null>Null</Null>
 </MESSAGE_CR>
 <MESSAGE_CR xmlns="MESSAGE_CR">
   <fname>CDT_HOLD_FLG</fname>
   <type>VARCHAR (1)</type>
   <Default />
   <Null>Null</Null>
 </MESSAGE_CR>
 <MESSAGE_CR xmlns="MESSAGE_CR">
   <fname>CDT_AMOUNT</fname>
   <type>NUMERIC(21,3)</type>
   <Default />
   <Null>Null</Null>
 </MESSAGE_CR>
 <MESSAGE_CR xmlns="MESSAGE_CR">
   <fname>CDT_CURRENCY</fname>
   <type>VARCHAR (3)</type>
   <Default />
   <Null>Null</Null>
 </MESSAGE_CR>
 <MESSAGE_CR xmlns="MESSAGE_CR">
   <fname>CDT_SHNAM</fname>
   <type>VARCHAR (20)</type>
   <Default />
   <Null>Null</Null>
 </MESSAGE_CR>
 <MESSAGE_CR xmlns="MESSAGE_CR">
   <fname>CDT_RT_CODE</fname>
   <type>VARCHAR (6)</type>
   <Default />
   <Null>Null</Null>
 </MESSAGE_CR>
 <MESSAGE_CR xmlns="MESSAGE_CR">
   <fname>CDT_ADV_INST1</fname>
   <type>VARCHAR (35)</type>
   <Default />
   <Null>Null</Null>
 </MESSAGE_CR>
 <MESSAGE_CR xmlns="MESSAGE_CR">
   <fname>CDT_ADV_INST2</fname>
   <type>VARCHAR (35)</type>
   <Default />
   <Null>Null</Null>
 </MESSAGE_CR>
 <MESSAGE_CR xmlns="MESSAGE_CR">
   <fname>CDT_ADV_INST3</fname>
   <type>VARCHAR (35)</type>
   <Default />
   <Null>Null</Null>
 </MESSAGE_CR>
 <MESSAGE_CR xmlns="MESSAGE_CR">
   <fname>CDT_SEC_SUB_ACCT</fname>
   <type>VARCHAR (61)</type>
   <Default />
   <Null>Null</Null>
 </MESSAGE_CR>
 <MESSAGE_CR xmlns="MESSAGE_CR">
   <fname>CDT_ACC_PROD_CODE</fname>
   <type>VARCHAR (20)</type>
   <Default />
   <Null>Null</Null>
 </MESSAGE_CR>
 <MESSAGE_CR xmlns="MESSAGE_CR">
   <fname>CDT_DELIVERY_FLG</fname>
   <type>VARCHAR (1)</type>
   <Default />
   <Null>Null</Null>
 </MESSAGE_CR>
 <MESSAGE_CR xmlns="MESSAGE_CR">
   <fname>CDT_ACC_PARENT</fname>
   <type>VARCHAR (10)</type>
   <Default />
   <Null>Null</Null>
 </MESSAGE_CR>
 <MESSAGE_CR xmlns="MESSAGE_CR">
   <fname>CDT_RECON_REF</fname>
   <type>VARCHAR (12)</type>
   <Default />
   <Null>Null</Null>
 </MESSAGE_CR>
 <MESSAGE_CR xmlns="MESSAGE_CR">
   <fname>CDT_CUSTOMER_ID</fname>
   <type>VARCHAR (20)</type>
   <Default />
   <Null>Null</Null>
 </MESSAGE_CR>
 <MESSAGE_CR xmlns="MESSAGE_CR">
   <fname>BBK_IDTYPE</fname>
   <type>VARCHAR (1)</type>
   <Default />
   <Null>Null</Null>
 </MESSAGE_CR>
 <MESSAGE_CR xmlns="MESSAGE_CR">
   <fname>BBK_ID</fname>
   <type>VARCHAR (64)</type>
   <Default />
   <Null>Null</Null>
 </MESSAGE_CR>
 <MESSAGE_CR xmlns="MESSAGE_CR">
   <fname>BBK_NAME1</fname>
   <type>VARCHAR (35)</type>
   <Default />
   <Null>Null</Null>
 </MESSAGE_CR>
 <MESSAGE_CR xmlns="MESSAGE_CR">
   <fname>BBK_NAME2</fname>
   <type>VARCHAR (35)</type>
   <Default />
   <Null>Null</Null>
 </MESSAGE_CR>
 <MESSAGE_CR xmlns="MESSAGE_CR">
   <fname>BBK_NAME3</fname>
   <type>VARCHAR (35)</type>
   <Default />
   <Null>Null</Null>
 </MESSAGE_CR>
 <MESSAGE_CR xmlns="MESSAGE_CR">
   <fname>BBK_NAME4</fname>
   <type>VARCHAR (35)</type>
   <Default />
   <Null>Null</Null>
 </MESSAGE_CR>
 <MESSAGE_CR xmlns="MESSAGE_CR">
   <fname>BBK_ADV_INST1</fname>
   <type>VARCHAR (35)</type>
   <Default />
   <Null>Null</Null>
 </MESSAGE_CR>
 <MESSAGE_CR xmlns="MESSAGE_CR">
   <fname>BBK_ADV_INST2</fname>
   <type>VARCHAR (35)</type>
   <Default />
   <Null>Null</Null>
 </MESSAGE_CR>
 <MESSAGE_CR xmlns="MESSAGE_CR">
   <fname>BBK_ADV_INST3</fname>
   <type>VARCHAR (35)</type>
   <Default />
   <Null>Null</Null>
 </MESSAGE_CR>
 <MESSAGE_CR xmlns="MESSAGE_CR">
   <fname>BBK_SECWIR</fname>
   <type>VARCHAR (1)</type>
   <Default />
   <Null>Null</Null>
 </MESSAGE_CR>
 <MESSAGE_CR xmlns="MESSAGE_CR">
   <fname>BNP_IDTYPE</fname>
   <type>VARCHAR (1)</type>
   <Default />
   <Null>Null</Null>
 </MESSAGE_CR>
 <MESSAGE_CR xmlns="MESSAGE_CR">
   <fname>BNP_ID</fname>
   <type>VARCHAR (64)</type>
   <Default />
   <Null>Null</Null>
 </MESSAGE_CR>
 <MESSAGE_CR xmlns="MESSAGE_CR">
   <fname>BNP_NAME1</fname>
   <type>VARCHAR (35)</type>
   <Default />
   <Null>Null</Null>
 </MESSAGE_CR>
 <MESSAGE_CR xmlns="MESSAGE_CR">
   <fname>BNP_NAME2</fname>
   <type>VARCHAR (35)</type>
   <Default />
   <Null>Null</Null>
 </MESSAGE_CR>
 <MESSAGE_CR xmlns="MESSAGE_CR">
   <fname>BNP_NAME3</fname>
   <type>VARCHAR (35)</type>
   <Default />
   <Null>Null</Null>
 </MESSAGE_CR>
 <MESSAGE_CR xmlns="MESSAGE_CR">
   <fname>BNP_NAME4</fname>
   <type>VARCHAR (35)</type>
   <Default />
   <Null>Null</Null>
 </MESSAGE_CR>
 <MESSAGE_CR xmlns="MESSAGE_CR">
   <fname>BNP_ADV_INST1</fname>
   <type>VARCHAR (35)</type>
   <Default />
   <Null>Null</Null>
 </MESSAGE_CR>
 <MESSAGE_CR xmlns="MESSAGE_CR">
   <fname>BNP_ADV_INST2</fname>
   <type>VARCHAR (35)</type>
   <Default />
   <Null>Null</Null>
 </MESSAGE_CR>
 <MESSAGE_CR xmlns="MESSAGE_CR">
   <fname>BNP_ADV_INST3</fname>
   <type>VARCHAR (35)</type>
   <Default />
   <Null>Null</Null>
 </MESSAGE_CR>
 <MESSAGE_CR xmlns="MESSAGE_CR">
   <fname>BNP_BNK_FLG</fname>
   <type>VARCHAR (1)</type>
   <Default />
   <Null>Null</Null>
 </MESSAGE_CR>
 <MESSAGE_CR xmlns="MESSAGE_CR">
   <fname>BNP_CHARGE_FLG</fname>
   <type>VARCHAR (1)</type>
   <Default />
   <Null>Null</Null>
 </MESSAGE_CR>
 <MESSAGE_CR xmlns="MESSAGE_CR">
   <fname>IBK_IDTYPE</fname>
   <type>VARCHAR (1)</type>
   <Default />
   <Null>Null</Null>
 </MESSAGE_CR>
 <MESSAGE_CR xmlns="MESSAGE_CR">
   <fname>IBK_ID</fname>
   <type>VARCHAR (64)</type>
   <Default />
   <Null>Null</Null>
 </MESSAGE_CR>
 <MESSAGE_CR xmlns="MESSAGE_CR">
   <fname>IBK_NAME1</fname>
   <type>VARCHAR (35)</type>
   <Default />
   <Null>Null</Null>
 </MESSAGE_CR>
 <MESSAGE_CR xmlns="MESSAGE_CR">
   <fname>IBK_NAME2</fname>
   <type>VARCHAR (35)</type>
   <Default />
   <Null>Null</Null>
 </MESSAGE_CR>
 <MESSAGE_CR xmlns="MESSAGE_CR">
   <fname>IBK_NAME3</fname>
   <type>VARCHAR (35)</type>
   <Default />
   <Null>Null</Null>
 </MESSAGE_CR>
 <MESSAGE_CR xmlns="MESSAGE_CR">
   <fname>IBK_NAME4</fname>
   <type>VARCHAR (35)</type>
   <Default />
   <Null>Null</Null>
 </MESSAGE_CR>
 <MESSAGE_CR xmlns="MESSAGE_CR">
   <fname>IBK_ADV_INST1</fname>
   <type>VARCHAR (35)</type>
   <Default />
   <Null>Null</Null>
 </MESSAGE_CR>
 <MESSAGE_CR xmlns="MESSAGE_CR">
   <fname>IBK_ADV_INST2</fname>
   <type>VARCHAR (35)</type>
   <Default />
   <Null>Null</Null>
 </MESSAGE_CR>
 <MESSAGE_CR xmlns="MESSAGE_CR">
   <fname>IBK_ADV_INST3</fname>
   <type>VARCHAR (35)</type>
   <Default />
   <Null>Null</Null>
 </MESSAGE_CR>
 <MESSAGE_CR xmlns="MESSAGE_CR">
   <fname>IBK_SECWIR</fname>
   <type>VARCHAR (1)</type>
   <Default />
   <Null>Null</Null>
 </MESSAGE_CR>
 <MESSAGE_CR xmlns="MESSAGE_CR">
   <fname>IB1_IDTYPE</fname>
   <type>VARCHAR (1)</type>
   <Default />
   <Null>Null</Null>
 </MESSAGE_CR>
 <MESSAGE_CR xmlns="MESSAGE_CR">
   <fname>IB1_IB1_ID</fname>
   <type>VARCHAR (64)</type>
   <Default />
   <Null>Null</Null>
 </MESSAGE_CR>
 <MESSAGE_CR xmlns="MESSAGE_CR">
   <fname>IB1_NAME1</fname>
   <type>VARCHAR (35)</type>
   <Default />
   <Null>Null</Null>
 </MESSAGE_CR>
 <MESSAGE_CR xmlns="MESSAGE_CR">
   <fname>IB1_NAME2</fname>
   <type>VARCHAR (35)</type>
   <Default />
   <Null>Null</Null>
 </MESSAGE_CR>
 <MESSAGE_CR xmlns="MESSAGE_CR">
   <fname>IB1_NAME3</fname>
   <type>VARCHAR (35)</type>
   <Default />
   <Null>Null</Null>
 </MESSAGE_CR>
 <MESSAGE_CR xmlns="MESSAGE_CR">
   <fname>IB1_NAME4</fname>
   <type>VARCHAR (35)</type>
   <Default />
   <Null>Null</Null>
 </MESSAGE_CR>
 <MESSAGE_CR xmlns="MESSAGE_CR">
   <fname>IB1_ADV_INST1</fname>
   <type>VARCHAR (35)</type>
   <Default />
   <Null>Null</Null>
 </MESSAGE_CR>
 <MESSAGE_CR xmlns="MESSAGE_CR">
   <fname>IB1_ADV_INST2</fname>
   <type>VARCHAR (35)</type>
   <Default />
   <Null>Null</Null>
 </MESSAGE_CR>
 <MESSAGE_CR xmlns="MESSAGE_CR">
   <fname>IB1_ADV_INST3</fname>
   <type>VARCHAR (35)</type>
   <Default />
   <Null>Null</Null>
 </MESSAGE_CR>
 <MESSAGE_CR xmlns="MESSAGE_CR">
   <fname>ORP_BEN_INF1</fname>
   <type>VARCHAR (35)</type>
   <Default />
   <Null>Null</Null>
 </MESSAGE_CR>
 <MESSAGE_CR xmlns="MESSAGE_CR">
   <fname>ORP_BEN_INF2</fname>
   <type>VARCHAR (35)</type>
   <Default />
   <Null>Null</Null>
 </MESSAGE_CR>
 <MESSAGE_CR xmlns="MESSAGE_CR">
   <fname>ORP_BEN_INF3</fname>
   <type>VARCHAR (35)</type>
   <Default />
   <Null>Null</Null>
 </MESSAGE_CR>
 <MESSAGE_CR xmlns="MESSAGE_CR">
   <fname>ORP_BEN_INF4</fname>
   <type>VARCHAR (35)</type>
   <Default />
   <Null>Null</Null>
 </MESSAGE_CR>
 <MESSAGE_CR xmlns="MESSAGE_CR">
   <fname>RECORD_EXPIRED</fname>
   <type>NUMERIC(23)</type>
   <Default />
   <Null>Null</Null>
 </MESSAGE_CR>
 <MESSAGE_CR xmlns="MESSAGE_CR">
   <fname>RECORD_UPDATED</fname>
   <type>VARCHAR (1)</type>
   <Default />
   <Null>Not Null</Null>
 </MESSAGE_CR>
 <MESSAGE_CR xmlns="MESSAGE_CR">
   <fname>IB1_CHIPS_UPTO</fname>
   <type>NUMERIC(10,0)</type>
   <Default />
   <Null>Null</Null>
 </MESSAGE_CR>
 <MESSAGE_CR xmlns="MESSAGE_CR">
   <fname>IB1_CHIPS_QUAL</fname>
   <type>NUMERIC(10,0)</type>
   <Default />
   <Null>Null</Null>
 </MESSAGE_CR>
 <MESSAGE_CR xmlns="MESSAGE_CR">
   <fname>IBK_CHIPS_UPTO</fname>
   <type>NUMERIC(10,0)</type>
   <Default />
   <Null>Null</Null>
 </MESSAGE_CR>
 <MESSAGE_CR xmlns="MESSAGE_CR">
   <fname>IBK_CHIPS_QUAL</fname>
   <type>NUMERIC(10,0)</type>
   <Default />
   <Null>Null</Null>
 </MESSAGE_CR>
 <MESSAGE_CR xmlns="MESSAGE_CR">
   <fname>BBK_CHIPS_UPTO</fname>
   <type>NUMERIC(10,0)</type>
   <Default />
   <Null>Null</Null>
 </MESSAGE_CR>
 <MESSAGE_CR xmlns="MESSAGE_CR">
   <fname>BBK_CHIPS_QUAL</fname>
   <type>NUMERIC(10,0)</type>
   <Default />
   <Null>Null</Null>
 </MESSAGE_CR>
 <MESSAGE_CR xmlns="MESSAGE_CR">
   <fname>BNP_CHIPS_UPTO</fname>
   <type>NUMERIC(10,0)</type>
   <Default />
   <Null>Null</Null>
 </MESSAGE_CR>
 <MESSAGE_CR xmlns="MESSAGE_CR">
   <fname>BNP_CHIPS_QUAL</fname>
   <type>NUMERIC(10,0)</type>
   <Default />
   <Null>Null</Null>
 </MESSAGE_CR>
 <MESSAGE_CR xmlns="MESSAGE_CR">
   <fname>CDT_CURRENCY_SUSP_FLG</fname>
   <type>VARCHAR (1)</type>
   <Default />
   <Null>Null</Null>
 </MESSAGE_CR>
 <MESSAGE_CR xmlns="MESSAGE_CR">
   <fname>CDT_LIM_FLG</fname>
   <type>VARCHAR (1)</type>
   <Default />
   <Null>Null</Null>
 </MESSAGE_CR>
 <MESSAGE_CR xmlns="MESSAGE_CR">
   <fname>CDT_EXCH_RATE</fname>
   <type>NUMERIC(29,11)</type>
   <Default />
   <Null>Null</Null>
 </MESSAGE_CR>
 <MESSAGE_CR xmlns="MESSAGE_CR">
   <fname>CDT_ADR_BNK_ID</fname>
   <type>VARCHAR (3)</type>
   <Default />
   <Null>Null</Null>
 </MESSAGE_CR>
 <MESSAGE_CR xmlns="MESSAGE_CR">
   <fname>CDT_REL_ID</fname>
   <type>VARCHAR (11)</type>
   <Default />
   <Null>Null</Null>
 </MESSAGE_CR>
 <MESSAGE_CR xmlns="MESSAGE_CR">
   <fname>CDT_ACC_COUNTRY</fname>
   <type>VARCHAR (2)</type>
   <Default />
   <Null>Null</Null>
 </MESSAGE_CR>
 <MESSAGE_CR xmlns="MESSAGE_CR">
   <fname>CDT_ADR_CLASS</fname>
   <type>VARCHAR (6)</type>
   <Default />
   <Null>Null</Null>
 </MESSAGE_CR>
 <MESSAGE_CR xmlns="MESSAGE_CR">
   <fname>CDT_ADR_CITY</fname>
   <type>VARCHAR (15)</type>
   <Default />
   <Null>Null</Null>
 </MESSAGE_CR>
 <MESSAGE_CR xmlns="MESSAGE_CR">
   <fname>CDT_ADV_TYP</fname>
   <type>VARCHAR (3)</type>
   <Default />
   <Null>Null</Null>
 </MESSAGE_CR>
 <MESSAGE_CR xmlns="MESSAGE_CR">
   <fname>CDT_ADR_ADV_TYPE</fname>
   <type>VARCHAR (3)</type>
   <Default />
   <Null>Null</Null>
 </MESSAGE_CR>
 <MESSAGE_CR xmlns="MESSAGE_CR">
   <fname>CDT_LOCATION</fname>
   <type>VARCHAR (6)</type>
   <Default />
   <Null>Null</Null>
 </MESSAGE_CR>
 <MESSAGE_CR xmlns="MESSAGE_CR">
   <fname>CDT_RT_STATE</fname>
   <type>VARCHAR (1)</type>
   <Default />
   <Null>Null</Null>
 </MESSAGE_CR>
 <MESSAGE_CR xmlns="MESSAGE_CR">
   <fname>CDT_WIR_IDTYPE</fname>
   <type>VARCHAR (1)</type>
   <Default />
   <Null>Null</Null>
 </MESSAGE_CR>
 <MESSAGE_CR xmlns="MESSAGE_CR">
   <fname>CDT_WIR_ID</fname>
   <type>VARCHAR (64)</type>
   <Default />
   <Null>Null</Null>
 </MESSAGE_CR>
 <MESSAGE_CR xmlns="MESSAGE_CR">
   <fname>PYMNT_ADV_TYPE</fname>
   <type>VARCHAR (3)</type>
   <Default />
   <Null>Null</Null>
 </MESSAGE_CR>
 <MESSAGE_CR xmlns="MESSAGE_CR">
   <fname>PYMNT_PHN_TIME</fname>
   <type>VARCHAR (4)</type>
   <Default />
   <Null>Null</Null>
 </MESSAGE_CR>
 <MESSAGE_CR xmlns="MESSAGE_CR">
   <fname>PYMNT_Q</fname>
   <type>VARCHAR (65)</type>
   <Default />
   <Null>Null</Null>
 </MESSAGE_CR>
 <MESSAGE_CR xmlns="MESSAGE_CR">
   <fname>CDT_PAY_FLG</fname>
   <type>VARCHAR (1)</type>
   <Default />
   <Null>Null</Null>
 </MESSAGE_CR>
 <MESSAGE_CR xmlns="MESSAGE_CR">
   <fname>CDT_SECWIR_FLG</fname>
   <type>VARCHAR (1)</type>
   <Default />
   <Null>Null</Null>
 </MESSAGE_CR>
 <MESSAGE_CR xmlns="MESSAGE_CR">
   <fname>CDT_ALT_SWIFT_FLG</fname>
   <type>VARCHAR (1)</type>
   <Default />
   <Null>Null</Null>
 </MESSAGE_CR>
 <MESSAGE_CR xmlns="MESSAGE_CR">
   <fname>CDT_ID_CHG_FLG</fname>
   <type>VARCHAR (1)</type>
   <Default />
   <Null>Null</Null>
 </MESSAGE_CR>
 <MESSAGE_CR xmlns="MESSAGE_CR">
   <fname>CDT_NOF_LOOKED_UP</fname>
   <type>VARCHAR (1)</type>
   <Default />
   <Null>Null</Null>
 </MESSAGE_CR>
 <MESSAGE_CR xmlns="MESSAGE_CR">
   <fname>IB1_ADR_BNK_ID</fname>
   <type>VARCHAR (3)</type>
   <Default />
   <Null>Null</Null>
 </MESSAGE_CR>
 <MESSAGE_CR xmlns="MESSAGE_CR">
   <fname>IB1_REL_ID</fname>
   <type>VARCHAR (11)</type>
   <Default />
   <Null>Null</Null>
 </MESSAGE_CR>
 <MESSAGE_CR xmlns="MESSAGE_CR">
   <fname>IB1_SECWIR</fname>
   <type>VARCHAR (1)</type>
   <Default />
   <Null>Null</Null>
 </MESSAGE_CR>
 <MESSAGE_CR xmlns="MESSAGE_CR">
   <fname>IBK_ADR_BNK_ID</fname>
   <type>VARCHAR (3)</type>
   <Default />
   <Null>Null</Null>
 </MESSAGE_CR>
 <MESSAGE_CR xmlns="MESSAGE_CR">
   <fname>IBK_REL_ID</fname>
   <type>VARCHAR (11)</type>
   <Default />
   <Null>Null</Null>
 </MESSAGE_CR>
 <MESSAGE_CR xmlns="MESSAGE_CR">
   <fname>BBK_ADR_BNK_ID</fname>
   <type>VARCHAR (3)</type>
   <Default />
   <Null>Null</Null>
 </MESSAGE_CR>
 <MESSAGE_CR xmlns="MESSAGE_CR">
   <fname>BBK_REL_ID</fname>
   <type>VARCHAR (11)</type>
   <Default />
   <Null>Null</Null>
 </MESSAGE_CR>
 <MESSAGE_CR xmlns="MESSAGE_CR">
   <fname>CDT_PAYSYS_FMT</fname>
   <type>VARCHAR (1)</type>
   <Default />
   <Null>Null</Null>
 </MESSAGE_CR>
 <MESSAGE_CR xmlns="MESSAGE_CR">
   <fname>CDT_STATE</fname>
   <type>VARCHAR (3)</type>
   <Default />
   <Null>Null</Null>
 </MESSAGE_CR>
 <MESSAGE_CR xmlns="MESSAGE_CR">
   <fname>CDT_POSTAL_CODE</fname>
   <type>VARCHAR (15)</type>
   <Default />
   <Null>Null</Null>
 </MESSAGE_CR>
 <MESSAGE_CR xmlns="MESSAGE_CR">
   <fname>CDT_RES_COUNTRY</fname>
   <type>VARCHAR (2)</type>
   <Default />
   <Null>Null</Null>
 </MESSAGE_CR>
 <MESSAGE_CR xmlns="MESSAGE_CR">
   <fname>CDT_REF_NUM</fname>
   <type>VARCHAR (16)</type>
   <Default />
   <Null>Null</Null>
 </MESSAGE_CR>
 <MESSAGE_CR xmlns="MESSAGE_CR">
   <fname>IBK_STATE</fname>
   <type>VARCHAR (3)</type>
   <Default />
   <Null>Null</Null>
 </MESSAGE_CR>
 <MESSAGE_CR xmlns="MESSAGE_CR">
   <fname>IBK_POSTAL_CODE</fname>
   <type>VARCHAR (15)</type>
   <Default />
   <Null>Null</Null>
 </MESSAGE_CR>
 <MESSAGE_CR xmlns="MESSAGE_CR">
   <fname>IBK_RES_COUNTRY</fname>
   <type>VARCHAR (2)</type>
   <Default />
   <Null>Null</Null>
 </MESSAGE_CR>
 <MESSAGE_CR xmlns="MESSAGE_CR">
   <fname>IBK_REF_NUM</fname>
   <type>VARCHAR (16)</type>
   <Default />
   <Null>Null</Null>
 </MESSAGE_CR>
 <MESSAGE_CR xmlns="MESSAGE_CR">
   <fname>IB1_STATE</fname>
   <type>VARCHAR (3)</type>
   <Default />
   <Null>Null</Null>
 </MESSAGE_CR>
 <MESSAGE_CR xmlns="MESSAGE_CR">
   <fname>IB1_POSTAL_CODE</fname>
   <type>VARCHAR (15)</type>
   <Default />
   <Null>Null</Null>
 </MESSAGE_CR>
 <MESSAGE_CR xmlns="MESSAGE_CR">
   <fname>IB1_RES_COUNTRY</fname>
   <type>VARCHAR (2)</type>
   <Default />
   <Null>Null</Null>
 </MESSAGE_CR>
 <MESSAGE_CR xmlns="MESSAGE_CR">
   <fname>IB1_REF_NUM</fname>
   <type>VARCHAR (16)</type>
   <Default />
   <Null>Null</Null>
 </MESSAGE_CR>
 <MESSAGE_CR xmlns="MESSAGE_CR">
   <fname>BBK_STATE</fname>
   <type>VARCHAR (3)</type>
   <Default />
   <Null>Null</Null>
 </MESSAGE_CR>
 <MESSAGE_CR xmlns="MESSAGE_CR">
   <fname>BBK_POSTAL_CODE</fname>
   <type>VARCHAR (15)</type>
   <Default />
   <Null>Null</Null>
 </MESSAGE_CR>
 <MESSAGE_CR xmlns="MESSAGE_CR">
   <fname>BBK_RES_COUNTRY</fname>
   <type>VARCHAR (2)</type>
   <Default />
   <Null>Null</Null>
 </MESSAGE_CR>
 <MESSAGE_CR xmlns="MESSAGE_CR">
   <fname>BBK_REF_NUM</fname>
   <type>VARCHAR (16)</type>
   <Default />
   <Null>Null</Null>
 </MESSAGE_CR>
 <MESSAGE_CR xmlns="MESSAGE_CR">
   <fname>BNP_STATE</fname>
   <type>VARCHAR (3)</type>
   <Default />
   <Null>Null</Null>
 </MESSAGE_CR>
 <MESSAGE_CR xmlns="MESSAGE_CR">
   <fname>BNP_POSTAL_CODE</fname>
   <type>VARCHAR (15)</type>
   <Default />
   <Null>Null</Null>
 </MESSAGE_CR>
 <MESSAGE_CR xmlns="MESSAGE_CR">
   <fname>BNP_RES_COUNTRY</fname>
   <type>VARCHAR (2)</type>
   <Default />
   <Null>Null</Null>
 </MESSAGE_CR>
 <MESSAGE_CR xmlns="MESSAGE_CR">
   <fname>BNP_REF_NUM</fname>
   <type>VARCHAR (16)</type>
   <Default />
   <Null>Null</Null>
 </MESSAGE_CR>
 <MESSAGE_CR xmlns="MESSAGE_CR">
   <fname>BNP_MAILING_COUNTRY</fname>
   <type>VARCHAR (2)</type>
   <Default />
   <Null>Null</Null>
 </MESSAGE_CR>
 <MESSAGE_CR xmlns="MESSAGE_CR">
   <fname>REGULATORY_REPORT1</fname>
   <type>VARCHAR (35)</type>
   <Default />
   <Null>Null</Null>
 </MESSAGE_CR>
 <MESSAGE_CR xmlns="MESSAGE_CR">
   <fname>REGULATORY_REPORT2</fname>
   <type>VARCHAR (35)</type>
   <Default />
   <Null>Null</Null>
 </MESSAGE_CR>
 <MESSAGE_CR xmlns="MESSAGE_CR">
   <fname>REGULATORY_REPORT3</fname>
   <type>VARCHAR (35)</type>
   <Default />
   <Null>Null</Null>
 </MESSAGE_CR>
 <MESSAGE_CR xmlns="MESSAGE_CR">
   <fname>CDT_AUTH_REF</fname>
   <type>VARCHAR (34)</type>
   <Default />
   <Null>Null</Null>
 </MESSAGE_CR>
 <MESSAGE_CR xmlns="MESSAGE_CR">
   <fname>CDT_VALUE_DATE</fname>
   <type>DATETIME</type>
   <Default />
   <Null>Null</Null>
 </MESSAGE_CR>
 <MESSAGE_CR xmlns="MESSAGE_CR">
   <fname>CDT_VALUE_DATE_CHG</fname>
   <type>VARCHAR (20)</type>
   <Default />
   <Null>Null</Null>
 </MESSAGE_CR>
 <MESSAGE_CR xmlns="MESSAGE_CR">
   <fname>CDT_VALUE_DATE_ADJ</fname>
   <type>VARCHAR (20)</type>
   <Default />
   <Null>Null</Null>
 </MESSAGE_CR>
 <MESSAGE_CR xmlns="MESSAGE_CR">
   <fname>CDT_VALUE_DATE_SP</fname>
   <type>VARCHAR (20)</type>
   <Default />
   <Null>Null</Null>
 </MESSAGE_CR>
 <MESSAGE_CR xmlns="MESSAGE_CR">
   <fname>CDT_BOOK_DATE</fname>
   <type>DATETIME</type>
   <Default />
   <Null>Null</Null>
 </MESSAGE_CR>
 <MESSAGE_CR xmlns="MESSAGE_CR">
   <fname>CDT_BOOK_DATE_CHG</fname>
   <type>VARCHAR (20)</type>
   <Default />
   <Null>Null</Null>
 </MESSAGE_CR>
 <MESSAGE_CR xmlns="MESSAGE_CR">
   <fname>CDT_BOOK_DATE_ADJ</fname>
   <type>VARCHAR (20)</type>
   <Default />
   <Null>Null</Null>
 </MESSAGE_CR>
 <MESSAGE_CR xmlns="MESSAGE_CR">
   <fname>CDT_BOOK_DATE_SP</fname>
   <type>VARCHAR (20)</type>
   <Default />
   <Null>Null</Null>
 </MESSAGE_CR>
 <MESSAGE_CR xmlns="MESSAGE_CR">
   <fname>BNP_ADR_BNK_ID</fname>
   <type>VARCHAR (3)</type>
   <Default />
   <Null>Null</Null>
 </MESSAGE_CR>
 <MESSAGE_CR xmlns="MESSAGE_CR">
   <fname>BNP_REL_ID</fname>
   <type>VARCHAR (11)</type>
   <Default />
   <Null>Null</Null>
 </MESSAGE_CR>
 <MESSAGE_CR xmlns="MESSAGE_CR">
   <fname>CDT_CAMEFROM</fname>
   <type>VARCHAR (20)</type>
   <Default />
   <Null>Null</Null>
 </MESSAGE_CR>
 <MESSAGE_CR xmlns="MESSAGE_CR">
   <fname>IB1_CAMEFROM</fname>
   <type>VARCHAR (20)</type>
   <Default />
   <Null>Null</Null>
 </MESSAGE_CR>
 <MESSAGE_CR xmlns="MESSAGE_CR">
   <fname>IBK_CAMEFROM</fname>
   <type>VARCHAR (20)</type>
   <Default />
   <Null>Null</Null>
 </MESSAGE_CR>
 <MESSAGE_CR xmlns="MESSAGE_CR">
   <fname>BBK_CAMEFROM</fname>
   <type>VARCHAR (20)</type>
   <Default />
   <Null>Null</Null>
 </MESSAGE_CR>
 <MESSAGE_CR xmlns="MESSAGE_CR">
   <fname>BNP_CAMEFROM</fname>
   <type>VARCHAR (20)</type>
   <Default />
   <Null>Null</Null>
 </MESSAGE_CR>
 <MESSAGE_CR xmlns="MESSAGE_CR">
   <fname>CREDITSIDE_RESIDENCY</fname>
   <type>VARCHAR (2)</type>
   <Default />
   <Null>Null</Null>
 </MESSAGE_CR>
 <MESSAGE_CR xmlns="MESSAGE_CR">
   <fname>CDT_PROFILE_IDBANK</fname>
   <type>VARCHAR (3)</type>
   <Default />
   <Null>Null</Null>
 </MESSAGE_CR>
 <MESSAGE_CR xmlns="MESSAGE_CR">
   <fname>CDT_PROFILE_IDTYPE</fname>
   <type>VARCHAR (1)</type>
   <Default />
   <Null>Null</Null>
 </MESSAGE_CR>
 <MESSAGE_CR xmlns="MESSAGE_CR">
   <fname>CDT_PROFILE_IDACC</fname>
   <type>VARCHAR (30)</type>
   <Default />
   <Null>Null</Null>
 </MESSAGE_CR>
 <MESSAGE_CR xmlns="MESSAGE_CR">
   <fname>CDT_PROFILE_IDADR</fname>
   <type>VARCHAR (5)</type>
   <Default />
   <Null>Null</Null>
 </MESSAGE_CR>
 <MESSAGE_CR xmlns="MESSAGE_CR">
   <fname>CDT_PROFILE_IDPAD</fname>
   <type>VARCHAR (1)</type>
   <Default />
   <Null>Null</Null>
 </MESSAGE_CR>
 <MESSAGE_CR xmlns="MESSAGE_CR">
   <fname>CDT_BEI_FLAG</fname>
   <type>VARCHAR (1)</type>
   <Default />
   <Null>Null</Null>
 </MESSAGE_CR>
 <MESSAGE_CR xmlns="MESSAGE_CR">
   <fname>IBK_BEI_FLAG</fname>
   <type>VARCHAR (1)</type>
   <Default />
   <Null>Null</Null>
 </MESSAGE_CR>
 <MESSAGE_CR xmlns="MESSAGE_CR">
   <fname>IB1_BEI_FLAG</fname>
   <type>VARCHAR (1)</type>
   <Default />
   <Null>Null</Null>
 </MESSAGE_CR>
 <MESSAGE_CR xmlns="MESSAGE_CR">
   <fname>BBK_BEI_FLAG</fname>
   <type>VARCHAR (1)</type>
   <Default />
   <Null>Null</Null>
 </MESSAGE_CR>
 <MESSAGE_CR xmlns="MESSAGE_CR">
   <fname>BNP_BEI_FLAG</fname>
   <type>VARCHAR (1)</type>
   <Default />
   <Null>Null</Null>
 </MESSAGE_CR>
 <MESSAGE_CR xmlns="MESSAGE_CR">
   <fname>CDT_BILAT_IDBANK</fname>
   <type>VARCHAR (3)</type>
   <Default />
   <Null>Null</Null>
 </MESSAGE_CR>
 <MESSAGE_CR xmlns="MESSAGE_CR">
   <fname>CDT_BILAT_IDTYPE</fname>
   <type>VARCHAR (1)</type>
   <Default />
   <Null>Null</Null>
 </MESSAGE_CR>
 <MESSAGE_CR xmlns="MESSAGE_CR">
   <fname>CDT_BILAT_IDKEY</fname>
   <type>VARCHAR (30)</type>
   <Default />
   <Null>Null</Null>
 </MESSAGE_CR>
 <MESSAGE_CR xmlns="MESSAGE_CR">
   <fname>CDT_SEC_IDBANK</fname>
   <type>VARCHAR (3)</type>
   <Default />
   <Null>Null</Null>
 </MESSAGE_CR>
 <MESSAGE_CR xmlns="MESSAGE_CR">
   <fname>CDT_SEC_IDTYPE</fname>
   <type>VARCHAR (1)</type>
   <Default />
   <Null>Null</Null>
 </MESSAGE_CR>
 <MESSAGE_CR xmlns="MESSAGE_CR">
   <fname>CDT_SEC_IDKEY</fname>
   <type>VARCHAR (30)</type>
   <Default />
   <Null>Null</Null>
 </MESSAGE_CR>
 <MESSAGE_CR xmlns="MESSAGE_CR">
   <fname>CDT_SEC_ACCTG_CUR</fname>
   <type>VARCHAR (3)</type>
   <Default />
   <Null>Null</Null>
 </MESSAGE_CR>
 <MESSAGE_CR xmlns="MESSAGE_CR">
   <fname>CDT_TER_IDBANK</fname>
   <type>VARCHAR (3)</type>
   <Default />
   <Null>Null</Null>
 </MESSAGE_CR>
 <MESSAGE_CR xmlns="MESSAGE_CR">
   <fname>CDT_TER_IDTYPE</fname>
   <type>VARCHAR (1)</type>
   <Default />
   <Null>Null</Null>
 </MESSAGE_CR>
 <MESSAGE_CR xmlns="MESSAGE_CR">
   <fname>CDT_TER_IDKEY</fname>
   <type>VARCHAR (30)</type>
   <Default />
   <Null>Null</Null>
 </MESSAGE_CR>
 <MESSAGE_CR xmlns="MESSAGE_CR">
   <fname>CDT_TER_ACCTG_CUR</fname>
   <type>VARCHAR (3)</type>
   <Default />
   <Null>Null</Null>
 </MESSAGE_CR>
 <MESSAGE_CR xmlns="MESSAGE_CR">
   <fname>CDT_SPARE_ACC</fname>
   <type>VARCHAR (30)</type>
   <Default />
   <Null>Null</Null>
 </MESSAGE_CR>
 <MESSAGE_CR xmlns="MESSAGE_CR">
   <fname>CDT_SPARE_ADR</fname>
   <type>VARCHAR (5)</type>
   <Default />
   <Null>Null</Null>
 </MESSAGE_CR>
 <MESSAGE_CR xmlns="MESSAGE_CR">
   <fname>CDT_SPARE_PAD</fname>
   <type>VARCHAR (1)</type>
   <Default />
   <Null>Null</Null>
 </MESSAGE_CR>
 <MESSAGE_CR xmlns="MESSAGE_CR">
   <fname>CDT_PROC_RULE_STATE</fname>
   <type>VARCHAR (9)</type>
   <Default />
   <Null>Null</Null>
 </MESSAGE_CR>
 <MESSAGE_CR xmlns="MESSAGE_CR">
   <fname>CDT_SPC_INST1</fname>
   <type>VARCHAR (35)</type>
   <Default />
   <Null>Null</Null>
 </MESSAGE_CR>
 <MESSAGE_CR xmlns="MESSAGE_CR">
   <fname>CDT_SPC_INST2</fname>
   <type>VARCHAR (35)</type>
   <Default />
   <Null>Null</Null>
 </MESSAGE_CR>
 <MESSAGE_CR xmlns="MESSAGE_CR">
   <fname>CDT_SPC_INST3</fname>
   <type>VARCHAR (35)</type>
   <Default />
   <Null>Null</Null>
 </MESSAGE_CR>
 <MESSAGE_CR xmlns="MESSAGE_CR">
   <fname>CDT_COMM_CBL_FLG</fname>
   <type>VARCHAR (1)</type>
   <Default />
   <Null>Null</Null>
 </MESSAGE_CR>
</RGWTables>
