﻿<?xml version="1.0" standalone="yes"?>
<RGWTables>
 <MESSAGE_DR xmlns="MESSAGE_DR">
   <fname>TRN_DATE</fname>
   <type>DATETIME</type>
   <Default />
   <Null>Not Null</Null>
 </MESSAGE_DR>
 <MESSAGE_DR xmlns="MESSAGE_DR">
   <fname>TRN_NUMBER</fname>
   <type>INT</type>
   <Default />
   <Null>Not Null</Null>
 </MESSAGE_DR>
<MESSAGE_DR xmlns="MESSAGE_DR">
   <fname>TRN_TIMESTAMP</fname>
   <type>NUMERIC(23)</type>
   <Default />
   <Null>Not Null</Null>
 </MESSAGE_DR>
 <MESSAGE_DR xmlns="MESSAGE_DR">
   <fname>DBT_IDTYPE</fname>
   <type>VARCHAR (1)</type>
   <Default />
   <Null>Null</Null>
 </MESSAGE_DR>
 <MESSAGE_DR xmlns="MESSAGE_DR">
   <fname>DBT_ID</fname>
   <type>VARCHAR (64)</type>
   <Default />
   <Null>Null</Null>
 </MESSAGE_DR>
 <MESSAGE_DR xmlns="MESSAGE_DR">
   <fname>DBT_NAME1</fname>
   <type>VARCHAR (35)</type>
   <Default />
   <Null>Null</Null>
 </MESSAGE_DR>
 <MESSAGE_DR xmlns="MESSAGE_DR">
   <fname>DBT_NAME_2</fname>
   <type>VARCHAR (35)</type>
   <Default />
   <Null>Null</Null>
 </MESSAGE_DR>
 <MESSAGE_DR xmlns="MESSAGE_DR">
   <fname>DBT_NAME_3</fname>
   <type>VARCHAR (35)</type>
   <Default />
   <Null>Null</Null>
 </MESSAGE_DR>
 <MESSAGE_DR xmlns="MESSAGE_DR">
   <fname>DBT_NAME_4</fname>
   <type>VARCHAR (35)</type>
   <Default />
   <Null>Null</Null>
 </MESSAGE_DR>
 <MESSAGE_DR xmlns="MESSAGE_DR">
   <fname>DBT_NOF_FLAG</fname>
   <type>VARCHAR (1)</type>
   <Default />
   <Null>Null</Null>
 </MESSAGE_DR>
 <MESSAGE_DR xmlns="MESSAGE_DR">
   <fname>DBT_TRAN_NAME_C1</fname>
   <type>VARCHAR (8)</type>
   <Default />
   <Null>Null</Null>
 </MESSAGE_DR>
 <MESSAGE_DR xmlns="MESSAGE_DR">
   <fname>DBT_TRAN_NAME_C2</fname>
   <type>VARCHAR (8)</type>
   <Default />
   <Null>Null</Null>
 </MESSAGE_DR>
 <MESSAGE_DR xmlns="MESSAGE_DR">
   <fname>DBT_TRAN_NAME_C3</fname>
   <type>VARCHAR (8)</type>
   <Default />
   <Null>Null</Null>
 </MESSAGE_DR>
 <MESSAGE_DR xmlns="MESSAGE_DR">
   <fname>DBT_TRAN_NAME_C4</fname>
   <type>VARCHAR (8)</type>
   <Default />
   <Null>Null</Null>
 </MESSAGE_DR>
 <MESSAGE_DR xmlns="MESSAGE_DR">
   <fname>DBT_TRAN_NAME_C5</fname>
   <type>VARCHAR (8)</type>
   <Default />
   <Null>Null</Null>
 </MESSAGE_DR>
 <MESSAGE_DR xmlns="MESSAGE_DR">
   <fname>DBT_TRAN_NAME_C6</fname>
   <type>VARCHAR (8)</type>
   <Default />
   <Null>Null</Null>
 </MESSAGE_DR>
 <MESSAGE_DR xmlns="MESSAGE_DR">
   <fname>DBT_TRAN_NAME_C7</fname>
   <type>VARCHAR (8)</type>
   <Default />
   <Null>Null</Null>
 </MESSAGE_DR>
 <MESSAGE_DR xmlns="MESSAGE_DR">
   <fname>DBT_TRAN_NAME_C8</fname>
   <type>VARCHAR (8)</type>
   <Default />
   <Null>Null</Null>
 </MESSAGE_DR>
 <MESSAGE_DR xmlns="MESSAGE_DR">
   <fname>DBT_TRAN_NAME_C9</fname>
   <type>VARCHAR (8)</type>
   <Default />
   <Null>Null</Null>
 </MESSAGE_DR>
 <MESSAGE_DR xmlns="MESSAGE_DR">
   <fname>DBT_TRAN_NAME_C10</fname>
   <type>VARCHAR (8)</type>
   <Default />
   <Null>Null</Null>
 </MESSAGE_DR>
 <MESSAGE_DR xmlns="MESSAGE_DR">
   <fname>DBT_DEPT</fname>
   <type>VARCHAR (20)</type>
   <Default />
   <Null>Null</Null>
 </MESSAGE_DR>
 <MESSAGE_DR xmlns="MESSAGE_DR">
   <fname>DBT_SERIAL</fname>
   <type>VARCHAR (10)</type>
   <Default />
   <Null>Null</Null>
 </MESSAGE_DR>
 <MESSAGE_DR xmlns="MESSAGE_DR">
   <fname>DBT_ACCTG_IDTYPE</fname>
   <type>VARCHAR (1)</type>
   <Default />
   <Null>Null</Null>
 </MESSAGE_DR>
 <MESSAGE_DR xmlns="MESSAGE_DR">
   <fname>DBT_ACCTG_SLASH</fname>
   <type>VARCHAR (1)</type>
   <Default />
   <Null>Null</Null>
 </MESSAGE_DR>
 <MESSAGE_DR xmlns="MESSAGE_DR">
   <fname>DBT_ACCTG_ACCOUNT</fname>
   <type>VARCHAR (30)</type>
   <Default />
   <Null>Null</Null>
 </MESSAGE_DR>
 <MESSAGE_DR xmlns="MESSAGE_DR">
   <fname>DBT_DISTRICT</fname>
   <type>VARCHAR (2)</type>
   <Default />
   <Null>Null</Null>
 </MESSAGE_DR>
 <MESSAGE_DR xmlns="MESSAGE_DR">
   <fname>DBT_OFFICE</fname>
   <type>VARCHAR (10)</type>
   <Default />
   <Null>Null</Null>
 </MESSAGE_DR>
 <MESSAGE_DR xmlns="MESSAGE_DR">
   <fname>DBT_ACC_CLASS</fname>
   <type>VARCHAR (6)</type>
   <Default />
   <Null>Null</Null>
 </MESSAGE_DR>
 <MESSAGE_DR xmlns="MESSAGE_DR">
   <fname>DBT_ADR_COUNTRY</fname>
   <type>VARCHAR (2)</type>
   <Default />
   <Null>Null</Null>
 </MESSAGE_DR>
 <MESSAGE_DR xmlns="MESSAGE_DR">
   <fname>DBT_ADR_TYPE</fname>
   <type>VARCHAR (1)</type>
   <Default />
   <Null>Null</Null>
 </MESSAGE_DR>
 <MESSAGE_DR xmlns="MESSAGE_DR">
   <fname>DBT_ADR_SUBTYP</fname>
   <type>VARCHAR (3)</type>
   <Default />
   <Null>Null</Null>
 </MESSAGE_DR>
 <MESSAGE_DR xmlns="MESSAGE_DR">
   <fname>DBT_SEC_ACCTG_FLG</fname>
   <type>NUMERIC(10,0)</type>
   <Default />
   <Null>Null</Null>
 </MESSAGE_DR>
 <MESSAGE_DR xmlns="MESSAGE_DR">
   <fname>DBT_SEC_ACCTG_AMT</fname>
   <type>NUMERIC(21,3)</type>
   <Default />
   <Null>Null</Null>
 </MESSAGE_DR>
 <MESSAGE_DR xmlns="MESSAGE_DR">
   <fname>DBT_TER_ACCTG_FLG</fname>
   <type>NUMERIC(10,0)</type>
   <Default />
   <Null>Null</Null>
 </MESSAGE_DR>
 <MESSAGE_DR xmlns="MESSAGE_DR">
   <fname>DBT_TER_ACCTG_AMT</fname>
   <type>NUMERIC(21,3)</type>
   <Default />
   <Null>Null</Null>
 </MESSAGE_DR>
 <MESSAGE_DR xmlns="MESSAGE_DR">
   <fname>DBT_LIM_FLG</fname>
   <type>VARCHAR (1)</type>
   <Default />
   <Null>Null</Null>
 </MESSAGE_DR>
 <MESSAGE_DR xmlns="MESSAGE_DR">
   <fname>DBT_HOLD_FLG</fname>
   <type>VARCHAR (1)</type>
   <Default />
   <Null>Null</Null>
 </MESSAGE_DR>
 <MESSAGE_DR xmlns="MESSAGE_DR">
   <fname>DBT_BAL_FLG</fname>
   <type>VARCHAR (1)</type>
   <Default />
   <Null>Null</Null>
 </MESSAGE_DR>
 <MESSAGE_DR xmlns="MESSAGE_DR">
   <fname>CHIPS_LIM_FLG</fname>
   <type>VARCHAR (1)</type>
   <Default />
   <Null>Null</Null>
 </MESSAGE_DR>
 <MESSAGE_DR xmlns="MESSAGE_DR">
   <fname>DBT_GRP_BAL_FLG</fname>
   <type>VARCHAR (1)</type>
   <Default />
   <Null>Null</Null>
 </MESSAGE_DR>
 <MESSAGE_DR xmlns="MESSAGE_DR">
   <fname>DBT_PRE_FLG</fname>
   <type>VARCHAR (1)</type>
   <Default />
   <Null>Null</Null>
 </MESSAGE_DR>
 <MESSAGE_DR xmlns="MESSAGE_DR">
   <fname>DBT_GRP_PRE_FLG</fname>
   <type>VARCHAR (1)</type>
   <Default />
   <Null>Null</Null>
 </MESSAGE_DR>
 <MESSAGE_DR xmlns="MESSAGE_DR">
   <fname>DBT_AMOUNT</fname>
   <type>NUMERIC(21,3)</type>
   <Default />
   <Null>Null</Null>
 </MESSAGE_DR>
 <MESSAGE_DR xmlns="MESSAGE_DR">
   <fname>DBT_CURRENCY</fname>
   <type>VARCHAR (3)</type>
   <Default />
   <Null>Null</Null>
 </MESSAGE_DR>
 <MESSAGE_DR xmlns="MESSAGE_DR">
   <fname>DBT_RT_CODE</fname>
   <type>VARCHAR (6)</type>
   <Default />
   <Null>Null</Null>
 </MESSAGE_DR>
 <MESSAGE_DR xmlns="MESSAGE_DR">
   <fname>DBT_BNK_INF1</fname>
   <type>VARCHAR (35)</type>
   <Default />
   <Null>Null</Null>
 </MESSAGE_DR>
 <MESSAGE_DR xmlns="MESSAGE_DR">
   <fname>DBT_BNK_INF2</fname>
   <type>VARCHAR (35)</type>
   <Default />
   <Null>Null</Null>
 </MESSAGE_DR>
 <MESSAGE_DR xmlns="MESSAGE_DR">
   <fname>DBT_BNK_INF3</fname>
   <type>VARCHAR (35)</type>
   <Default />
   <Null>Null</Null>
 </MESSAGE_DR>
 <MESSAGE_DR xmlns="MESSAGE_DR">
   <fname>DBT_BNK_INF4</fname>
   <type>VARCHAR (35)</type>
   <Default />
   <Null>Null</Null>
 </MESSAGE_DR>
 <MESSAGE_DR xmlns="MESSAGE_DR">
   <fname>DBT_BNK_INF5</fname>
   <type>VARCHAR (35)</type>
   <Default />
   <Null>Null</Null>
 </MESSAGE_DR>
 <MESSAGE_DR xmlns="MESSAGE_DR">
   <fname>DBT_BNK_INF6</fname>
   <type>VARCHAR (35)</type>
   <Default />
   <Null>Null</Null>
 </MESSAGE_DR>
 <MESSAGE_DR xmlns="MESSAGE_DR">
   <fname>DBT_SEC_SUB_ACCT</fname>
   <type>VARCHAR (61)</type>
   <Default />
   <Null>Null</Null>
 </MESSAGE_DR>
 <MESSAGE_DR xmlns="MESSAGE_DR">
   <fname>DBT_ACC_PROD_CODE</fname>
   <type>VARCHAR (20)</type>
   <Default />
   <Null>Null</Null>
 </MESSAGE_DR>
 <MESSAGE_DR xmlns="MESSAGE_DR">
   <fname>DBT_TER_IDTYPE</fname>
   <type>VARCHAR (1)</type>
   <Default />
   <Null>Null</Null>
 </MESSAGE_DR>
 <MESSAGE_DR xmlns="MESSAGE_DR">
   <fname>DBT_TER_IDKEY</fname>
   <type>VARCHAR (30)</type>
   <Default />
   <Null>Null</Null>
 </MESSAGE_DR>
 <MESSAGE_DR xmlns="MESSAGE_DR">
   <fname>DBT_FEE_CODE</fname>
   <type>VARCHAR (8)</type>
   <Default />
   <Null>Null</Null>
 </MESSAGE_DR>
 <MESSAGE_DR xmlns="MESSAGE_DR">
   <fname>DBT_RECON_REF</fname>
   <type>VARCHAR (12)</type>
   <Default />
   <Null>Null</Null>
 </MESSAGE_DR>
 <MESSAGE_DR xmlns="MESSAGE_DR">
   <fname>DBT_ACC_PARENT_CD</fname>
   <type>VARCHAR (10)</type>
   <Default />
   <Null>Null</Null>
 </MESSAGE_DR>
 <MESSAGE_DR xmlns="MESSAGE_DR">
   <fname>DBT_CUSTOMER_ID</fname>
   <type>VARCHAR (20)</type>
   <Default />
   <Null>Null</Null>
 </MESSAGE_DR>
 <MESSAGE_DR xmlns="MESSAGE_DR">
   <fname>DBT_DRAFT_NUM</fname>
   <type>VARCHAR (16)</type>
   <Default />
   <Null>Null</Null>
 </MESSAGE_DR>
 <MESSAGE_DR xmlns="MESSAGE_DR">
   <fname>SBK_IDTYPE</fname>
   <type>VARCHAR (1)</type>
   <Default />
   <Null>Null</Null>
 </MESSAGE_DR>
 <MESSAGE_DR xmlns="MESSAGE_DR">
   <fname>SBK_ID</fname>
   <type>VARCHAR (64)</type>
   <Default />
   <Null>Null</Null>
 </MESSAGE_DR>
 <MESSAGE_DR xmlns="MESSAGE_DR">
   <fname>SBK_NAME1</fname>
   <type>VARCHAR (35)</type>
   <Default />
   <Null>Null</Null>
 </MESSAGE_DR>
 <MESSAGE_DR xmlns="MESSAGE_DR">
   <fname>SBK_NAME2</fname>
   <type>VARCHAR (35)</type>
   <Default />
   <Null>Null</Null>
 </MESSAGE_DR>
 <MESSAGE_DR xmlns="MESSAGE_DR">
   <fname>SBK_NAME3</fname>
   <type>VARCHAR (35)</type>
   <Default />
   <Null>Null</Null>
 </MESSAGE_DR>
 <MESSAGE_DR xmlns="MESSAGE_DR">
   <fname>SBK_NAME4</fname>
   <type>VARCHAR (35)</type>
   <Default />
   <Null>Null</Null>
 </MESSAGE_DR>
 <MESSAGE_DR xmlns="MESSAGE_DR">
   <fname>SBK_REF_NUM</fname>
   <type>VARCHAR (20)</type>
   <Default />
   <Null>Null</Null>
 </MESSAGE_DR>
 <MESSAGE_DR xmlns="MESSAGE_DR">
   <fname>OBK_IDTYPE</fname>
   <type>VARCHAR (1)</type>
   <Default />
   <Null>Null</Null>
 </MESSAGE_DR>
 <MESSAGE_DR xmlns="MESSAGE_DR">
   <fname>OBK_ID</fname>
   <type>VARCHAR (64)</type>
   <Default />
   <Null>Null</Null>
 </MESSAGE_DR>
 <MESSAGE_DR xmlns="MESSAGE_DR">
   <fname>OBK_NAME1</fname>
   <type>VARCHAR (35)</type>
   <Default />
   <Null>Null</Null>
 </MESSAGE_DR>
 <MESSAGE_DR xmlns="MESSAGE_DR">
   <fname>OBK_NAME2</fname>
   <type>VARCHAR (35)</type>
   <Default />
   <Null>Null</Null>
 </MESSAGE_DR>
 <MESSAGE_DR xmlns="MESSAGE_DR">
   <fname>OBK_NAME3</fname>
   <type>VARCHAR (35)</type>
   <Default />
   <Null>Null</Null>
 </MESSAGE_DR>
 <MESSAGE_DR xmlns="MESSAGE_DR">
   <fname>OBK_NAME4</fname>
   <type>VARCHAR (35)</type>
   <Default />
   <Null>Null</Null>
 </MESSAGE_DR>
 <MESSAGE_DR xmlns="MESSAGE_DR">
   <fname>OBK_REF_NUM</fname>
   <type>VARCHAR (20)</type>
   <Default />
   <Null>Null</Null>
 </MESSAGE_DR>
 <MESSAGE_DR xmlns="MESSAGE_DR">
   <fname>ORP_IDTYPE</fname>
   <type>VARCHAR (1)</type>
   <Default />
   <Null>Null</Null>
 </MESSAGE_DR>
 <MESSAGE_DR xmlns="MESSAGE_DR">
   <fname>ORP_ID</fname>
   <type>VARCHAR (64)</type>
   <Default />
   <Null>Null</Null>
 </MESSAGE_DR>
 <MESSAGE_DR xmlns="MESSAGE_DR">
   <fname>ORP_NAME1</fname>
   <type>VARCHAR (35)</type>
   <Default />
   <Null>Null</Null>
 </MESSAGE_DR>
 <MESSAGE_DR xmlns="MESSAGE_DR">
   <fname>ORP_NAME2</fname>
   <type>VARCHAR (35)</type>
   <Default />
   <Null>Null</Null>
 </MESSAGE_DR>
 <MESSAGE_DR xmlns="MESSAGE_DR">
   <fname>ORP_NAME3</fname>
   <type>VARCHAR (35)</type>
   <Default />
   <Null>Null</Null>
 </MESSAGE_DR>
 <MESSAGE_DR xmlns="MESSAGE_DR">
   <fname>ORP_NAME4</fname>
   <type>VARCHAR (35)</type>
   <Default />
   <Null>Null</Null>
 </MESSAGE_DR>
 <MESSAGE_DR xmlns="MESSAGE_DR">
   <fname>ORP_REF_NUM</fname>
   <type>VARCHAR (20)</type>
   <Default />
   <Null>Null</Null>
 </MESSAGE_DR>
 <MESSAGE_DR xmlns="MESSAGE_DR">
   <fname>RECORD_EXPIRED</fname>
   <type>NUMERIC(23)</type>
   <Default />
   <Null>Null</Null>
 </MESSAGE_DR>
 <MESSAGE_DR xmlns="MESSAGE_DR">
   <fname>RECORD_UPDATED</fname>
   <type>VARCHAR (1)</type>
   <Default />
   <Null>Not Null</Null>
 </MESSAGE_DR>
 <MESSAGE_DR xmlns="MESSAGE_DR">
   <fname>INS_ADR_BNK_ID</fname>
   <type>VARCHAR (3)</type>
   <Default />
   <Null>Null</Null>
 </MESSAGE_DR>
 <MESSAGE_DR xmlns="MESSAGE_DR">
   <fname>INS_REL_ID</fname>
   <type>NUMERIC(10,0)</type>
   <Default />
   <Null>Null</Null>
 </MESSAGE_DR>
 <MESSAGE_DR xmlns="MESSAGE_DR">
   <fname>INS_IDTYPE</fname>
   <type>VARCHAR (1)</type>
   <Default />
   <Null>Null</Null>
 </MESSAGE_DR>
 <MESSAGE_DR xmlns="MESSAGE_DR">
   <fname>INS_ID</fname>
   <type>VARCHAR (64)</type>
   <Default />
   <Null>Null</Null>
 </MESSAGE_DR>
 <MESSAGE_DR xmlns="MESSAGE_DR">
   <fname>INS_NAME1</fname>
   <type>VARCHAR (35)</type>
   <Default />
   <Null>Null</Null>
 </MESSAGE_DR>
 <MESSAGE_DR xmlns="MESSAGE_DR">
   <fname>INS_NAME2</fname>
   <type>VARCHAR (35)</type>
   <Default />
   <Null>Null</Null>
 </MESSAGE_DR>
 <MESSAGE_DR xmlns="MESSAGE_DR">
   <fname>INS_NAME3</fname>
   <type>VARCHAR (35)</type>
   <Default />
   <Null>Null</Null>
 </MESSAGE_DR>
 <MESSAGE_DR xmlns="MESSAGE_DR">
   <fname>INS_NAME4</fname>
   <type>VARCHAR (35)</type>
   <Default />
   <Null>Null</Null>
 </MESSAGE_DR>
 <MESSAGE_DR xmlns="MESSAGE_DR">
   <fname>INS_REF_NUM</fname>
   <type>VARCHAR (16)</type>
   <Default />
   <Null>Null</Null>
 </MESSAGE_DR>
 <MESSAGE_DR xmlns="MESSAGE_DR">
   <fname>RCA_ADR_BNK_ID</fname>
   <type>VARCHAR (3)</type>
   <Default />
   <Null>Null</Null>
 </MESSAGE_DR>
 <MESSAGE_DR xmlns="MESSAGE_DR">
   <fname>RCA_REL_ID</fname>
   <type>NUMERIC(10,0)</type>
   <Default />
   <Null>Null</Null>
 </MESSAGE_DR>
 <MESSAGE_DR xmlns="MESSAGE_DR">
   <fname>RCA_IDTYPE</fname>
   <type>VARCHAR (1)</type>
   <Default />
   <Null>Null</Null>
 </MESSAGE_DR>
 <MESSAGE_DR xmlns="MESSAGE_DR">
   <fname>RCA_ID</fname>
   <type>VARCHAR (64)</type>
   <Default />
   <Null>Null</Null>
 </MESSAGE_DR>
 <MESSAGE_DR xmlns="MESSAGE_DR">
   <fname>RCA_NAME1</fname>
   <type>VARCHAR (35)</type>
   <Default />
   <Null>Null</Null>
 </MESSAGE_DR>
 <MESSAGE_DR xmlns="MESSAGE_DR">
   <fname>RCA_NAME2</fname>
   <type>VARCHAR (35)</type>
   <Default />
   <Null>Null</Null>
 </MESSAGE_DR>
 <MESSAGE_DR xmlns="MESSAGE_DR">
   <fname>RCA_NAME3</fname>
   <type>VARCHAR (35)</type>
   <Default />
   <Null>Null</Null>
 </MESSAGE_DR>
 <MESSAGE_DR xmlns="MESSAGE_DR">
   <fname>RCA_NAME4</fname>
   <type>VARCHAR (35)</type>
   <Default />
   <Null>Null</Null>
 </MESSAGE_DR>
 <MESSAGE_DR xmlns="MESSAGE_DR">
   <fname>RCA_REF_NUM</fname>
   <type>VARCHAR (16)</type>
   <Default />
   <Null>Null</Null>
 </MESSAGE_DR>
 <MESSAGE_DR xmlns="MESSAGE_DR">
   <fname>DBT_SHORT_FLG</fname>
   <type>VARCHAR (1)</type>
   <Default />
   <Null>Null</Null>
 </MESSAGE_DR>
 <MESSAGE_DR xmlns="MESSAGE_DR">
   <fname>DBT_GROUP_SHORT_FLG</fname>
   <type>VARCHAR (1)</type>
   <Default />
   <Null>Null</Null>
 </MESSAGE_DR>
 <MESSAGE_DR xmlns="MESSAGE_DR">
   <fname>DBT_CROSS_SHORT_FLG</fname>
   <type>VARCHAR (1)</type>
   <Default />
   <Null>Null</Null>
 </MESSAGE_DR>
 <MESSAGE_DR xmlns="MESSAGE_DR">
   <fname>DBT_EXCH_RATE</fname>
   <type>NUMERIC(29,11)</type>
   <Default />
   <Null>Null</Null>
 </MESSAGE_DR>
 <MESSAGE_DR xmlns="MESSAGE_DR">
   <fname>DBT_ADR_BNK_ID</fname>
   <type>VARCHAR (3)</type>
   <Default />
   <Null>Null</Null>
 </MESSAGE_DR>
 <MESSAGE_DR xmlns="MESSAGE_DR">
   <fname>DBT_REL_ID</fname>
   <type>VARCHAR (11)</type>
   <Default />
   <Null>Null</Null>
 </MESSAGE_DR>
 <MESSAGE_DR xmlns="MESSAGE_DR">
   <fname>DBT_ADR_CLASS</fname>
   <type>VARCHAR (6)</type>
   <Default />
   <Null>Null</Null>
 </MESSAGE_DR>
 <MESSAGE_DR xmlns="MESSAGE_DR">
   <fname>DBT_ADR_CITY</fname>
   <type>VARCHAR (15)</type>
   <Default />
   <Null>Null</Null>
 </MESSAGE_DR>
 <MESSAGE_DR xmlns="MESSAGE_DR">
   <fname>DBT_ADV_TYP</fname>
   <type>VARCHAR (3)</type>
   <Default />
   <Null>Null</Null>
 </MESSAGE_DR>
 <MESSAGE_DR xmlns="MESSAGE_DR">
   <fname>DBT_RT_STATE</fname>
   <type>VARCHAR (1)</type>
   <Default />
   <Null>Null</Null>
 </MESSAGE_DR>
 <MESSAGE_DR xmlns="MESSAGE_DR">
   <fname>DBT_WIR_IDTYPE</fname>
   <type>VARCHAR (1)</type>
   <Default />
   <Null>Null</Null>
 </MESSAGE_DR>
 <MESSAGE_DR xmlns="MESSAGE_DR">
   <fname>DBT_WIR_ID</fname>
   <type>VARCHAR (64)</type>
   <Default />
   <Null>Null</Null>
 </MESSAGE_DR>
 <MESSAGE_DR xmlns="MESSAGE_DR">
   <fname>DBT_DRAWDOWN_FLG</fname>
   <type>VARCHAR (1)</type>
   <Default />
   <Null>Null</Null>
 </MESSAGE_DR>
 <MESSAGE_DR xmlns="MESSAGE_DR">
   <fname>DBT_PS_ELIG_FLG</fname>
   <type>VARCHAR (1)</type>
   <Default />
   <Null>Null</Null>
 </MESSAGE_DR>
 <MESSAGE_DR xmlns="MESSAGE_DR">
   <fname>DBT_ITEM_HOLD_FLG</fname>
   <type>VARCHAR (1)</type>
   <Default />
   <Null>Null</Null>
 </MESSAGE_DR>
 <MESSAGE_DR xmlns="MESSAGE_DR">
   <fname>DBT_NOF_LOOKED_UP</fname>
   <type>VARCHAR (1)</type>
   <Default />
   <Null>Null</Null>
 </MESSAGE_DR>
 <MESSAGE_DR xmlns="MESSAGE_DR">
   <fname>DBT_CURRENCY_SUSP_FLG</fname>
   <type>VARCHAR (1)</type>
   <Default />
   <Null>Null</Null>
 </MESSAGE_DR>
 <MESSAGE_DR xmlns="MESSAGE_DR">
   <fname>DDA_BALANCE</fname>
   <type>VARCHAR (2)</type>
   <Default />
   <Null>Null</Null>
 </MESSAGE_DR>
 <MESSAGE_DR xmlns="MESSAGE_DR">
   <fname>BALANCE_RISK</fname>
   <type>VARCHAR (2)</type>
   <Default />
   <Null>Null</Null>
 </MESSAGE_DR>
 <MESSAGE_DR xmlns="MESSAGE_DR">
   <fname>SBK_ADR_BNK_ID</fname>
   <type>VARCHAR (3)</type>
   <Default />
   <Null>Null</Null>
 </MESSAGE_DR>
 <MESSAGE_DR xmlns="MESSAGE_DR">
   <fname>SBK_REL_ID</fname>
   <type>VARCHAR (11)</type>
   <Default />
   <Null>Null</Null>
 </MESSAGE_DR>
 <MESSAGE_DR xmlns="MESSAGE_DR">
   <fname>OBK_ADR_BNK_ID</fname>
   <type>VARCHAR (3)</type>
   <Default />
   <Null>Null</Null>
 </MESSAGE_DR>
 <MESSAGE_DR xmlns="MESSAGE_DR">
   <fname>OBK_REL_ID</fname>
   <type>VARCHAR (11)</type>
   <Default />
   <Null>Null</Null>
 </MESSAGE_DR>
 <MESSAGE_DR xmlns="MESSAGE_DR">
   <fname>ORP_ADR_BNK_ID</fname>
   <type>VARCHAR (3)</type>
   <Default />
   <Null>Null</Null>
 </MESSAGE_DR>
 <MESSAGE_DR xmlns="MESSAGE_DR">
   <fname>ORP_REL_ID</fname>
   <type>VARCHAR (11)</type>
   <Default />
   <Null>Null</Null>
 </MESSAGE_DR>
 <MESSAGE_DR xmlns="MESSAGE_DR">
   <fname>DBT_STATE</fname>
   <type>VARCHAR (3)</type>
   <Default />
   <Null>Null</Null>
 </MESSAGE_DR>
 <MESSAGE_DR xmlns="MESSAGE_DR">
   <fname>DBT_POSTAL_CODE</fname>
   <type>VARCHAR (15)</type>
   <Default />
   <Null>Null</Null>
 </MESSAGE_DR>
 <MESSAGE_DR xmlns="MESSAGE_DR">
   <fname>DBT_RES_COUNTRY</fname>
   <type>VARCHAR (2)</type>
   <Default />
   <Null>Null</Null>
 </MESSAGE_DR>
 <MESSAGE_DR xmlns="MESSAGE_DR">
   <fname>DBT_REF_NUM</fname>
   <type>VARCHAR (16)</type>
   <Default />
   <Null>Null</Null>
 </MESSAGE_DR>
 <MESSAGE_DR xmlns="MESSAGE_DR">
   <fname>SBK_STATE</fname>
   <type>VARCHAR (3)</type>
   <Default />
   <Null>Null</Null>
 </MESSAGE_DR>
 <MESSAGE_DR xmlns="MESSAGE_DR">
   <fname>SBK_POSTAL_CODE</fname>
   <type>VARCHAR (15)</type>
   <Default />
   <Null>Null</Null>
 </MESSAGE_DR>
 <MESSAGE_DR xmlns="MESSAGE_DR">
   <fname>SBK_RES_COUNTRY</fname>
   <type>VARCHAR (2)</type>
   <Default />
   <Null>Null</Null>
 </MESSAGE_DR>
 <MESSAGE_DR xmlns="MESSAGE_DR">
   <fname>OBK_STATE</fname>
   <type>VARCHAR (3)</type>
   <Default />
   <Null>Null</Null>
 </MESSAGE_DR>
 <MESSAGE_DR xmlns="MESSAGE_DR">
   <fname>OBK_POSTAL_CODE</fname>
   <type>VARCHAR (15)</type>
   <Default />
   <Null>Null</Null>
 </MESSAGE_DR>
 <MESSAGE_DR xmlns="MESSAGE_DR">
   <fname>OBK_RES_COUNTRY</fname>
   <type>VARCHAR (2)</type>
   <Default />
   <Null>Null</Null>
 </MESSAGE_DR>
 <MESSAGE_DR xmlns="MESSAGE_DR">
   <fname>ORP_STATE</fname>
   <type>VARCHAR (3)</type>
   <Default />
   <Null>Null</Null>
 </MESSAGE_DR>
 <MESSAGE_DR xmlns="MESSAGE_DR">
   <fname>ORP_POSTAL_CODE</fname>
   <type>VARCHAR (15)</type>
   <Default />
   <Null>Null</Null>
 </MESSAGE_DR>
 <MESSAGE_DR xmlns="MESSAGE_DR">
   <fname>ORP_RES_COUNTRY</fname>
   <type>VARCHAR (2)</type>
   <Default />
   <Null>Null</Null>
 </MESSAGE_DR>
 <MESSAGE_DR xmlns="MESSAGE_DR">
   <fname>INS_STATE</fname>
   <type>VARCHAR (3)</type>
   <Default />
   <Null>Null</Null>
 </MESSAGE_DR>
 <MESSAGE_DR xmlns="MESSAGE_DR">
   <fname>INS_POSTAL_CODE</fname>
   <type>VARCHAR (15)</type>
   <Default />
   <Null>Null</Null>
 </MESSAGE_DR>
 <MESSAGE_DR xmlns="MESSAGE_DR">
   <fname>INS_RES_COUNTRY</fname>
   <type>VARCHAR (2)</type>
   <Default />
   <Null>Null</Null>
 </MESSAGE_DR>
 <MESSAGE_DR xmlns="MESSAGE_DR">
   <fname>RCA_STATE</fname>
   <type>VARCHAR (3)</type>
   <Default />
   <Null>Null</Null>
 </MESSAGE_DR>
 <MESSAGE_DR xmlns="MESSAGE_DR">
   <fname>RCA_POSTAL_CODE</fname>
   <type>VARCHAR (15)</type>
   <Default />
   <Null>Null</Null>
 </MESSAGE_DR>
 <MESSAGE_DR xmlns="MESSAGE_DR">
   <fname>RCA_RES_COUNTRY</fname>
   <type>VARCHAR (2)</type>
   <Default />
   <Null>Null</Null>
 </MESSAGE_DR>
 <MESSAGE_DR xmlns="MESSAGE_DR">
   <fname>DBT_AUTH_REF</fname>
   <type>VARCHAR (34)</type>
   <Default />
   <Null>Null</Null>
 </MESSAGE_DR>
 <MESSAGE_DR xmlns="MESSAGE_DR">
   <fname>DBT_VALUE_DATE</fname>
   <type>DATETIME</type>
   <Default />
   <Null>Null</Null>
 </MESSAGE_DR>
 <MESSAGE_DR xmlns="MESSAGE_DR">
   <fname>DBT_VALUE_DATE_CHG</fname>
   <type>VARCHAR (20)</type>
   <Default />
   <Null>Null</Null>
 </MESSAGE_DR>
 <MESSAGE_DR xmlns="MESSAGE_DR">
   <fname>DBT_VALUE_DATE_ADJ</fname>
   <type>VARCHAR (20)</type>
   <Default />
   <Null>Null</Null>
 </MESSAGE_DR>
 <MESSAGE_DR xmlns="MESSAGE_DR">
   <fname>DBT_VALUE_DATE_SP</fname>
   <type>VARCHAR (20)</type>
   <Default />
   <Null>Null</Null>
 </MESSAGE_DR>
 <MESSAGE_DR xmlns="MESSAGE_DR">
   <fname>DBT_BOOK_DATE</fname>
   <type>DATETIME</type>
   <Default />
   <Null>Null</Null>
 </MESSAGE_DR>
 <MESSAGE_DR xmlns="MESSAGE_DR">
   <fname>DBT_BOOK_DATE_CHG</fname>
   <type>VARCHAR (20)</type>
   <Default />
   <Null>Null</Null>
 </MESSAGE_DR>
 <MESSAGE_DR xmlns="MESSAGE_DR">
   <fname>DBT_BOOK_DATE_ADJ</fname>
   <type>VARCHAR (20)</type>
   <Default />
   <Null>Null</Null>
 </MESSAGE_DR>
 <MESSAGE_DR xmlns="MESSAGE_DR">
   <fname>DBT_BOOK_DATE_SP</fname>
   <type>VARCHAR (20)</type>
   <Default />
   <Null>Null</Null>
 </MESSAGE_DR>
 <MESSAGE_DR xmlns="MESSAGE_DR">
   <fname>DBT_CAMEFROM</fname>
   <type>VARCHAR (20)</type>
   <Default />
   <Null>Null</Null>
 </MESSAGE_DR>
 <MESSAGE_DR xmlns="MESSAGE_DR">
   <fname>SBK_CAMEFROM</fname>
   <type>VARCHAR (20)</type>
   <Default />
   <Null>Null</Null>
 </MESSAGE_DR>
 <MESSAGE_DR xmlns="MESSAGE_DR">
   <fname>OBK_CAMEFROM</fname>
   <type>VARCHAR (20)</type>
   <Default />
   <Null>Null</Null>
 </MESSAGE_DR>
 <MESSAGE_DR xmlns="MESSAGE_DR">
   <fname>ORP_CAMEFROM</fname>
   <type>VARCHAR (20)</type>
   <Default />
   <Null>Null</Null>
 </MESSAGE_DR>
 <MESSAGE_DR xmlns="MESSAGE_DR">
   <fname>INS_CAMEFROM</fname>
   <type>VARCHAR (20)</type>
   <Default />
   <Null>Null</Null>
 </MESSAGE_DR>
 <MESSAGE_DR xmlns="MESSAGE_DR">
   <fname>RCA_CAMEFROM</fname>
   <type>VARCHAR (20)</type>
   <Default />
   <Null>Null</Null>
 </MESSAGE_DR>
 <MESSAGE_DR xmlns="MESSAGE_DR">
   <fname>DEBITSIDE_RESIDENCY</fname>
   <type>VARCHAR (2)</type>
   <Default />
   <Null>Null</Null>
 </MESSAGE_DR>
 <MESSAGE_DR xmlns="MESSAGE_DR">
   <fname>DBT_PROFILE_IDBANK</fname>
   <type>VARCHAR (3)</type>
   <Default />
   <Null>Null</Null>
 </MESSAGE_DR>
 <MESSAGE_DR xmlns="MESSAGE_DR">
   <fname>DBT_PROFILE_IDTYPE</fname>
   <type>VARCHAR (1)</type>
   <Default />
   <Null>Null</Null>
 </MESSAGE_DR>
 <MESSAGE_DR xmlns="MESSAGE_DR">
   <fname>DBT_PROFILE_IDACC</fname>
   <type>VARCHAR (30)</type>
   <Default />
   <Null>Null</Null>
 </MESSAGE_DR>
 <MESSAGE_DR xmlns="MESSAGE_DR">
   <fname>DBT_PROFILE_IDADR</fname>
   <type>VARCHAR (5)</type>
   <Default />
   <Null>Null</Null>
 </MESSAGE_DR>
 <MESSAGE_DR xmlns="MESSAGE_DR">
   <fname>DBT_PROFILE_IDPAD</fname>
   <type>VARCHAR (1)</type>
   <Default />
   <Null>Null</Null>
 </MESSAGE_DR>
 <MESSAGE_DR xmlns="MESSAGE_DR">
   <fname>SBK_PROFILE_IDBANK</fname>
   <type>VARCHAR (3)</type>
   <Default />
   <Null>Null</Null>
 </MESSAGE_DR>
 <MESSAGE_DR xmlns="MESSAGE_DR">
   <fname>SBK_PROFILE_IDTYPE</fname>
   <type>VARCHAR (1)</type>
   <Default />
   <Null>Null</Null>
 </MESSAGE_DR>
 <MESSAGE_DR xmlns="MESSAGE_DR">
   <fname>SBK_PROFILE_IDACC</fname>
   <type>VARCHAR (30)</type>
   <Default />
   <Null>Null</Null>
 </MESSAGE_DR>
 <MESSAGE_DR xmlns="MESSAGE_DR">
   <fname>SBK_PROFILE_IDADR</fname>
   <type>VARCHAR (5)</type>
   <Default />
   <Null>Null</Null>
 </MESSAGE_DR>
 <MESSAGE_DR xmlns="MESSAGE_DR">
   <fname>SBK_PROFILE_IDPAD</fname>
   <type>VARCHAR (1)</type>
   <Default />
   <Null>Null</Null>
 </MESSAGE_DR>
 <MESSAGE_DR xmlns="MESSAGE_DR">
   <fname>DBT_BEI_FLAG</fname>
   <type>VARCHAR (1)</type>
   <Default />
   <Null>Null</Null>
 </MESSAGE_DR>
 <MESSAGE_DR xmlns="MESSAGE_DR">
   <fname>SBK_BEI_FLAG</fname>
   <type>VARCHAR (1)</type>
   <Default />
   <Null>Null</Null>
 </MESSAGE_DR>
 <MESSAGE_DR xmlns="MESSAGE_DR">
   <fname>OBK_BEI_FLAG</fname>
   <type>VARCHAR (1)</type>
   <Default />
   <Null>Null</Null>
 </MESSAGE_DR>
 <MESSAGE_DR xmlns="MESSAGE_DR">
   <fname>ORP_BEI_FLAG</fname>
   <type>VARCHAR (1)</type>
   <Default />
   <Null>Null</Null>
 </MESSAGE_DR>
 <MESSAGE_DR xmlns="MESSAGE_DR">
   <fname>INS_BEI_FLAG</fname>
   <type>VARCHAR (1)</type>
   <Default />
   <Null>Null</Null>
 </MESSAGE_DR>
 <MESSAGE_DR xmlns="MESSAGE_DR">
   <fname>RCA_BEI_FLAG</fname>
   <type>VARCHAR (1)</type>
   <Default />
   <Null>Null</Null>
 </MESSAGE_DR>
 <MESSAGE_DR xmlns="MESSAGE_DR">
   <fname>DBT_BILAT_IDBANK</fname>
   <type>VARCHAR (3)</type>
   <Default />
   <Null>Null</Null>
 </MESSAGE_DR>
 <MESSAGE_DR xmlns="MESSAGE_DR">
   <fname>DBT_BILAT_IDTYPE</fname>
   <type>VARCHAR (1)</type>
   <Default />
   <Null>Null</Null>
 </MESSAGE_DR>
 <MESSAGE_DR xmlns="MESSAGE_DR">
   <fname>DBT_BILAT_IDKEY</fname>
   <type>VARCHAR (30)</type>
   <Default />
   <Null>Null</Null>
 </MESSAGE_DR>
 <MESSAGE_DR xmlns="MESSAGE_DR">
   <fname>DBT_SEC_IDBANK</fname>
   <type>VARCHAR (3)</type>
   <Default />
   <Null>Null</Null>
 </MESSAGE_DR>
 <MESSAGE_DR xmlns="MESSAGE_DR">
   <fname>DBT_SEC_IDTYPE</fname>
   <type>VARCHAR (1)</type>
   <Default />
   <Null>Null</Null>
 </MESSAGE_DR>
 <MESSAGE_DR xmlns="MESSAGE_DR">
   <fname>DBT_SEC_IDKEY</fname>
   <type>VARCHAR (30)</type>
   <Default />
   <Null>Null</Null>
 </MESSAGE_DR>
 <MESSAGE_DR xmlns="MESSAGE_DR">
   <fname>DBT_SEC_ACCTG_CUR</fname>
   <type>VARCHAR (3)</type>
   <Default />
   <Null>Null</Null>
 </MESSAGE_DR>
 <MESSAGE_DR xmlns="MESSAGE_DR">
   <fname>DBT_TER_IDBANK</fname>
   <type>VARCHAR (3)</type>
   <Default />
   <Null>Null</Null>
 </MESSAGE_DR>
 <MESSAGE_DR xmlns="MESSAGE_DR">
   <fname>DBT_TER_ACCTG_CUR</fname>
   <type>VARCHAR (3)</type>
   <Default />
   <Null>Null</Null>
 </MESSAGE_DR>
 <MESSAGE_DR xmlns="MESSAGE_DR">
   <fname>DBT_IBAN</fname>
   <type>VARCHAR (1)</type>
   <Default />
   <Null>Null</Null>
 </MESSAGE_DR>
 <MESSAGE_DR xmlns="MESSAGE_DR">
   <fname>DBT_PRULE_COPY</fname>
   <type>VARCHAR (11)</type>
   <Default />
   <Null>Null</Null>
 </MESSAGE_DR>
 <MESSAGE_DR xmlns="MESSAGE_DR">
   <fname>SBK_PRULE_COPY</fname>
   <type>VARCHAR (11)</type>
   <Default />
   <Null>Null</Null>
 </MESSAGE_DR>
 <MESSAGE_DR xmlns="MESSAGE_DR">
   <fname>DBT_PROC_RULE_STATE</fname>
   <type>VARCHAR (9)</type>
   <Default />
   <Null>Null</Null>
 </MESSAGE_DR>
 <MESSAGE_DR xmlns="MESSAGE_DR">
   <fname>SBK_PROC_RULE_STATE</fname>
   <type>VARCHAR (9)</type>
   <Default />
   <Null>Null</Null>
 </MESSAGE_DR>
 <MESSAGE_DR xmlns="MESSAGE_DR">
   <fname>DBT_SPC_INST1</fname>
   <type>VARCHAR (35)</type>
   <Default />
   <Null>Null</Null>
 </MESSAGE_DR>
 <MESSAGE_DR xmlns="MESSAGE_DR">
   <fname>DBT_SPC_INST2</fname>
   <type>VARCHAR (35)</type>
   <Default />
   <Null>Null</Null>
 </MESSAGE_DR>
 <MESSAGE_DR xmlns="MESSAGE_DR">
   <fname>DBT_SPC_INST3</fname>
   <type>VARCHAR (35)</type>
   <Default />
   <Null>Null</Null>
 </MESSAGE_DR>
 <MESSAGE_DR xmlns="MESSAGE_DR">
   <fname>DBT_COMM_CBL_FLG</fname>
   <type>VARCHAR (1)</type>
   <Default />
   <Null>Null</Null>
 </MESSAGE_DR>
</RGWTables>
